!Experimental and kinetic modeling study of 2-methyltetrahydrofuran oxidation under engine-relevant conditions
!Y. Fenard, M. A. Boumehdi and G. Vanhove
!
MTHF-2          2   492.450     5.450     0.000     0.000     1.000 
R2MTHF         2   489.100     5.429     0.000     0.000     1.000 
R3MTHF         2   489.100     5.429     0.000     0.000     1.000 
R4MTHF         2   489.100     5.429     0.000     0.000     1.000 
R5MTHF         2   489.100     5.429     0.000     0.000     1.000 
CH2MTHF         2   489.100     5.429     0.000     0.000     1.000
C*CYCCCCO     2   485.732     5.408     0.000     0.000     1.000 
CYCCC*C(C)O     2   485.732     5.408     0.000     0.000     1.000 
CYCC*CC(C)O     2   485.732     5.408     0.000     0.000     1.000 
CYC*CCC(C)O     2   485.732     5.408     0.000     0.000     1.000
O*CCYCCCCO     2   485.732     5.408     0.000     0.000     1.000 
CCYCC(*O)CCO     2   485.732     5.408     0.000     0.000     1.000 
CCYCCC(*O)CO     2   485.732     5.408     0.000     0.000     1.000 
CCYCCCC(*O)O     2   485.732     5.408     0.000     0.000     1.000
CJCCOC*C          2   489.100     5.429     0.000     0.000     1.000
OJCCCC*C          2   489.100     5.429     0.000     0.000     1.000
CJCOC(*C)C          2   489.100     5.429     0.000     0.000     1.000
CJCCC(*O)C          2   489.100     5.429     0.000     0.000     1.000
CJOC(C)C*C         2   489.100     5.429     0.000     0.000     1.000

OJCCC*CC   2   489.100     5.429     0.000     0.000     1.000 
C*CCC(C)OJ   2   489.100     5.429     0.000     0.000     1.000 
C*CCOCJC   2   489.100     5.429     0.000     0.000     1.000
C*COC(CJ)C    2   489.100     5.429     0.000     0.000     1.000 
O*CCCCJC   2   489.100     5.429     0.000     0.000     1.000
CYC*CCJC(C)O     2   485.732     5.408     0.000     0.000     1.000
CYCJC*CC(C)O     2   485.732     5.408     0.000     0.000     1.000
CYCC*CCJ(C)O     2   485.732     5.408     0.000     0.000     1.000
CYCCC*C(C)O     2   485.732     5.408     0.000     0.000     1.000
CYC(*O)CCCO      2   495.641     5.471     0.000     0.000     1.000
CYCCCCJO         2   440.598     5.113     0.000     0.000     1.000 
C3H5CHCHO       2   482.348     5.386     0.000     0.000     1.000
CYCJC(OH)CC(C)O 2   540.480     5.750     0.000     0.000     1.000 
HCOHCO           2   391.659     4.779     0.000     0.000     1.000
CC(*O)CYCCC      2   485.732     5.408     0.000     0.000     1.000
SC3H5COCH3     2   485.732     5.408     0.000     0.000     1.000
CH3COCO       2   395.0       4.037     1.3       0.0       1.0   
CYCCCJCO      2   377.786     5.308     0.000     0.000     1.000 
CYCCC*CO      2   380.115     5.132     0.000     0.000     1.000
CYCC*CCO      2   380.115     5.132     0.000     0.000     1.000
CYCCC(OH)CJO  2   436.400     5.352     0.000     0.000     1.000
CYCCJC*CO     2   378.951     5.220     0.000     0.000     1.000
CCYC(O)CCCO   2   639.455     6.230     0.000     0.000     0.000
CCYCC(O)CCO   2   639.455     6.230     0.000     0.000     0.000
CCYCCC(O)CO   2   639.455     6.230     0.000     0.000     0.000
CCYCCCC(O)O   2   639.455     6.230     0.000     0.000     0.000
OCCYCCCCO     2   639.455     6.230     0.000     0.000     0.000
CC(*O)CCCOJ   2   639.455     6.230     0.000     0.000     0.000
CCJOCCC*O     2   639.455     6.230     0.000     0.000     0.000
CJC(C)OCC*O   2   639.455     6.230     0.000     0.000     0.000
CC(OJ)CCC*O   2   639.455     6.230     0.000     0.000     0.000
CYCJCC*C(C)O  2   489.100     5.429     0.000     0.000     1.000

!VERSION:  NUIGMech_C5_July2015 
AR                            0   136.500     3.330     0.000     0.000     0.000 !
N2                            1    97.530     3.621     0.000     1.760     4.000 !
HE                            0    10.200     2.576     0.000     0.000     0.000 !
H2                            1    38.000     2.920     0.000     0.790   280.000 !
H                             0   145.000     2.050     0.000     0.000     0.000 !
O2                            1   107.400     3.458     0.000     1.600     3.800 !
O                             0    80.000     2.750     0.000     0.000     0.000 !
H2O                           2   572.400     2.605     1.844     0.000     4.000 !
OH                            1    80.000     2.750     0.000     0.000     0.000 !
OH*                           1    80.000     2.750     0.000     0.000     0.000 !
H2O2                          2   107.400     3.458     0.000     0.000     3.800 !
HO2                           2   107.400     3.458     0.000     0.000     1.000 !
CO                            1    98.100     3.650     0.000     1.950     1.800 !
CO2                           1   244.000     3.763     0.000     2.650     2.100 !
HOCO                          2   498.000     3.590     0.000     0.000     2.000 !
CH4                           2   141.400     3.746     0.000     2.600    13.000 !
CH3                           1   144.000     3.800     0.000     0.000     0.000 !
CH2                           1   144.000     3.800     0.000     0.000     0.000 !
CH2(S)                        1   144.000     3.800     0.000     0.000     0.000 !
C                             0    71.400     3.298     0.000     0.000     0.000 !
CH                            1    80.000     2.750     0.000     0.000     0.000 !
CH*                           1    80.000     2.750     0.000     0.000     0.000 !
CH3O2H                        2   481.800     3.626     0.000     0.000     1.000 !
CH3O2                         2   481.800     3.626     0.000     0.000     1.000 !
CH2O2H                        2   238.400     3.496     0.000     0.000     1.500 !
CH3OH                         2   481.800     3.626     0.000     0.000     1.000 !
CH3O                          2   417.000     3.690     1.700     0.000     2.000 !
CH2OH                         2   417.000     3.690     1.700     0.000     2.000 !
CH2O                          2   498.000     3.590     0.000     0.000     2.000 !
HCO                           2   498.000     3.590     0.000     0.000     0.000 !
HCOH                          2   498.000     3.590     0.000     0.000     1.000 !
HO2CHO                        2   436.000     3.970     0.000     0.000     2.000 !
HOCH2O2H                      2   481.800     3.626     1.700     0.000     1.000 !
HOCH2O2                       2   481.800     3.626     1.700     0.000     1.000 !
OCH2O2H                       2   481.800     3.626     1.700     0.000     1.000 !
HOCH2O                        2   470.600     4.410     0.000     0.000     1.500 !
O2CHO                         2   436.000     3.970     0.000     0.000     2.000 !
HOCHO                         2   436.000     3.970     0.000     0.000     2.000 !
OCHO                          2   498.000     3.590     0.000     0.000     2.000 !
C2H6                          2   247.500     4.350     0.000     0.000     1.500 !
C2H5                          2   247.500     4.350     0.000     0.000     1.500 !
C2H5O2H                       2   470.600     4.410     0.000     0.000     1.500 !
C2H5O2                        2   470.600     4.410     0.000     0.000     1.500 !
C2H4                          2   238.400     3.496     0.000     0.000     1.500 !
C2H3                          2   265.300     3.721     0.000     0.000     1.000 !
CHOCHO                        1   440.200     4.010     0.000     0.000     2.000 !
C2H2                          1   265.300     3.721     0.000     0.000     2.500 !
C2H                           1   265.300     3.721     0.000     0.000     2.500 !
H2CC                          2   209.000     4.100     0.000     0.000     2.500 !
C2H5OH                        2   470.600     4.410     0.000     0.000     1.500 !
C2H5O                         2   470.600     4.410     0.000     0.000     1.500 !
PC2H4OH                       2   470.600     4.410     0.000     0.000     1.500 !
SC2H4OH                       2   470.600     4.410     0.000     0.000     1.500 !
O2C2H4OH                      2   523.200     5.664     1.700     0.000     1.000 !
C2H4O2H                       2   470.600     4.410     0.000     0.000     1.500 !
C2H4O1-2                      2   436.000     3.970     0.000     0.000     2.000 !
C2H3O1-2                      2   436.000     3.970     0.000     0.000     2.000 !
CH3CHO                        2   436.000     3.970     0.000     0.000     2.000 !
CH3CO                         2   436.000     3.970     0.000     0.000     2.000 !
CH2CHO                        2   436.000     3.970     0.000     0.000     2.000 !
O2CH2CHO                      2   275.049     5.428     0.000     0.000     1.000 !
HO2CH2CO                      2   279.007     5.505     1.300     0.000     1.000 !
C2H3OH                        2   470.600     4.410     0.000     0.000     1.500 !
C2H2OH                        2   224.700     4.162     0.000     0.000     1.000 !
CH2CO                         2   436.000     3.970     0.000     0.000     2.000 !
HCCO                          2   150.000     2.500     0.000     0.000     1.000 !
HCCOH                         2   436.000     3.970     0.000     0.000     2.000 !
CH3CO3H                       2   436.000     3.970     0.000     0.000     2.000 !
CH3CO3                        2   436.000     3.970     0.000     0.000     2.000 !
CH3CO2                        2   436.000     3.970     0.000     0.000     2.000 !
CH3OCH3                       2   395.000     4.037     1.300     0.000     1.000 !
CH3OCH2                       2   395.000     4.037     1.300     0.000     1.000 !
CH3OCH2O2H                    2   395.000     4.037     1.300     0.000     1.000 !
CH3OCH2O2                     2   395.000     4.037     1.300     0.000     1.000 !
CH2OCH2O2H                    2   395.000     4.037     1.300     0.000     1.000 !
O2CH2OCH2O2H                  2   395.000     4.037     1.300     0.000     1.000 !
HO2CH2OCHO                    2   395.000     4.037     1.300     0.000     1.000 !
OCH2OCHO                      2   395.000     4.037     1.300     0.000     1.000 !
HOCH2OCO                      2   395.000     4.037     1.300     0.000     1.000 !
CH3OCH2O                      2   395.000     4.037     1.300     0.000     1.000 !
CH3OCHO                       2   395.000     4.037     1.300     0.000     1.000 !
CH3OCO                        2   395.000     4.037     1.300     0.000     1.000 !
CH2OCHO                       2   395.000     4.037     1.300     0.000     1.000 !
C3H8                          2   303.400     4.810     0.000     0.000     1.000 !
IC3H7                         2   303.400     4.810     0.000     0.000     1.000 !
NC3H7                         2   303.400     4.810     0.000     0.000     1.000 !
NC3H7O2H                      2   481.500     4.997     1.700     0.000     1.000 !
NC3H7O2                       2   481.500     4.997     1.700     0.000     1.000 !
IC3H7O2H                      2   459.500     5.036     1.700     0.000     1.000 !
IC3H7O2                       2   459.500     5.036     1.700     0.000     1.000 !
NC3H7O                        2   481.500     4.997     1.700     0.000     1.000 !
IC3H7O                        2   459.500     5.036     1.700     0.000     1.000 !
C3H6OOH1-2                    2   435.200     4.662     2.700     0.000     1.000 !
C3H6OOH1-3                    2   435.200     4.662     2.700     0.000     1.000 !
C3H6OOH2-1                    2   435.200     4.662     2.700     0.000     1.000 !
C3H6OOH1-2O2                  2   435.200     4.662     2.700     0.000     1.000 !
C3H6OOH1-3O2                  2   435.200     4.662     2.700     0.000     1.000 !
C3H6OOH2-1O2                  2   435.200     4.662     2.700     0.000     1.000 !
C3KET12                       2   464.200     5.009     2.600     0.000     1.000 !
C3KET13                       2   464.200     5.009     2.600     0.000     1.000 !
C3H51-2,3OOH                  2   549.655     5.716     0.000     0.000     0.000 !
C3H52-1,3OOH                  2   549.655     5.716     0.000     0.000     0.000 !
C3H5O1-2OOH-3                 2   464.200     5.009     2.600     0.000     1.000 !C3KET12
C3H5O1-3OOH-2                 2   464.200     5.009     2.600     0.000     1.000 !C3KET12
C3H6O1-2                      2   403.600     4.968     2.000     0.000     1.000 !
C3H6O1-3                      2   403.600     4.968     2.000     0.000     1.000 !
C3H6                          2   307.800     4.140     0.000     0.000     1.000 !
C3H5-A                        2   316.000     4.220     0.000     0.000     1.000 !
C3H5-S                        2   316.000     4.220     0.000     0.000     1.000 !
C3H5-T                        2   316.000     4.220     0.000     0.000     1.000 !
CC3H6                         2   307.800     4.140     0.000     0.000     1.000 !C3H6
C3H5O                         2   411.000     4.820     0.000     0.000     1.000 !
CH2CHOCH2                     2   411.000     4.820     0.000     0.000     1.000 !C3H5O
CH3CHCHO                      2   387.860     4.687     0.000     0.000     0.000 !
AC4H7OOH                      2   330.435     5.741     0.000     0.000     1.000 !
C3H6OH1-2                     2   487.900     4.820     0.000     0.000     1.000 !
CH3CHCO                       2   443.200     4.120     0.000     0.000     1.000 !
AC3H5OOH                      2   481.500     4.997     1.700     0.000     1.000 !
C2H3OOH                       2   436.000     3.970     0.000     0.000     2.000 !
C2H3OO                        2   436.000     3.970     0.000     0.000     2.000 !CH3CO2
CHCHO                         2   436.000     3.970     0.000     0.000     2.000 !HCCOH
C3H6OH2-1                     2   487.900     4.820     0.000     0.000     1.000 !
HOC3H6O2                      2   487.900     4.820     0.000     0.000     1.000 !1109
TQJC3H6OH                     2   464.200     5.009     2.600     0.000     1.000 !C3KET12
TQC3H6OI                      2   464.200     5.009     2.600     0.000     1.000 !C3KET12
QC3H5OHP                      2   464.200     5.009     2.600     0.000     1.000 !C3KET12
CCY(COC)OH                    2   481.500     4.997     1.700     0.000     1.000 !AC3H5OOH
IQJC3H6OH                     2   464.200     5.009     2.600     0.000     1.000 !C3KET12
IQC3H6OT                      2   464.200     5.009     2.600     0.000     1.000 !C3KET12
CY(COC)COH                    2   481.500     4.997     1.700     0.000     1.000 !AC3H5OOH
CHOCOHCH3                     2   481.500     4.997     1.700     0.000     1.000 !AC3H5OOH
CY(CCOC)OH                    2   481.500     4.997     1.700     0.000     1.000 !AC3H5OOH
TQC3H5OHI                     2   464.200     5.009     2.600     0.000     1.000 !C3KET12
TQC3H5OHIO2                   2   496.000     5.200     0.000     0.000     1.000 !C4H8OOH1-2O2
TQC3H5OHIQ-I                  2   496.000     5.200     0.000     0.000     1.000 !C4H8OOH1-2O2
TQC3H5OHIQ-P                  2   496.000     5.200     0.000     0.000     1.000 !C4H8OOH1-2O2
C2H3COHOOH                    2   464.200     5.009     2.600     0.000     1.000 !C3KET12
COHOOHCY(COC)                 2   502.200     5.356     1.800     0.000     1.000 !C4H8OH-1O2
OHCY(COCC)OOH                 2   502.200     5.356     1.800     0.000     1.000 !C4H8OH-1O2
TQC3H5OHTO2                   2   496.000     5.200     0.000     0.000     1.000 !C4H8OOH1-2O2
OHCOCOOHCH3                   2   502.200     5.356     1.800     0.000     1.000 !C4H8OH-1O2
IQC3H5OHPJ                    2   464.200     5.009     2.600     0.000     1.000 !C3KET12
IQC3H5OHPJO2                  2   496.000     5.200     0.000     0.000     1.000 !C4H8OOH1-2O2
IQC3H5OTQ-I                   2   496.000     5.200     0.000     0.000     1.000 !C4H8OOH1-2O2
CHOCH2OOH                     2   436.000     3.970     0.000     0.000     2.000 !CH3CO3H
IQC3H5OHQ-SJ                  2   496.000     5.200     0.000     0.000     1.000 !C4H8OOH1-2O2
SC3H5OH                       2   304.276     5.450     0.000     0.000     1.000 !
IC3H5OH                       2   459.500     5.036     1.700     0.000     1.000 !
C3H5OH                        2   481.500     4.997     1.700     0.000     1.000 !
CH2CCH2OH                     2   481.500     4.997     1.700     0.000     1.000 !
CHOCOHCH2OOH                  2   502.200     5.356     1.800     0.000     1.000 !C4H8OH-1O2
C3H4-P                        1   324.800     4.290     0.000     0.000     1.000 !
C3H4-A                        1   324.800     4.290     0.000     0.000     1.000 !
C3H3                          1   324.800     4.290     0.000     0.000     1.000 !
CC3H4                         1   252.000     4.760     0.000     0.000     1.000 !
C3H2                          2   209.000     4.100     0.000     0.000     1.000 !
H2CCC(S)                      2   265.300     3.721     0.000     0.000     1.000 !
C3H2(S)                       2   209.000     4.100     0.000     0.000     1.000 !
C3H2C                         1   290.616     4.368     0.000     0.000     1.000 !
PC3H4OH-2                     2   300.783     5.377     0.000     0.000     1.000 !
SC3H4OH                       2   298.893     5.345     0.000     0.000     1.000 !
C3H3O                         2   301.263     5.055     0.000     0.000     1.000 !
C3H3O2H                       2   301.658     5.310     0.000     0.000     1.000 !
C2HCHO                        2   343.033     4.884     0.000     0.000     1.000 !
C2H5CHO                       2   435.200     4.662     2.700     0.000     1.000 !
C2H5CO                        2   424.600     4.820     0.000     0.000     1.000 !
CH2CH2CHO                     2   424.600     4.820     0.000     0.000     1.000 !
C2H3CHO                       2   428.800     4.958     2.900     0.000     1.000 !
C2H3CO                        2   443.200     4.120     0.000     0.000     1.000 !
CH3COCH3                      2   435.500     4.860     0.000     0.000     1.000 !
CH3COCH2                      2   435.500     4.860     0.000     0.000     1.000 !
CH3COCH2O2                    2   502.115     5.429     0.000     0.000     0.000 !
CH3COCH2O                     2   447.639     5.086     0.000     0.000     0.000 !
C3KET21                       2   464.200     5.009     2.600     0.000     1.000 !
C4H10                         2   350.900     5.206     0.000     0.000     1.000 !
PC4H9                         2   352.000     5.240     0.000     0.000     1.000 !
SC4H9                         2   352.000     5.240     0.000     0.000     1.000 !
PC4H9O                        2   496.000     5.200     0.000     0.000     1.000 !
SC4H9O                        2   496.000     5.200     0.000     0.000     1.000 !
PC4H9O2                       2   496.000     5.200     0.000     0.000     1.000 !
SC4H9O2                       2   496.000     5.200     0.000     0.000     1.000 !
PC4H9O2H                      2   496.000     5.200     0.000     0.000     1.000 !
SC4H9O2H                      2   496.000     5.200     0.000     0.000     1.000 !
C4H8OOH1-2                    2   496.000     5.200     0.000     0.000     1.000 !
C4H8OOH1-3                    2   496.000     5.200     0.000     0.000     1.000 !
C4H8OOH1-4                    2   496.000     5.200     0.000     0.000     1.000 !
C4H8OOH2-1                    2   496.000     5.200     0.000     0.000     1.000 !
C4H8OOH2-3                    2   496.000     5.200     0.000     0.000     1.000 !
C4H8OOH2-4                    2   496.000     5.200     0.000     0.000     1.000 !
C4H8O1-2                      2   496.000     5.200     0.000     0.000     1.000 !
C4H8O1-3                      2   496.000     5.200     0.000     0.000     1.000 !
C4H8O1-4                      2   496.000     5.200     0.000     0.000     1.000 !
C4H8O2-3                      2   496.000     5.200     0.000     0.000     1.000 !
C4H8OOH1-2O2                  2   496.000     5.200     0.000     0.000     1.000 !
C4H8OOH1-3O2                  2   496.000     5.200     0.000     0.000     1.000 !
C4H8OOH1-4O2                  2   496.000     5.200     0.000     0.000     1.000 !
C4H8OOH2-1O2                  2   496.000     5.200     0.000     0.000     1.000 !
C4H8OOH2-3O2                  2   496.000     5.200     0.000     0.000     1.000 !
C4H8OOH2-4O2                  2   496.000     5.200     0.000     0.000     1.000 !
C4H71-2,4OOH                  2   496.000     5.200     0.000     0.000     1.000 !C4H8OOH1-2O2
C4H72-1,3OOH                  2   496.000     5.200     0.000     0.000     1.000 !C4H8OOH1-2O2
C4H72-1,4OOH                  2   496.000     5.200     0.000     0.000     1.000 !C4H8OOH1-2O2
C4H71-2,3OOH                  2   496.000     5.200     0.000     0.000     1.000 !C4H8OOH1-2O2
C4H7O1-3OOH-4                 2   476.000     5.778     2.600     0.000     1.000 !NC4KET12
C4H7O1-3OOH-2                 2   476.000     5.778     2.600     0.000     1.000 !NC4KET12
C4H7O1-2OOH-4                 2   476.000     5.778     2.600     0.000     1.000 !NC4KET12
C4H7O1-4OOH-2                 2   476.000     5.778     2.600     0.000     1.000 !NC4KET12
C4H7O1-2OOH-3                 2   476.000     5.778     2.600     0.000     1.000 !NC4KET12
C4H7O2-3OOH-1                 2   476.000     5.778     2.600     0.000     1.000 !NC4KET12
C4H72-1OOH                    2   496.000     5.200     0.000     0.000     1.000 !C4H8O2-3
NC4KET12                      2   476.000     5.778     2.600     0.000     1.000 !
NC4KET13                      2   476.000     5.778     2.600     0.000     1.000 !
NC4KET14                      2   476.000     5.778     2.600     0.000     1.000 !
NC4KET21                      2   476.000     5.778     2.600     0.000     1.000 !
NC4KET23                      2   476.000     5.778     2.600     0.000     1.000 !
NC4KET24                      2   476.000     5.778     2.600     0.000     1.000 !
C4H71-4OOH                    2   496.000     5.200     0.000     0.000     1.000 !C4H8O2-3
C4H71-3OOH                    2   496.000     5.200     0.000     0.000     1.000 !C4H8O2-3
C4H71-3,4OOH                  2   496.000     5.200     0.000     0.000     1.000 !C4H8OOH1-2O2
C4H72-3,4OOH                  2   496.000     5.200     0.000     0.000     1.000 !C4H8OOH1-2O2
HO2CH2CHO                     2   275.049     5.428     0.000     0.000     1.000 !O2CH2CHO
IC4H10                        2   335.700     5.208     0.100     0.000     1.000 !
IC4H9                         2   352.000     5.240     0.000     0.000     1.000 !
TC4H9                         2   352.000     5.240     0.000     0.000     1.000 !
TC4H9O                        2   496.000     5.200     0.000     0.000     1.000 !
IC4H9O                        2   496.000     5.200     0.000     0.000     1.000 !
IC4H8O                        2   436.400     5.352     0.000     0.000     1.000 !
IC3H7CHO                      2   436.400     5.352     0.000     0.000     1.000 !
IC3H7CO                       2   436.400     5.352     0.000     0.000     1.000 !
IC3H6CHO                      2   436.400     5.352     0.000     0.000     1.000 !
TC3H6CHO                      2   436.400     5.352     0.000     0.000     1.000 !
IC3H5CHO                      2   436.400     5.352     0.000     0.000     1.000 !
TC3H6O2CHO                    2   436.400     5.352     0.000     0.000     1.000 !
IC3H5O2HCHO                   2   436.400     5.352     0.000     0.000     1.000 !
TC3H6O2HCO                    2   436.400     5.352     0.000     0.000     1.000 !
TC3H6OCHO                     2   436.400     5.352     0.000     0.000     1.000 !
IC3H6CO                       2   436.400     5.352     0.000     0.000     1.000 !
IC3H5CO                       2   436.400     5.352     0.000     0.000     1.000 !
IC3H4CHO-A                    2   436.400     5.352     0.000     0.000     1.000 !IC3H5CO
SC4H7OH-I                     2   436.400     5.352     0.000     0.000     1.000 !IC4H8O
SC4H7OH-IP                    2   496.000     5.200     0.000     0.000     1.000 !C4H7O
IC4H9O2                       2   502.252     5.430     0.000     0.000     0.000 !
TC4H9O2                       2   502.252     5.430     0.000     0.000     0.000 !
IC4H8O2H-I                    2   502.200     5.356     1.800     0.000     1.000 !
IC4H8O2H-T                    2   502.200     5.356     1.800     0.000     1.000 !
TC4H8O2H-I                    2   502.200     5.356     1.800     0.000     1.000 !
CC4H8O                        2   444.197     5.063     0.000     0.000     0.000 !
IC4H8OOH-IO2                  2   600.078     6.009     0.000     0.000     0.000 !
IC4H8OOH-TO2                  2   600.078     6.009     0.000     0.000     0.000 !
TC4H8OOH-IO2                  2   600.078     6.009     0.000     0.000     0.000 !
IC4KETII                      2   549.655     5.716     0.000     0.000     0.000 !
IC4KETIT                      2   549.655     5.716     0.000     0.000     0.000 !
TIC4H7Q2-I                    2   600.078     6.009     0.000     0.000     0.000 !
IIC4H7Q2-I                    2   600.078     6.009     0.000     0.000     0.000 !
IIC4H7Q2-T                    2   600.078     6.009     0.000     0.000     0.000 !
IC4H7OOH                      2   436.400     5.352     0.000     0.000     1.000 !
IC4H9O2H                      2   505.540     5.450     0.000     0.000     0.000 !
TC4H9O2H                      2   505.540     5.450     0.000     0.000     0.000 !
IC4H8                         2   344.500     5.089     0.500     0.000     1.000 !
IC4H7                         2   355.000     4.650     0.000     0.000     1.000 !
CCYCCC                        2   344.500     5.089     0.500     0.000     1.000 !IC4H8
IC4H7-I1                      2   380.022     4.633     0.000     0.000     0.000 !
IC4H7O2                       2   436.400     5.352     0.000     0.000     1.000 !TC3H6OCHO
IC4H6OOH-I                    2   436.400     5.352     0.000     0.000     1.000 !TC3H6OCHO
CCYCCOOC-T1                   2   436.400     5.352     0.000     0.000     1.000 !TC3H6OCHO
C2CYCOOC-I1                   2   436.400     5.352     0.000     0.000     1.000 !TC3H6OCHO
IC4H7O                        2   496.000     5.200     0.000     0.000     1.000 !
C*CYCCOC                      2   436.400     5.352     0.000     0.000     1.000 !IC3H6CO
CCY(C2O)CO                    2   436.400     5.352     0.000     0.000     1.000 !TC3H6OCHO
CCYCCOOC-I2                   2   436.400     5.352     0.000     0.000     1.000 !TC3H6OCHO
CHOIC3H6O                     2   436.400     5.352     0.000     0.000     1.000 !TC3H6OCHO
IC3H5OOCH2                    2   436.400     5.352     0.000     0.000     1.000 !TC3H6OCHO
CCYCCO-T1                     2   411.000     4.820     0.000     0.000     1.000 !C3H5O
IC4H8OH-IT                    2   496.000     5.200     0.000     0.000     1.000 !PC4H9O
IC4H8OH-TI                    2   496.000     5.200     0.000     0.000     1.000 !PC4H9O
IC4H7OH                       2   502.200     5.356     1.800     0.000     1.000 !
IC4H8OH                       2   496.000     5.200     0.000     0.000     1.000 !
IC4H6OH                       2   502.200     5.356     1.800     0.000     1.000 !
TQJC4H8OH                     2   502.200     5.356     1.800     0.000     1.000 !C4H8OH-1O2
TQC4H8OI                      2   502.200     5.356     1.800     0.000     1.000 !C4H8OH-1O2
QC4H7OHP                      2   502.200     5.356     1.800     0.000     1.000 !C4H8OH-1O2
TQC4H7OHI                     2   502.200     5.356     1.800     0.000     1.000 !C4H8OH-1O2
CCY(CCO)COH                   2   436.400     5.352     0.000     0.000     1.000 !IC4H7OOH
C2CY(COC)OH                   2   436.400     5.352     0.000     0.000     1.000 !IC4H7OOH
IQJC4H8OH                     2   502.200     5.356     1.800     0.000     1.000 !C4H8OH-1O2
IC3H6OHCHO                    2   436.400     5.352     0.000     0.000     1.000 !IC4H7OOH
IQC4H8OT                      2   502.200     5.356     1.800     0.000     1.000 !C4H8OH-1O2
IQC4H7OHT                     2   502.200     5.356     1.800     0.000     1.000 !C4H8OH-1O2
CCY(CCOC)OH                   2   436.400     5.352     0.000     0.000     1.000 !IC4H7OOH
CH2COHCH2OOH                  2   464.200     5.009     2.600     0.000     1.000 !C3KET12
TC3H6OH                       2   459.500     5.036     1.700     0.000     1.000 !
TQC4H7OHIO2                   2   523.200     5.664     1.700     0.000     1.000 !C5H10OOH1-2O2
TQC4H7OHTO2                   2   523.200     5.664     1.700     0.000     1.000 !C5H10OOH1-2O2
TQC4H7OHIQ-I                  2   523.200     5.664     1.700     0.000     1.000 !C5H10OOH1-2O2
TQC4H7OHIQ-P                  2   523.200     5.664     1.700     0.000     1.000 !C5H10OOH1-2O2
IC3H5COHQ                     2   476.000     5.778     2.600     0.000     1.000 !NC4KET12
CH2CQCOHQ                     2   496.000     5.200     0.000     0.000     1.000 !C4H8OOH1-2O2
IC3H5Q                        2   481.500     4.997     1.700     0.000     1.000 !AC3H5OOH
COHQCYC(COC)                  2   597.176     5.992     0.000     0.000     0.000 !IC4H6Q2-II
QCYC(CCOC)OH                  2   597.176     5.992     0.000     0.000     0.000 !IC4H6Q2-II
HOCOCQ(CH3)2                  2   597.176     5.992     0.000     0.000     0.000 !IC4H6Q2-II
IQC4H7OHTO2                   2   523.200     5.664     1.700     0.000     1.000 !C5H10OOH1-2O2
IQC4H8OTQ-I                   2   523.200     5.664     1.700     0.000     1.000 !C5H10OOH1-2O2
IQC4H7OHTQ-P                  2   523.200     5.664     1.700     0.000     1.000 !C5H10OOH1-2O2
CHOC(CH3)OHCH2Q               2   597.176     5.992     0.000     0.000     0.000 !IC4H6Q2-II
CO(CH2OOH)2                   2   496.000     5.200     0.000     0.000     1.000 !C4H8OOH1-2O2
CH3COCHO                      2   301.658     5.310     0.000     0.000     1.000 !C3H3O2H
IC3H5OCH2                     2   496.000     5.200     0.000     0.000     1.000 !C4H7O
IC4H7OOCH3                    2   523.200     5.664     1.700     0.000     1.000 !C5H10OOH1-2O2
IC4H7OOIC4H7                  2   523.200     5.664     1.700     0.000     1.000 !C5H10OOH1-2O2
C4H8-1                        2   355.000     4.650     0.000     0.000     1.000 !
C4H8-2                        2   355.000     4.650     0.000     0.000     1.000 !
C4H71-1                       2   357.100     4.720     0.000     0.000     1.000 !
C4H71-2                       2   357.100     4.720     0.000     0.000     1.000 !
C4H71-3                       2   357.100     4.720     0.000     0.000     1.000 !
C4H71-4                       2   357.100     4.720     0.000     0.000     1.000 !
C4H72-2                       2   357.100     4.720     0.000     0.000     1.000 !
C4H71-O                       2   496.000     5.200     0.000     0.000     1.000 !
PC4H8OH-2                     2   496.000     5.200     0.000     0.000     1.000 !PC4H9O
SC4H8OH-1                     2   496.000     5.200     0.000     0.000     1.000 !PC4H9O
C4H8OH-1O2                    2   502.200     5.356     1.800     0.000     1.000 !
C4H8OH-2O2                    2   502.200     5.356     1.800     0.000     1.000 !
C4H6                          2   357.000     4.720     0.000     0.000     1.000 !
C4H612                        2   357.000     5.180     0.000     0.000     1.000 !
C4H6-2                        2   357.000     5.180     0.000     0.000     1.000 !
C4H5-I                        2   357.000     5.180     0.000     0.000     1.000 !
C4H5-N                        2   357.000     5.180     0.000     0.000     1.000 !
C4H5-2                        2   357.000     5.180     0.000     0.000     1.000 !
C4H4                          2   357.000     5.180     0.000     0.000     1.000 !
C4H3-I                        2   357.000     5.180     0.000     0.000     1.000 !
C4H3-N                        2   357.000     5.180     0.000     0.000     1.000 !
C4H2                          1   357.000     4.720     0.000     0.000     1.000 !
C4H6O25                       1   357.000     5.180     0.000     0.000     1.000 !
C2H3CHOCH2                    1   357.000     5.180     0.000     0.000     1.000 !
C4H4O                         1   357.000     5.180     0.000     0.000     1.000 !
C4H6O23                       1   357.000     5.180     0.000     0.000     1.000 !
CH2CHCHCHO                    1   357.000     5.180     0.000     0.000     1.000 !
H2C4O                         2   357.000     5.180     0.000     0.000     1.000 !
NC3H7CHO                      2   464.200     5.009     2.600     0.000     1.000 !
NC3H7CO                       2   464.200     5.009     2.600     0.000     1.000 !
C3H6CHO-1                     2   464.200     5.009     2.600     0.000     1.000 !
C3H6CHO-2                     2   464.200     5.009     2.600     0.000     1.000 !
C3H6CHO-3                     2   464.200     5.009     2.600     0.000     1.000 !
SC3H5CHO                      2   464.200     5.009     2.600     0.000     1.000 !
SC3H5CO                       2   464.200     5.009     2.600     0.000     1.000 !
C2H5COCH3                     2   454.000     5.413     3.300     0.000     1.000 !
C2H5COCH2                     2   454.000     5.413     3.300     0.000     1.000 !
CH2CH2COCH3                   2   440.584     5.040     0.000     0.000     0.000 !
CH3CHCOCH3                    2   440.584     5.040     0.000     0.000     0.000 !
C2H3COCH3                     2   454.000     5.413     3.300     0.000     1.000 !
CH3CHOOCOCH3                  2   546.562     5.698     0.000     0.000     0.000 !
CH2CHOOHCOCH3                 2   546.562     5.698     0.000     0.000     0.000 !
C2H5CHCO                      2   436.950     5.016     0.000     0.000     0.000 !
NC5H12                        2   391.700     5.591     0.000     0.000     1.000 !
C5H11-1                       2   523.200     5.664     1.700     0.000     1.000 !
C5H11-2                       2   523.200     5.664     1.700     0.000     1.000 !
C5H11-3                       2   523.200     5.664     1.700     0.000     1.000 !
C5H11O2H-1                    2   523.200     5.664     1.700     0.000     1.000 !
C5H11O2H-2                    2   523.200     5.664     1.700     0.000     1.000 !
C5H11O2H-3                    2   523.200     5.664     1.700     0.000     1.000 !
C5H11O2-1                     2   523.200     5.664     1.700     0.000     1.000 !
C5H11O2-2                     2   523.200     5.664     1.700     0.000     1.000 !
C5H11O2-3                     2   523.200     5.664     1.700     0.000     1.000 !
C5H11O-1                      2   523.200     5.664     1.700     0.000     1.000 !
C5H11O-2                      2   523.200     5.664     1.700     0.000     1.000 !
C5H11O-3                      2   523.200     5.664     1.700     0.000     1.000 !
C5H10OOH1-2                   2   523.200     5.664     1.700     0.000     1.000 !
C5H10OOH1-3                   2   523.200     5.664     1.700     0.000     1.000 !
C5H10OOH1-4                   2   523.200     5.664     1.700     0.000     1.000 !
C5H10OOH1-5                   2   546.691     5.698     0.000     0.000     0.000 !
C5H10OOH2-1                   2   523.200     5.664     1.700     0.000     1.000 !
C5H10OOH2-3                   2   523.200     5.664     1.700     0.000     1.000 !
C5H10OOH2-4                   2   523.200     5.664     1.700     0.000     1.000 !
C5H10OOH2-5                   2   523.200     5.664     1.700     0.000     1.000 !
C5H10OOH3-1                   2   523.200     5.664     1.700     0.000     1.000 !
C5H10OOH3-2                   2   523.200     5.664     1.700     0.000     1.000 !
C5H10O1-2                     2   523.200     5.664     1.700     0.000     1.000 !
C5H10O1-3                     2   523.200     5.664     1.700     0.000     1.000 !
C5H10O1-4                     2   523.200     5.664     1.700     0.000     1.000 !
C5H10O1-5                     2   523.200     5.664     1.700     0.000     1.000 !
C5H10O2-3                     2   523.200     5.664     1.700     0.000     1.000 !
C5H10O2-4                     2   523.200     5.664     1.700     0.000     1.000 !
C5H10OOH1-2O2                 2   523.200     5.664     1.700     0.000     1.000 !
C5H10OOH1-3O2                 2   523.200     5.664     1.700     0.000     1.000 !
C5H10OOH1-4O2                 2   523.200     5.664     1.700     0.000     1.000 !
C5H10OOH1-5O2                 2   523.200     5.664     1.700     0.000     1.000 !
C5H10OOH2-1O2                 2   523.200     5.664     1.700     0.000     1.000 !
C5H10OOH2-3O2                 2   523.200     5.664     1.700     0.000     1.000 !
C5H10OOH2-4O2                 2   523.200     5.664     1.700     0.000     1.000 !
C5H10OOH2-5O2                 2   523.200     5.664     1.700     0.000     1.000 !
C5H10OOH3-1O2                 2   523.200     5.664     1.700     0.000     1.000 !
C5H10OOH3-2O2                 2   523.200     5.664     1.700     0.000     1.000 !
C5H91-2,3OOH                  2   523.200     5.664     1.700     0.000     1.000 !C5H10OOH1-2O2
C5H91-2,4OOH                  2   523.200     5.664     1.700     0.000     1.000 !C5H10OOH1-2O2
C5H91-2,5OOH                  2   523.200     5.664     1.700     0.000     1.000 !C5H10OOH1-2O2
C5H91-3,4OOH                  2   523.200     5.664     1.700     0.000     1.000 !C5H10OOH1-2O2
C5H91-3,5OOH                  2   523.200     5.664     1.700     0.000     1.000 !C5H10OOH1-2O2
C5H91-4,5OOH                  2   523.200     5.664     1.700     0.000     1.000 !C5H10OOH1-2O2
C5H92-1,3OOH                  2   523.200     5.664     1.700     0.000     1.000 !C5H10OOH1-2O2
C5H92-1,4OOH                  2   523.200     5.664     1.700     0.000     1.000 !C5H10OOH1-2O2
C5H92-1,5OOH                  2   523.200     5.664     1.700     0.000     1.000 !C5H10OOH1-2O2
C5H92-3,4OOH                  2   523.200     5.664     1.700     0.000     1.000 !C5H10OOH1-2O2
C5H92-3,5OOH                  2   523.200     5.664     1.700     0.000     1.000 !C5H10OOH1-2O2
C5H92-4,5OOH                  2   523.200     5.664     1.700     0.000     1.000 !C5H10OOH1-2O2
C5H93-1,2OOH                  2   523.200     5.664     1.700     0.000     1.000 !C5H10OOH1-2O2
C5H93-1,4OOH                  2   523.200     5.664     1.700     0.000     1.000 !C5H10OOH1-2O2
C5H93-1,5OOH                  2   523.200     5.664     1.700     0.000     1.000 !C5H10OOH1-2O2
C5H93-2,4OOH                  2   523.200     5.664     1.700     0.000     1.000 !C5H10OOH1-2O2
C5H91-3OOH                    2   523.200     5.664     1.700     0.000     1.000 !C5H10OOH1-2O2
C5H91-4OOH                    2   523.200     5.664     1.700     0.000     1.000 !C5H10OOH1-2O2
C5H91-5OOH                    2   523.200     5.664     1.700     0.000     1.000 !C5H10OOH1-2O2
C5H92-1OOH                    2   523.200     5.664     1.700     0.000     1.000 !C5H10OOH1-2O2
C5H92-4OOH                    2   523.200     5.664     1.700     0.000     1.000 !C5H10OOH1-2O2
C5H92-5OOH                    2   523.200     5.664     1.700     0.000     1.000 !C5H10OOH1-2O2
C5H9O1-2OOH-3                 2   523.200     5.664     1.700     0.000     1.000 !C5H10OOH1-2O2
C5H9O1-2OOH-4                 2   523.200     5.664     1.700     0.000     1.000 !C5H10OOH1-2O2
C5H9O1-2OOH-5                 2   523.200     5.664     1.700     0.000     1.000 !C5H10OOH1-2O2
C5H9O1-3OOH-2                 2   523.200     5.664     1.700     0.000     1.000 !C5H10OOH1-2O2
C5H9O1-3OOH-4                 2   523.200     5.664     1.700     0.000     1.000 !C5H10OOH1-2O2
C5H9O1-3OOH-5                 2   523.200     5.664     1.700     0.000     1.000 !C5H10OOH1-2O2
C5H9O1-4OOH-2                 2   523.200     5.664     1.700     0.000     1.000 !C5H10OOH1-2O2
C5H9O1-4OOH-3                 2   523.200     5.664     1.700     0.000     1.000 !C5H10OOH1-2O2
C5H9O1-4OOH-5                 2   523.200     5.664     1.700     0.000     1.000 !C5H10OOH1-2O2
C5H9O1-5OOH-2                 2   523.200     5.664     1.700     0.000     1.000 !C5H10OOH1-2O2
C5H9O1-5OOH-3                 2   523.200     5.664     1.700     0.000     1.000 !C5H10OOH1-2O2
C5H9O2-3OOH-1                 2   523.200     5.664     1.700     0.000     1.000 !C5H10OOH1-2O2
C5H9O2-3OOH-4                 2   523.200     5.664     1.700     0.000     1.000 !C5H10OOH1-2O2
C5H9O2-3OOH-5                 2   523.200     5.664     1.700     0.000     1.000 !C5H10OOH1-2O2
C5H9O2-4OOH-1                 2   523.200     5.664     1.700     0.000     1.000 !C5H10OOH1-2O2
C5H9O2-4OOH-3                 2   523.200     5.664     1.700     0.000     1.000 !C5H10OOH1-2O2
C5H9O1-2O-5                   2   523.200     5.664     1.700     0.000     1.000 !C5H10OOH1-2O2
CH2CH2OCH2CH2CHO              2   494.800     6.174     1.800     0.000     1.000 !NC5KET12
NC5KET12                      2   494.800     6.174     1.800     0.000     1.000 !
NC5KET13                      2   494.800     6.174     1.800     0.000     1.000 !
NC5KET14                      2   494.800     6.174     1.800     0.000     1.000 !
NC5KET15                      2   494.800     6.174     1.800     0.000     1.000 !
NC5KET21                      2   494.800     6.174     1.800     0.000     1.000 !
NC5KET23                      2   494.800     6.174     1.800     0.000     1.000 !
NC5KET24                      2   494.800     6.174     1.800     0.000     1.000 !
NC5KET25                      2   494.800     6.174     1.800     0.000     1.000 !
NC5KET31                      2   494.800     6.174     1.800     0.000     1.000 !
NC5KET32                      2   494.800     6.174     1.800     0.000     1.000 !
CHOC4H8O                      2   494.800     6.174     1.800     0.000     1.000 !NC5KET12
CHOCH2CH2C2H4O                2   494.800     6.174     1.800     0.000     1.000 !NC5KET12
CHOCH2CH2CH2CH2O              2   494.800     6.174     1.800     0.000     1.000 !NC5KET12
C3H7COCH2O                    2   494.800     6.174     1.800     0.000     1.000 !NC5KET12
CH3COC3H6O                    2   494.800     6.174     1.800     0.000     1.000 !NC5KET12
CH3COCH2CH2CH2O               2   494.800     6.174     1.800     0.000     1.000 !NC5KET12
C2H5COC2H4O                   2   494.800     6.174     1.800     0.000     1.000 !NC5KET12
CH3COCH2C2H4O                 2   494.800     6.174     1.800     0.000     1.000 !NC5KET12
CHOCH2C3H6O                   2   494.800     6.174     1.800     0.000     1.000 !NC5KET12
C2H5COCH2CH2O                 2   494.800     6.174     1.800     0.000     1.000 !NC5KET12
C5H10OH-1                     2   523.200     5.664     1.700     0.000     1.000 !
C5H10OH-2                     2   523.200     5.664     1.700     0.000     1.000 !
O2C5H10OH-1                   2   588.653     5.943     0.000     0.000     0.000 !
O2C5H10OH-2                   2   588.653     5.943     0.000     0.000     0.000 !
OCH2CHO                       2   496.000     5.200     0.000     0.000     1.000 !HOCH2CHO
CH2OCH2CHO                    2   464.200     5.009     2.600     0.000     1.000 !C3KET12
C2H4OCHO                      2   464.200     5.009     2.600     0.000     1.000 !C3KET12
C4H7O1-4                      2   476.000     5.778     2.600     0.000     1.000 !
IC5H12                        2   382.100     5.548     0.000     0.000     1.000 !
AC5H11                        2   440.735     5.041     0.000     0.000     0.000 !
BC5H11                        2   440.735     5.041     0.000     0.000     0.000 !
CC5H11                        2   440.735     5.041     0.000     0.000     0.000 !
DC5H11                        2   440.735     5.041     0.000     0.000     0.000 !
AC5H9O-A2                     2   396.800     5.458     0.000     0.000     1.000 !C5H91-3
AC5H11O2H                     2   549.783     5.717     0.000     0.000     0.000 !
BC5H11O2H                     2   549.783     5.717     0.000     0.000     0.000 !
CC5H11O2H                     2   549.783     5.717     0.000     0.000     0.000 !
DC5H11O2H                     2   549.783     5.717     0.000     0.000     0.000 !
AC5H11O2                      2   546.691     5.698     0.000     0.000     0.000 !
BC5H11O2                      2   546.691     5.698     0.000     0.000     0.000 !
CC5H11O2                      2   546.691     5.698     0.000     0.000     0.000 !
DC5H11O2                      2   546.691     5.698     0.000     0.000     0.000 !
AC5H11O                       2   523.200     5.664     1.700     0.000     1.000 !
BC5H11O                       2   523.200     5.664     1.700     0.000     1.000 !
CC5H11O                       2   523.200     5.664     1.700     0.000     1.000 !
DC5H11O                       2   523.200     5.664     1.700     0.000     1.000 !
AC5H10OOH-A                   2   546.691     5.698     0.000     0.000     0.000 !
AC5H10OOH-B                   2   546.691     5.698     0.000     0.000     0.000 !
AC5H10OOH-C                   2   546.691     5.698     0.000     0.000     0.000 !
AC5H10OOH-D                   2   546.691     5.698     0.000     0.000     0.000 !
BC5H10OOH-A                   2   546.691     5.698     0.000     0.000     0.000 !
BC5H10OOH-C                   2   546.691     5.698     0.000     0.000     0.000 !
BC5H10OOH-D                   2   546.691     5.698     0.000     0.000     0.000 !
CC5H10OOH-A                   2   546.691     5.698     0.000     0.000     0.000 !
CC5H10OOH-B                   2   546.691     5.698     0.000     0.000     0.000 !
CC5H10OOH-D                   2   546.691     5.698     0.000     0.000     0.000 !
DC5H10OOH-A                   2   546.691     5.698     0.000     0.000     0.000 !
DC5H10OOH-B                   2   546.691     5.698     0.000     0.000     0.000 !
DC5H10OOH-C                   2   546.691     5.698     0.000     0.000     0.000 !
A-AC5H10O                     2   492.434     5.369     0.000     0.000     0.000 !
A-BC5H10O                     2   492.434     5.369     0.000     0.000     0.000 !
A-CC5H10O                     2   492.434     5.369     0.000     0.000     0.000 !
A-DC5H10O                     2   492.434     5.369     0.000     0.000     0.000 !
B-CC5H10O                     2   492.434     5.369     0.000     0.000     0.000 !
B-DC5H10O                     2   492.434     5.369     0.000     0.000     0.000 !
C-DC5H10O                     2   492.434     5.369     0.000     0.000     0.000 !
AC5H10OOH-AO2                 2   639.455     6.230     0.000     0.000     0.000 !
AC5H10OOH-BO2                 2   639.455     6.230     0.000     0.000     0.000 !
AC5H10OOH-CO2                 2   639.455     6.230     0.000     0.000     0.000 !
AC5H10OOH-DO2                 2   639.455     6.230     0.000     0.000     0.000 !
BC5H10OOH-AO2                 2   639.455     6.230     0.000     0.000     0.000 !
BC5H10OOH-CO2                 2   639.455     6.230     0.000     0.000     0.000 !
BC5H10OOH-DO2                 2   639.455     6.230     0.000     0.000     0.000 !
CC5H10OOH-AO2                 2   639.455     6.230     0.000     0.000     0.000 !
CC5H10OOH-BO2                 2   639.455     6.230     0.000     0.000     0.000 !
CC5H10OOH-DO2                 2   639.455     6.230     0.000     0.000     0.000 !
DC5H10OOH-AO2                 2   639.455     6.230     0.000     0.000     0.000 !
DC5H10OOH-BO2                 2   639.455     6.230     0.000     0.000     0.000 !
DC5H10OOH-CO2                 2   639.455     6.230     0.000     0.000     0.000 !
C5H9A-A,BOOH                  2   523.200     5.664     1.700     0.000     1.000 !C5H10OOH1-2O2
C5H9A-A,COOH                  2   523.200     5.664     1.700     0.000     1.000 !C5H10OOH1-2O2
C5H9A-A,DOOH                  2   523.200     5.664     1.700     0.000     1.000 !C5H10OOH1-2O2
C5H9A-B,COOH                  2   523.200     5.664     1.700     0.000     1.000 !C5H10OOH1-2O2
C5H9A-B,DOOH                  2   523.200     5.664     1.700     0.000     1.000 !C5H10OOH1-2O2
C5H9A-C,DOOH                  2   523.200     5.664     1.700     0.000     1.000 !C5H10OOH1-2O2
C5H9B-A,AOOH                  2   523.200     5.664     1.700     0.000     1.000 !C5H10OOH1-2O2
C5H9B-A,COOH                  2   523.200     5.664     1.700     0.000     1.000 !C5H10OOH1-2O2
C5H9B-A,DOOH                  2   523.200     5.664     1.700     0.000     1.000 !C5H10OOH1-2O2
C5H9B-C,DOOH                  2   523.200     5.664     1.700     0.000     1.000 !C5H10OOH1-2O2
C5H9C-A,AOOH                  2   523.200     5.664     1.700     0.000     1.000 !C5H10OOH1-2O2
C5H9C-A,BOOH                  2   523.200     5.664     1.700     0.000     1.000 !C5H10OOH1-2O2
C5H9C-A,DOOH                  2   523.200     5.664     1.700     0.000     1.000 !C5H10OOH1-2O2
C5H9C-B,DOOH                  2   523.200     5.664     1.700     0.000     1.000 !C5H10OOH1-2O2
C5H9D-A,AOOH                  2   523.200     5.664     1.700     0.000     1.000 !C5H10OOH1-2O2
C5H9D-A,BOOH                  2   523.200     5.664     1.700     0.000     1.000 !C5H10OOH1-2O2
C5H9D-A,COOH                  2   523.200     5.664     1.700     0.000     1.000 !C5H10OOH1-2O2
C5H9D-B,COOH                  2   523.200     5.664     1.700     0.000     1.000 !C5H10OOH1-2O2
C5H9A-AOOH                    2   523.200     5.664     1.700     0.000     1.000 !C5H10OOH1-2O2
C5H9A-COOH                    2   523.200     5.664     1.700     0.000     1.000 !C5H10OOH1-2O2
C5H9A-DOOH                    2   523.200     5.664     1.700     0.000     1.000 !C5H10OOH1-2O2
C5H9B-AOOH                    2   523.200     5.664     1.700     0.000     1.000 !C5H10OOH1-2O2
C5H9B-DOOH                    2   523.200     5.664     1.700     0.000     1.000 !C5H10OOH1-2O2
C5H9C-AOOH                    2   523.200     5.664     1.700     0.000     1.000 !C5H10OOH1-2O2
C5H9C-BOOH                    2   523.200     5.664     1.700     0.000     1.000 !C5H10OOH1-2O2
C5H9OA-AOOH-B                 2   523.200     5.664     1.700     0.000     1.000 !C5H10OOH1-2O2
C5H9OA-AOOH-C                 2   523.200     5.664     1.700     0.000     1.000 !C5H10OOH1-2O2
C5H9OA-AOOH-D                 2   523.200     5.664     1.700     0.000     1.000 !C5H10OOH1-2O2
C5H9OA-BOOH-A                 2   523.200     5.664     1.700     0.000     1.000 !C5H10OOH1-2O2
C5H9OA-BOOH-C                 2   523.200     5.664     1.700     0.000     1.000 !C5H10OOH1-2O2
C5H9OA-BOOH-D                 2   523.200     5.664     1.700     0.000     1.000 !C5H10OOH1-2O2
C5H9OA-COOH-A                 2   523.200     5.664     1.700     0.000     1.000 !C5H10OOH1-2O2
C5H9OA-COOH-B                 2   523.200     5.664     1.700     0.000     1.000 !C5H10OOH1-2O2
C5H9OA-COOH-D                 2   523.200     5.664     1.700     0.000     1.000 !C5H10OOH1-2O2
C5H9OA-DOOH-A                 2   523.200     5.664     1.700     0.000     1.000 !C5H10OOH1-2O2
C5H9OA-DOOH-B                 2   523.200     5.664     1.700     0.000     1.000 !C5H10OOH1-2O2
C5H9OA-DOOH-C                 2   523.200     5.664     1.700     0.000     1.000 !C5H10OOH1-2O2
C5H9OB-COOH-A                 2   523.200     5.664     1.700     0.000     1.000 !C5H10OOH1-2O2
C5H9OB-COOH-D                 2   523.200     5.664     1.700     0.000     1.000 !C5H10OOH1-2O2
C5H9OB-DOOH-A                 2   523.200     5.664     1.700     0.000     1.000 !C5H10OOH1-2O2
C5H9OB-DOOH-C                 2   523.200     5.664     1.700     0.000     1.000 !C5H10OOH1-2O2
C5H9OC-DOOH-A                 2   523.200     5.664     1.700     0.000     1.000 !C5H10OOH1-2O2
C5H9OC-DOOH-B                 2   523.200     5.664     1.700     0.000     1.000 !C5H10OOH1-2O2
CH3COCH2OCH2CH2               2   494.800     6.174     1.800     0.000     1.000 !NC5KET12
IC5KETAA                      2   591.463     5.959     0.000     0.000     0.000 !
IC5KETAB                      2   591.463     5.959     0.000     0.000     0.000 !
IC5KETAC                      2   591.463     5.959     0.000     0.000     0.000 !
IC5KETAD                      2   591.463     5.959     0.000     0.000     0.000 !
IC5KETCA                      2   591.463     5.959     0.000     0.000     0.000 !
IC5KETCB                      2   591.463     5.959     0.000     0.000     0.000 !
IC5KETCD                      2   591.463     5.959     0.000     0.000     0.000 !
IC5KETDA                      2   591.463     5.959     0.000     0.000     0.000 !
IC5KETDB                      2   591.463     5.959     0.000     0.000     0.000 !
IC5KETDC                      2   591.463     5.959     0.000     0.000     0.000 !
C2H5CH(CH2O)CHO               2   494.800     6.174     1.800     0.000     1.000 !NC5KET12
C3H5O(CH3)CHO                 2   494.800     6.174     1.800     0.000     1.000 !NC5KET12
C2H4OCH(CH3)CHO               2   494.800     6.174     1.800     0.000     1.000 !NC5KET12
CH2OC3H6CHO                   2   494.800     6.174     1.800     0.000     1.000 !NC5KET12
CH3COCH(CH3)CH2O              2   494.800     6.174     1.800     0.000     1.000 !NC5KET12
CH3CO(CH3)C2H3O               2   494.800     6.174     1.800     0.000     1.000 !NC5KET12
CH2OCOCH(CH3)CH3              2   494.800     6.174     1.800     0.000     1.000 !NC5KET12
CHOC3H6CH2O                   2   494.800     6.174     1.800     0.000     1.000 !NC5KET12
CHOCH2(CH3)C2H3O              2   494.800     6.174     1.800     0.000     1.000 !NC5KET12
CHOCHOCH(CH3)CH3              2   494.800     6.174     1.800     0.000     1.000 !NC5KET12
AC5H10OH                      2   523.200     5.664     1.700     0.000     1.000 !C5H10OH-1
BC5H10OH                      2   523.200     5.664     1.700     0.000     1.000 !C5H10OH-1
CC5H10OH                      2   523.200     5.664     1.700     0.000     1.000 !C5H10OH-1
AO2C5H10OH                    2   524.200     5.649     1.670    10.420     1.000 !C5H10OH-1O2
BO2C5H10OH                    2   524.200     5.649     1.670    10.420     1.000 !C5H10OH-1O2
CO2C5H10OH                    2   524.200     5.649     1.670    10.420     1.000 !C5H10OH-1O2
IC3H5COCH3                    2   485.716     5.327     0.000     0.000     0.000 !
IC3H5COCH2                    2   482.331     5.306     0.000     0.000     0.000 !
AC3H4COCH3                    2   482.331     5.306     0.000     0.000     0.000 !
C4H7O2-1                      2   436.400     5.352     0.000     0.000     1.000 !IC4H7OOH
AC3H5OCH2                     2   523.200     5.664     1.700     0.000     1.000 !SC3H5OCH2
SC3H5OOH                      2   481.500     4.997     1.700     0.000     1.000 !AC3H5OOH
NEOC5H12                      2   444.347     5.064     0.000     0.000     0.000 !
NEOC5H11                      2   440.735     5.041     0.000     0.000     0.000 !
NEOC5H11O2H                   2   549.783     5.717     0.000     0.000     0.000 !
NEOC5H11O2                    2   546.691     5.698     0.000     0.000     0.000 !
NEOC5H11O                     2   495.769     5.390     0.000     0.000     0.000 !
NEOC5H10OOH                   2   546.691     5.698     0.000     0.000     0.000 !
NEO-C5H10O                    2   492.434     5.369     0.000     0.000     0.000 !
NEOC5H10OOH-O2                2   639.455     6.230     0.000     0.000     0.000 !
NEOC5H9Q2                     2   639.455     6.230     0.000     0.000     0.000 !
NEOC5KET                      2   591.463     5.959     0.000     0.000     0.000 !
NEOC5KETOX                    2   540.467     5.661     0.000     0.000     0.000 !
NEOC5KEJOL                    2   540.467     5.661     0.000     0.000     0.000 !
IC4H6Q2-II                    2   597.176     5.992     0.000     0.000     0.000 !
NEOC5H9O-OOH                  2   524.200     5.649     1.670    10.420     1.000 !C5H10OH-1O2
C5H10-1                       2   386.200     5.489     0.400     0.000     1.000 !
C5H10-2                       2   396.800     5.458     0.000     0.000     1.000 !
C5H81-3                       2   408.000     5.200     0.000     0.000     1.000 !
C5H91-3                       2   396.800     5.458     0.000     0.000     1.000 !
C5H91-4                       2   396.800     5.458     0.000     0.000     1.000 !
C5H91-5                       2   396.800     5.458     0.000     0.000     1.000 !
C5H92-4                       2   396.800     5.458     0.000     0.000     1.000 !
C5H92-5                       2   396.800     5.458     0.000     0.000     1.000 !
C5H9O1-3                      2   523.200     5.664     1.700     0.000     1.000 !
C5H9O2-4                      2   523.200     5.664     1.700     0.000     1.000 !
BC5H10                        2   391.400     5.550     0.000     0.000     1.000 !
CC5H10                        2   437.102     5.017     0.000     0.000     0.000 !
CC5H9-A                       2   396.800     5.458     0.000     0.000     1.000 !C5H91-3
CC5H9-B                       2   396.800     5.458     0.000     0.000     1.000 !C5H91-3
AC5H9O-C                      2   396.800     5.458     0.000     0.000     1.000 !C5H91-3
CC5H9O-B                      2   396.800     5.458     0.000     0.000     1.000 !C5H91-3
AC5H10                        2   386.600     5.532     0.500     0.000     1.000 !
AC5H9-A2                      2   396.800     5.458     0.000     0.000     1.000 !C5H91-3
AC5H9-C                       2   396.800     5.458     0.000     0.000     1.000 !C5H91-3
AC5H9-D                       2   396.800     5.458     0.000     0.000     1.000 !C5H91-3
B2E2M1OJ                      2   523.200     5.664     1.700     0.000     1.000 !C5H9O1-3
B13DE2M                       2   408.000     5.200     0.000     0.000     1.000 !C5H81-3
B13DE2MJ                      2   408.000     5.200     0.000     0.000     1.000 !C5H7
B12DE3M                       2   408.000     5.200     0.000     0.000     1.000 !C5H81-3
B2E3M1OJ                      2   523.200     5.664     1.700     0.000     1.000 !C5H9O1-3
TC4H8CHO                      2   476.000     5.778     2.600     0.000     1.000 !
O2C4H8CHO                     2   588.531     5.942     0.000     0.000     0.000 !
O2HC4H8CO                     2   588.531     5.942     0.000     0.000     0.000 !
NC6H14                        2   427.400     5.946     0.000     0.000     1.000 !
C6H13-1                       2   489.224     5.349     0.000     0.000     0.000 !
C6H13-2                       2   489.224     5.349     0.000     0.000     0.000 !
C6H13-3                       2   489.224     5.349     0.000     0.000     0.000 !
C6H13OOH-1                    2   541.500     5.674     1.800     0.000     1.000 !AC6H12OOH-AO2
C6H13OOH-2                    2   541.500     5.674     1.800     0.000     1.000 !AC6H12OOH-AO2
C6H13OOH-3                    2   541.500     5.674     1.800     0.000     1.000 !AC6H12OOH-AO2
C6H13O2-1                     2   588.653     5.943     0.000     0.000     0.000 !
C6H13O2-2                     2   588.653     5.943     0.000     0.000     0.000 !
C6H13O2-3                     2   588.653     5.943     0.000     0.000     0.000 !
C6H13O-1                      2   540.597     5.662     0.000     0.000     0.000 !
C6H13O-2                      2   540.597     5.662     0.000     0.000     0.000 !
C6H13O-3                      2   540.597     5.662     0.000     0.000     0.000 !
C6H12OOH1-2                   2   588.653     5.943     0.000     0.000     0.000 !
C6H12OOH1-3                   2   588.653     5.943     0.000     0.000     0.000 !
C6H12OOH1-4                   2   588.653     5.943     0.000     0.000     0.000 !
C6H12OOH1-5                   2   588.653     5.943     0.000     0.000     0.000 !
C6H12OOH2-1                   2   588.653     5.943     0.000     0.000     0.000 !
C6H12OOH2-3                   2   588.653     5.943     0.000     0.000     0.000 !
C6H12OOH2-4                   2   588.653     5.943     0.000     0.000     0.000 !
C6H12OOH2-5                   2   588.653     5.943     0.000     0.000     0.000 !
C6H12OOH2-6                   2   588.653     5.943     0.000     0.000     0.000 !
C6H12OOH3-1                   2   588.653     5.943     0.000     0.000     0.000 !
C6H12OOH3-2                   2   588.653     5.943     0.000     0.000     0.000 !
C6H12OOH3-4                   2   588.653     5.943     0.000     0.000     0.000 !
C6H12OOH3-5                   2   588.653     5.943     0.000     0.000     0.000 !
C6H12OOH3-6                   2   588.653     5.943     0.000     0.000     0.000 !
C6H12O1-2                     2   537.467     5.643     0.000     0.000     0.000 !
C6H12O1-3                     2   537.467     5.643     0.000     0.000     0.000 !
C6H12O1-4                     2   537.467     5.643     0.000     0.000     0.000 !
C6H12O1-5                     2   537.467     5.643     0.000     0.000     0.000 !
C6H12O2-3                     2   537.467     5.643     0.000     0.000     0.000 !
C6H12O2-4                     2   537.467     5.643     0.000     0.000     0.000 !
C6H12O2-5                     2   537.467     5.643     0.000     0.000     0.000 !
C6H12O3-4                     2   537.467     5.643     0.000     0.000     0.000 !
C6H12OOH1-2O2                 2   677.149     6.436     0.000     0.000     0.000 !
C6H12OOH1-3O2                 2   677.149     6.436     0.000     0.000     0.000 !
C6H12OOH1-4O2                 2   677.149     6.436     0.000     0.000     0.000 !
C6H12OOH1-5O2                 2   677.149     6.436     0.000     0.000     0.000 !
C6H12OOH2-1O2                 2   677.149     6.436     0.000     0.000     0.000 !
C6H12OOH2-3O2                 2   677.149     6.436     0.000     0.000     0.000 !
C6H12OOH2-4O2                 2   677.149     6.436     0.000     0.000     0.000 !
C6H12OOH2-5O2                 2   677.149     6.436     0.000     0.000     0.000 !
C6H12OOH2-6O2                 2   677.149     6.436     0.000     0.000     0.000 !
C6H12OOH3-1O2                 2   677.149     6.436     0.000     0.000     0.000 !
C6H12OOH3-2O2                 2   677.149     6.436     0.000     0.000     0.000 !
C6H12OOH3-4O2                 2   677.149     6.436     0.000     0.000     0.000 !
C6H12OOH3-5O2                 2   677.149     6.436     0.000     0.000     0.000 !
C6H12OOH3-6O2                 2   677.149     6.436     0.000     0.000     0.000 !
C6H11-1D3OOH                  2   541.500     5.674     1.800     0.000     1.000 !AC6H12OOH-AO2
C6H11-1D4OOH                  2   541.500     5.674     1.800     0.000     1.000 !AC6H12OOH-AO2
C6H11-1D5OOH                  2   541.500     5.674     1.800     0.000     1.000 !AC6H12OOH-AO2
C6H11-1D6OOH                  2   541.500     5.674     1.800     0.000     1.000 !AC6H12OOH-AO2
C6H11-2D1OOH                  2   541.500     5.674     1.800     0.000     1.000 !AC6H12OOH-AO2
C6H11-2D4OOH                  2   541.500     5.674     1.800     0.000     1.000 !AC6H12OOH-AO2
C6H11-2D5OOH                  2   541.500     5.674     1.800     0.000     1.000 !AC6H12OOH-AO2
C6H11-2D6OOH                  2   541.500     5.674     1.800     0.000     1.000 !AC6H12OOH-AO2
C6H11-3D1OOH                  2   541.500     5.674     1.800     0.000     1.000 !AC6H12OOH-AO2
C6H11-3D2OOH                  2   541.500     5.674     1.800     0.000     1.000 !AC6H12OOH-AO2
C6H11Q12-3                    2   541.500     5.674     1.800     0.000     1.000 !AC6H12OOH-AO2
C6H11Q12-4                    2   541.500     5.674     1.800     0.000     1.000 !AC6H12OOH-AO2
C6H11Q12-5                    2   541.500     5.674     1.800     0.000     1.000 !AC6H12OOH-AO2
C6H11Q12-6                    2   541.500     5.674     1.800     0.000     1.000 !AC6H12OOH-AO2
C6H11Q13-2                    2   541.500     5.674     1.800     0.000     1.000 !AC6H12OOH-AO2
C6H11Q13-4                    2   541.500     5.674     1.800     0.000     1.000 !AC6H12OOH-AO2
C6H11Q13-5                    2   541.500     5.674     1.800     0.000     1.000 !AC6H12OOH-AO2
C6H11Q13-6                    2   541.500     5.674     1.800     0.000     1.000 !AC6H12OOH-AO2
C6H11Q14-2                    2   541.500     5.674     1.800     0.000     1.000 !AC6H12OOH-AO2
C6H11Q14-3                    2   541.500     5.674     1.800     0.000     1.000 !AC6H12OOH-AO2
C6H11Q14-5                    2   541.500     5.674     1.800     0.000     1.000 !AC6H12OOH-AO2
C6H11Q14-6                    2   541.500     5.674     1.800     0.000     1.000 !AC6H12OOH-AO2
C6H11Q15-2                    2   541.500     5.674     1.800     0.000     1.000 !AC6H12OOH-AO2
C6H11Q15-3                    2   541.500     5.674     1.800     0.000     1.000 !AC6H12OOH-AO2
C6H11Q15-4                    2   541.500     5.674     1.800     0.000     1.000 !AC6H12OOH-AO2
C6H11Q15-6                    2   541.500     5.674     1.800     0.000     1.000 !AC6H12OOH-AO2
C6H11Q23-1                    2   541.500     5.674     1.800     0.000     1.000 !AC6H12OOH-AO2
C6H11Q23-4                    2   541.500     5.674     1.800     0.000     1.000 !AC6H12OOH-AO2
C6H11Q23-5                    2   541.500     5.674     1.800     0.000     1.000 !AC6H12OOH-AO2
C6H11Q23-6                    2   541.500     5.674     1.800     0.000     1.000 !AC6H12OOH-AO2
C6H11Q24-1                    2   541.500     5.674     1.800     0.000     1.000 !AC6H12OOH-AO2
C6H11Q24-3                    2   541.500     5.674     1.800     0.000     1.000 !AC6H12OOH-AO2
C6H11Q24-5                    2   541.500     5.674     1.800     0.000     1.000 !AC6H12OOH-AO2
C6H11Q24-6                    2   541.500     5.674     1.800     0.000     1.000 !AC6H12OOH-AO2
C6H11Q25-1                    2   541.500     5.674     1.800     0.000     1.000 !AC6H12OOH-AO2
C6H11Q25-3                    2   541.500     5.674     1.800     0.000     1.000 !AC6H12OOH-AO2
C6H11Q34-1                    2   541.500     5.674     1.800     0.000     1.000 !AC6H12OOH-AO2
C6H11Q34-2                    2   541.500     5.674     1.800     0.000     1.000 !AC6H12OOH-AO2
C6KET12                       2   541.500     5.674     1.800     0.000     1.000 !AC6H12OOH-AO2
C6KET13                       2   541.500     5.674     1.800     0.000     1.000 !AC6H12OOH-AO2
C6KET14                       2   541.500     5.674     1.800     0.000     1.000 !AC6H12OOH-AO2
C6KET15                       2   541.500     5.674     1.800     0.000     1.000 !AC6H12OOH-AO2
C6KET21                       2   541.500     5.674     1.800     0.000     1.000 !AC6H12OOH-AO2
C6KET23                       2   541.500     5.674     1.800     0.000     1.000 !AC6H12OOH-AO2
C6KET24                       2   541.500     5.674     1.800     0.000     1.000 !AC6H12OOH-AO2
C6KET25                       2   541.500     5.674     1.800     0.000     1.000 !AC6H12OOH-AO2
C6KET26                       2   541.500     5.674     1.800     0.000     1.000 !AC6H12OOH-AO2
C6KET31                       2   541.500     5.674     1.800     0.000     1.000 !AC6H12OOH-AO2
C6KET32                       2   541.500     5.674     1.800     0.000     1.000 !AC6H12OOH-AO2
C6KET34                       2   541.500     5.674     1.800     0.000     1.000 !AC6H12OOH-AO2
C6KET35                       2   541.500     5.674     1.800     0.000     1.000 !AC6H12OOH-AO2
C6KET36                       2   541.500     5.674     1.800     0.000     1.000 !AC6H12OOH-AO2
C5Y2                          2   477.000     5.735     2.500     0.000     1.000 !NC3H7COCH3
C5Y2-1J                       2   477.000     5.735     2.500     0.000     1.000 !NC3H7COCH3
C5Y2-5J                       2   477.000     5.735     2.500     0.000     1.000 !NC3H7COCH3
C5Y3-1J                       2   477.000     5.735     2.500     0.000     1.000 !NC3H7COCH3
C5H91-1                       2   396.800     5.458     0.000     0.000     1.000 !C5H91-3
C5AL-4D                       2   523.200     5.664     1.700     0.000     1.000 !C5H10O1-2
C5AL-2D                       2   523.200     5.664     1.700     0.000     1.000 !C5H10O1-2
C6H11O12-3OOH                 2   541.500     5.674     1.800     0.000     1.000 !AC6H12OOH-AO2
C6H11O12-4OOH                 2   541.500     5.674     1.800     0.000     1.000 !AC6H12OOH-AO2
C6H11O12-5OOH                 2   541.500     5.674     1.800     0.000     1.000 !AC6H12OOH-AO2
C6H11O12-6OOH                 2   541.500     5.674     1.800     0.000     1.000 !AC6H12OOH-AO2
C6H11O13-2OOH                 2   541.500     5.674     1.800     0.000     1.000 !AC6H12OOH-AO2
C6H11O13-4OOH                 2   541.500     5.674     1.800     0.000     1.000 !AC6H12OOH-AO2
C6H11O13-5OOH                 2   541.500     5.674     1.800     0.000     1.000 !AC6H12OOH-AO2
C6H11O13-6OOH                 2   541.500     5.674     1.800     0.000     1.000 !AC6H12OOH-AO2
C6H11O14-2OOH                 2   541.500     5.674     1.800     0.000     1.000 !AC6H12OOH-AO2
C6H11O14-3OOH                 2   541.500     5.674     1.800     0.000     1.000 !AC6H12OOH-AO2
C6H11O14-5OOH                 2   541.500     5.674     1.800     0.000     1.000 !AC6H12OOH-AO2
C6H11O14-6OOH                 2   541.500     5.674     1.800     0.000     1.000 !AC6H12OOH-AO2
C6H11O15-2OOH                 2   541.500     5.674     1.800     0.000     1.000 !AC6H12OOH-AO2
C6H11O15-3OOH                 2   541.500     5.674     1.800     0.000     1.000 !AC6H12OOH-AO2
C6H11O15-4OOH                 2   541.500     5.674     1.800     0.000     1.000 !AC6H12OOH-AO2
C6H11O15-6OOH                 2   541.500     5.674     1.800     0.000     1.000 !AC6H12OOH-AO2
C6H11O23-1OOH                 2   541.500     5.674     1.800     0.000     1.000 !AC6H12OOH-AO2
C6H11O23-4OOH                 2   541.500     5.674     1.800     0.000     1.000 !AC6H12OOH-AO2
C6H11O23-5OOH                 2   541.500     5.674     1.800     0.000     1.000 !AC6H12OOH-AO2
C6H11O23-6OOH                 2   541.500     5.674     1.800     0.000     1.000 !AC6H12OOH-AO2
C6H11O24-1OOH                 2   541.500     5.674     1.800     0.000     1.000 !AC6H12OOH-AO2
C6H11O24-3OOH                 2   541.500     5.674     1.800     0.000     1.000 !AC6H12OOH-AO2
C6H11O24-5OOH                 2   541.500     5.674     1.800     0.000     1.000 !AC6H12OOH-AO2
C6H11O24-6OOH                 2   541.500     5.674     1.800     0.000     1.000 !AC6H12OOH-AO2
C6H11O25-1OOH                 2   541.500     5.674     1.800     0.000     1.000 !AC6H12OOH-AO2
C6H11O25-3OOH                 2   541.500     5.674     1.800     0.000     1.000 !AC6H12OOH-AO2
C6H11O34-1OOH                 2   541.500     5.674     1.800     0.000     1.000 !AC6H12OOH-AO2
C6H11O34-2OOH                 2   541.500     5.674     1.800     0.000     1.000 !AC6H12OOH-AO2
C4H7O12-4                     2   496.000     5.200     0.000     0.000     1.000 !C4H8O1-2
C4H7O13-4                     2   496.000     5.200     0.000     0.000     1.000 !C4H8O1-2
C4H7O23-1                     2   496.000     5.200     0.000     0.000     1.000 !C4H8O1-2
C5H9O12-5                     2   523.200     5.664     1.700     0.000     1.005 !C5H10O1-2
C5H9O13-5                     2   523.200     5.664     1.700     0.000     1.006 !C5H10O1-2
C5H9O14-5                     2   523.200     5.664     1.700     0.000     1.007 !C5H10O1-2
C5H9O23-1                     2   523.200     5.664     1.700     0.000     1.008 !C5H10O1-2
C5H9O23-5                     2   523.200     5.664     1.700     0.000     1.009 !C5H10O1-2
C5H9O24-1                     2   523.200     5.664     1.700     0.000     1.010 !C5H10O1-2
C3H6CHO-3O                    2   502.200     5.356     1.800     0.000     1.000 !IC4H8O2H-I
AC3H5CHO                      2   464.200     5.009     2.600     0.000     1.000 !
PC4H9CO                       2   476.000     5.778     2.600     0.000     1.000 !NC4H9CHO
C6KET12O                      2   467.000     6.548     1.800     0.000     1.000 !NC6KET12
C6KET13O                      2   467.000     6.548     1.800     0.000     1.000 !NC6KET12
C6KET14O                      2   467.000     6.548     1.800     0.000     1.000 !NC6KET12
C6KET15O                      2   467.000     6.548     1.800     0.000     1.000 !NC6KET12
C6KET21O                      2   467.000     6.548     1.800     0.000     1.000 !NC6KET12
C6KET23O                      2   467.000     6.548     1.800     0.000     1.000 !NC6KET12
C6KET24O                      2   467.000     6.548     1.800     0.000     1.000 !NC6KET12
C6KET25O                      2   467.000     6.548     1.800     0.000     1.000 !NC6KET12
C6KET26O                      2   467.000     6.548     1.800     0.000     1.000 !NC6KET12
C6KET31O                      2   467.000     6.548     1.800     0.000     1.000 !NC6KET12
C6KET32O                      2   467.000     6.548     1.800     0.000     1.000 !NC6KET12
C6KET34O                      2   467.000     6.548     1.800     0.000     1.000 !NC6KET12
C6KET35O                      2   467.000     6.548     1.800     0.000     1.000 !NC6KET12
C6KET36O                      2   467.000     6.548     1.800     0.000     1.000 !NC6KET12
C6H12OOH1-2O                  2   541.500     5.674     1.800     0.000     1.000 !AC6H12OOH-AO2
C6H12OOH1-3O                  2   541.500     5.674     1.800     0.000     1.000 !AC6H12OOH-AO2
C6H12OOH1-4O                  2   541.500     5.674     1.800     0.000     1.000 !AC6H12OOH-AO2
C6H12OOH1-5O                  2   541.500     5.674     1.800     0.000     1.000 !AC6H12OOH-AO2
C6H12OOH2-1O                  2   541.500     5.674     1.800     0.000     1.000 !AC6H12OOH-AO2
C6H12OOH2-3O                  2   541.500     5.674     1.800     0.000     1.000 !AC6H12OOH-AO2
C6H12OOH2-4O                  2   541.500     5.674     1.800     0.000     1.000 !AC6H12OOH-AO2
C6H12OOH2-5O                  2   541.500     5.674     1.800     0.000     1.000 !AC6H12OOH-AO2
C6H12OOH2-6O                  2   541.500     5.674     1.800     0.000     1.000 !AC6H12OOH-AO2
C6H12OOH3-1O                  2   541.500     5.674     1.800     0.000     1.000 !AC6H12OOH-AO2
C6H12OOH3-2O                  2   541.500     5.674     1.800     0.000     1.000 !AC6H12OOH-AO2
C6H12OOH3-4O                  2   541.500     5.674     1.800     0.000     1.000 !AC6H12OOH-AO2
C6H12OOH3-5O                  2   541.500     5.674     1.800     0.000     1.000 !AC6H12OOH-AO2
C6H12OOH3-6O                  2   541.500     5.674     1.800     0.000     1.000 !AC6H12OOH-AO2
NC5H11CHO                     2   498.600     6.009     2.000     0.000     1.000 !
C6Y2                          2   561.000     6.317     1.700     0.000     1.000 !TC4H9COC2H5
CH3COOH                       2   470.600     4.410     0.000     0.000     1.500 !C2H4O2H
C2H5COOH                      2   481.500     4.997     1.700     0.000     1.000 !NC3H7O2
C6H12-1                       2   485.857     5.328     0.000     0.000     0.000 !
C6H12-2                       2   485.857     5.328     0.000     0.000     0.000 !
C6H12-3                       2   485.857     5.328     0.000     0.000     0.000 !
C6H111-3                      2   482.473     5.307     0.000     0.000     0.000 !C6H11
C6H111-4                      2   482.473     5.307     0.000     0.000     0.000 !C6H11
C6H111-5                      2   482.473     5.307     0.000     0.000     0.000 !C6H11
C6H111-6                      2   482.473     5.307     0.000     0.000     0.000 !C6H11
C6H112-4                      2   482.473     5.307     0.000     0.000     0.000 !C6H11
C6H112-5                      2   482.473     5.307     0.000     0.000     0.000 !C6H11
C6H112-6                      2   482.473     5.307     0.000     0.000     0.000 !C6H11
C6H113-1                      2   482.473     5.307     0.000     0.000     0.000 !C6H11
C6H12OH-1J2                   2   541.500     5.674     1.800     0.000     1.000 !C6H13OH-1
C6H12OH-2J1                   2   541.500     5.674     1.800     0.000     1.000 !C6H13OH-1
C6H12OH-2J3                   2   541.500     5.674     1.800     0.000     1.000 !C6H13OH-1
C6H12OH-3J2                   2   541.500     5.674     1.800     0.000     1.000 !C6H13OH-1
C6H12OH-3J4                   2   541.500     5.674     1.800     0.000     1.000 !C6H13OH-1
C6H12OH-1O2-2                 2   541.500     5.674     1.800     0.000     1.000 !AC6H12OOH-AO2
C6H12OH-2O2-1                 2   541.500     5.674     1.800     0.000     1.000 !AC6H12OOH-AO2
C6H12OH-2O2-3                 2   541.500     5.674     1.800     0.000     1.000 !AC6H12OOH-AO2
C6H12OH-3O2-2                 2   541.500     5.674     1.800     0.000     1.000 !AC6H12OOH-AO2
C6H12OH-3O2-4                 2   541.500     5.674     1.800     0.000     1.000 !AC6H12OOH-AO2
PC4H9CHO                      2   476.000     5.778     2.600     0.000     1.000 !NC4H9CHO
PC4H8CHO-1                    2   476.000     5.778     2.600     0.000     1.000 !NC4H9CHO
PC4H8CHO-2                    2   476.000     5.778     2.600     0.000     1.000 !NC4H9CHO
PC4H8CHO-3                    2   476.000     5.778     2.600     0.000     1.000 !NC4H9CHO
PC4H8CHO-4                    2   476.000     5.778     2.600     0.000     1.000 !NC4H9CHO
C6H11-1D3O                    2   541.500     5.674     1.800     0.000     1.000 !AC6H12OOH-AO2
C6H11-1D4O                    2   541.500     5.674     1.800     0.000     1.000 !AC6H12OOH-AO2
C6H11-1D5O                    2   541.500     5.674     1.800     0.000     1.000 !AC6H12OOH-AO2
C6H11-1D6O                    2   541.500     5.674     1.800     0.000     1.000 !AC6H12OOH-AO2
C6H11-2D1O                    2   541.500     5.674     1.800     0.000     1.000 !AC6H12OOH-AO2
C6H11-2D4O                    2   541.500     5.674     1.800     0.000     1.000 !AC6H12OOH-AO2
C6H11-2D5O                    2   541.500     5.674     1.800     0.000     1.000 !AC6H12OOH-AO2
C6H11-2D6O                    2   541.500     5.674     1.800     0.000     1.000 !AC6H12OOH-AO2
C6H11-3D1O                    2   541.500     5.674     1.800     0.000     1.000 !AC6H12OOH-AO2
C6H11-3D2O                    2   541.500     5.674     1.800     0.000     1.000 !AC6H12OOH-AO2
NC5H11CO                      2   498.600     6.009     2.000     0.000     1.000 !
NC5H10CHO-1                   2   498.600     6.009     2.000     0.000     1.000 !
NC5H10CHO-2                   2   498.600     6.009     2.000     0.000     1.000 !
NC5H10CHO-3                   2   498.600     6.009     2.000     0.000     1.000 !
NC5H10CHO-4                   2   498.600     6.009     2.000     0.000     1.000 !
NC5H10CHO-5                   2   498.600     6.009     2.000     0.000     1.000 !
C6H10D13                      2   337.788     5.608     0.000     0.000     1.000 !C6H10
C6H10D24                      2   337.788     5.608     0.000     0.000     1.000 !C6H10
C6H101-5                      2   337.788     5.608     0.000     0.000     1.000 !C6H10
C6H9-A                        2   346.876     5.564     0.000     0.000     1.000 !
NC7H16                        2   459.600     6.253     0.000     0.000     1.000 !
C7H15-1                       2   459.600     6.253     0.000     0.000     1.000 !
C7H15-2                       2   459.600     6.253     0.000     0.000     1.000 !
C7H15-3                       2   459.600     6.253     0.000     0.000     1.000 !
C7H15-4                       2   459.600     6.253     0.000     0.000     1.000 !
C7H15OOH-1                    2   561.000     6.317     1.700     0.000     1.000 !C7H14OOH1-2
C7H15OOH-2                    2   561.000     6.317     1.700     0.000     1.000 !C7H14OOH1-2
C7H15OOH-3                    2   561.000     6.317     1.700     0.000     1.000 !C7H14OOH1-2
C7H15OOH-4                    2   561.000     6.317     1.700     0.000     1.000 !C7H14OOH1-2
C7H15-1O2                     2   561.000     6.317     1.700     0.000     1.000 !C7H15O2-1
C7H15-2O2                     2   561.000     6.317     1.700     0.000     1.000 !C7H15O2-1
C7H15-3O2                     2   561.000     6.317     1.700     0.000     1.000 !C7H15O2-1
C7H15-4O2                     2   561.000     6.317     1.700     0.000     1.000 !C7H15O2-1
C7H15-1O                      2   561.000     6.317     1.700     0.000     1.000 !1C7H15OH
C7H15-2O                      2   561.000     6.317     1.700     0.000     1.000 !1C7H15OH
C7H15-3O                      2   561.000     6.317     1.700     0.000     1.000 !1C7H15OH
C7H15-4O                      2   561.000     6.317     1.700     0.000     1.000 !1C7H15OH
C7H14OOH1-2                   2   561.000     6.317     1.700     0.000     1.000 !
C7H14OOH1-3                   2   561.000     6.317     1.700     0.000     1.000 !
C7H14OOH1-4                   2   561.000     6.317     1.700     0.000     1.000 !
C7H14OOH1-5                   2   561.000     6.317     1.700     0.000     1.000 !
C7H14OOH2-1                   2   561.000     6.317     1.700     0.000     1.000 !
C7H14OOH2-3                   2   561.000     6.317     1.700     0.000     1.000 !
C7H14OOH2-4                   2   561.000     6.317     1.700     0.000     1.000 !
C7H14OOH2-5                   2   561.000     6.317     1.700     0.000     1.000 !
C7H14OOH2-6                   2   561.000     6.317     1.700     0.000     1.000 !
C7H14OOH3-1                   2   561.000     6.317     1.700     0.000     1.000 !
C7H14OOH3-2                   2   561.000     6.317     1.700     0.000     1.000 !
C7H14OOH3-4                   2   561.000     6.317     1.700     0.000     1.000 !
C7H14OOH3-5                   2   561.000     6.317     1.700     0.000     1.000 !
C7H14OOH3-6                   2   561.000     6.317     1.700     0.000     1.000 !
C7H14OOH3-7                   2   561.000     6.317     1.700     0.000     1.000 !
C7H14OOH4-1                   2   561.000     6.317     1.700     0.000     1.000 !
C7H14OOH4-2                   2   561.000     6.317     1.700     0.000     1.000 !
C7H14OOH4-3                   2   561.000     6.317     1.700     0.000     1.000 !
C7H14O1-2                     2   511.500     6.297     0.000     0.000     1.000 !
C7H14O1-3                     2   511.500     6.297     0.000     0.000     1.000 !
C7H14O1-4                     2   511.500     6.297     0.000     0.000     1.000 !
C7H14O1-5                     2   511.500     6.297     0.000     0.000     1.000 !
C7H14O2-3                     2   511.500     6.297     0.000     0.000     1.000 !
C7H14O2-4                     2   511.500     6.297     0.000     0.000     1.000 !
C7H14O2-5                     2   511.500     6.297     0.000     0.000     1.000 !
C7H14O2-6                     2   511.500     6.297     0.000     0.000     1.000 !
C7H14O3-4                     2   511.500     6.297     0.000     0.000     1.000 !
C7H14O3-5                     2   511.500     6.297     0.000     0.000     1.000 !
C7H14OOH1-2O2                 2   600.600     7.229     1.800     0.000     1.000 !
C7H14OOH1-3O2                 2   600.600     7.229     1.800     0.000     1.000 !
C7H14OOH1-4O2                 2   600.600     7.229     1.800     0.000     1.000 !
C7H14OOH1-5O2                 2   600.600     7.229     1.800     0.000     1.000 !
C7H14OOH2-1O2                 2   600.600     7.229     1.800     0.000     1.000 !
C7H14OOH2-3O2                 2   600.600     7.229     1.800     0.000     1.000 !
C7H14OOH2-4O2                 2   600.600     7.229     1.800     0.000     1.000 !
C7H14OOH2-5O2                 2   600.600     7.229     1.800     0.000     1.000 !
C7H14OOH2-6O2                 2   600.600     7.229     1.800     0.000     1.000 !
C7H14OOH3-1O2                 2   600.600     7.229     1.800     0.000     1.000 !
C7H14OOH3-2O2                 2   600.600     7.229     1.800     0.000     1.000 !
C7H14OOH3-4O2                 2   600.600     7.229     1.800     0.000     1.000 !
C7H14OOH3-5O2                 2   600.600     7.229     1.800     0.000     1.000 !
C7H14OOH3-6O2                 2   600.600     7.229     1.800     0.000     1.000 !
C7H14OOH3-7O2                 2   600.600     7.229     1.800     0.000     1.000 !
C7H14OOH4-1O2                 2   600.600     7.229     1.800     0.000     1.000 !
C7H14OOH4-2O2                 2   600.600     7.229     1.800     0.000     1.000 !
C7H14OOH4-3O2                 2   600.600     7.229     1.800     0.000     1.000 !
C7H13Q12-3                    2   600.600     7.229     1.800     0.000     1.000 !C7H14OOH1-2O2
C7H13Q12-4                    2   600.600     7.229     1.800     0.000     1.000 !C7H14OOH1-2O2
C7H13Q12-5                    2   600.600     7.229     1.800     0.000     1.000 !C7H14OOH1-2O2
C7H13Q12-6                    2   600.600     7.229     1.800     0.000     1.000 !C7H14OOH1-2O2
C7H13Q13-2                    2   600.600     7.229     1.800     0.000     1.000 !C7H14OOH1-2O2
C7H13Q13-4                    2   600.600     7.229     1.800     0.000     1.000 !C7H14OOH1-2O2
C7H13Q13-5                    2   600.600     7.229     1.800     0.000     1.000 !C7H14OOH1-2O2
C7H13Q13-6                    2   600.600     7.229     1.800     0.000     1.000 !C7H14OOH1-2O2
C7H13Q13-7                    2   600.600     7.229     1.800     0.000     1.000 !C7H14OOH1-2O2
C7H13Q14-2                    2   600.600     7.229     1.800     0.000     1.000 !C7H14OOH1-2O2
C7H13Q14-3                    2   600.600     7.229     1.800     0.000     1.000 !C7H14OOH1-2O2
C7H13Q14-5                    2   600.600     7.229     1.800     0.000     1.000 !C7H14OOH1-2O2
C7H13Q14-6                    2   600.600     7.229     1.800     0.000     1.000 !C7H14OOH1-2O2
C7H13Q14-7                    2   600.600     7.229     1.800     0.000     1.000 !C7H14OOH1-2O2
C7H13Q15-2                    2   600.600     7.229     1.800     0.000     1.000 !C7H14OOH1-2O2
C7H13Q15-3                    2   600.600     7.229     1.800     0.000     1.000 !C7H14OOH1-2O2
C7H13Q15-4                    2   600.600     7.229     1.800     0.000     1.000 !C7H14OOH1-2O2
C7H13Q15-6                    2   600.600     7.229     1.800     0.000     1.000 !C7H14OOH1-2O2
C7H13Q15-7                    2   600.600     7.229     1.800     0.000     1.000 !C7H14OOH1-2O2
C7H13Q23-1                    2   600.600     7.229     1.800     0.000     1.000 !C7H14OOH1-2O2
C7H13Q23-4                    2   600.600     7.229     1.800     0.000     1.000 !C7H14OOH1-2O2
C7H13Q23-5                    2   600.600     7.229     1.800     0.000     1.000 !C7H14OOH1-2O2
C7H13Q23-6                    2   600.600     7.229     1.800     0.000     1.000 !C7H14OOH1-2O2
C7H13Q23-7                    2   600.600     7.229     1.800     0.000     1.000 !C7H14OOH1-2O2
C7H13Q24-1                    2   600.600     7.229     1.800     0.000     1.000 !C7H14OOH1-2O2
C7H13Q24-3                    2   600.600     7.229     1.800     0.000     1.000 !C7H14OOH1-2O2
C7H13Q24-5                    2   600.600     7.229     1.800     0.000     1.000 !C7H14OOH1-2O2
C7H13Q24-6                    2   600.600     7.229     1.800     0.000     1.000 !C7H14OOH1-2O2
C7H13Q24-7                    2   600.600     7.229     1.800     0.000     1.000 !C7H14OOH1-2O2
C7H13Q25-1                    2   600.600     7.229     1.800     0.000     1.000 !C7H14OOH1-2O2
C7H13Q25-3                    2   600.600     7.229     1.800     0.000     1.000 !C7H14OOH1-2O2
C7H13Q25-4                    2   600.600     7.229     1.800     0.000     1.000 !C7H14OOH1-2O2
C7H13Q25-6                    2   600.600     7.229     1.800     0.000     1.000 !C7H14OOH1-2O2
C7H13Q25-7                    2   600.600     7.229     1.800     0.000     1.000 !C7H14OOH1-2O2
C7H13Q26-1                    2   600.600     7.229     1.800     0.000     1.000 !C7H14OOH1-2O2
C7H13Q26-3                    2   600.600     7.229     1.800     0.000     1.000 !C7H14OOH1-2O2
C7H13Q26-4                    2   600.600     7.229     1.800     0.000     1.000 !C7H14OOH1-2O2
C7H13Q34-1                    2   600.600     7.229     1.800     0.000     1.000 !C7H14OOH1-2O2
C7H13Q34-2                    2   600.600     7.229     1.800     0.000     1.000 !C7H14OOH1-2O2
C7H13Q34-5                    2   600.600     7.229     1.800     0.000     1.000 !C7H14OOH1-2O2
C7H13Q34-6                    2   600.600     7.229     1.800     0.000     1.000 !C7H14OOH1-2O2
C7H13Q34-7                    2   600.600     7.229     1.800     0.000     1.000 !C7H14OOH1-2O2
C7H13Q35-1                    2   600.600     7.229     1.800     0.000     1.000 !C7H14OOH1-2O2
C7H13Q35-2                    2   600.600     7.229     1.800     0.000     1.000 !C7H14OOH1-2O2
C7H13Q35-4                    2   600.600     7.229     1.800     0.000     1.000 !C7H14OOH1-2O2
C7KET12                       2   581.300     6.506     2.000     0.000     1.000 !NC7KET12
C7KET13                       2   581.300     6.506     2.000     0.000     1.000 !NC7KET12
C7KET14                       2   581.300     6.506     2.000     0.000     1.000 !NC7KET12
C7KET15                       2   581.300     6.506     2.000     0.000     1.000 !NC7KET12
C7KET21                       2   581.300     6.506     2.000     0.000     1.000 !NC7KET12
C7KET23                       2   581.300     6.506     2.000     0.000     1.000 !NC7KET12
C7KET24                       2   581.300     6.506     2.000     0.000     1.000 !NC7KET12
C7KET25                       2   581.300     6.506     2.000     0.000     1.000 !NC7KET12
C7KET26                       2   581.300     6.506     2.000     0.000     1.000 !NC7KET12
C7KET31                       2   581.300     6.506     2.000     0.000     1.000 !NC7KET12
C7KET32                       2   581.300     6.506     2.000     0.000     1.000 !NC7KET12
C7KET34                       2   581.300     6.506     2.000     0.000     1.000 !NC7KET12
C7KET35                       2   581.300     6.506     2.000     0.000     1.000 !NC7KET12
C7KET36                       2   581.300     6.506     2.000     0.000     1.000 !NC7KET12
C7KET37                       2   581.300     6.506     2.000     0.000     1.000 !NC7KET12
C7KET41                       2   581.300     6.506     2.000     0.000     1.000 !NC7KET12
C7KET42                       2   581.300     6.506     2.000     0.000     1.000 !NC7KET12
C7KET43                       2   581.300     6.506     2.000     0.000     1.000 !NC7KET12
C7H13-1D3OOH                  2   600.600     7.229     1.800     0.000     1.000 !C7H14OOH1-2O2
C7H13-1D4OOH                  2   600.600     7.229     1.800     0.000     1.000 !C7H14OOH1-2O2
C7H13-1D5OOH                  2   600.600     7.229     1.800     0.000     1.000 !C7H14OOH1-2O2
C7H13-1D6OOH                  2   600.600     7.229     1.800     0.000     1.000 !C7H14OOH1-2O2
C7H13-2D1OOH                  2   600.600     7.229     1.800     0.000     1.000 !C7H14OOH1-2O2
C7H13-2D4OOH                  2   600.600     7.229     1.800     0.000     1.000 !C7H14OOH1-2O2
C7H13-2D5OOH                  2   600.600     7.229     1.800     0.000     1.000 !C7H14OOH1-2O2
C7H13-2D6OOH                  2   600.600     7.229     1.800     0.000     1.000 !C7H14OOH1-2O2
C7H13-2D7OOH                  2   600.600     7.229     1.800     0.000     1.000 !C7H14OOH1-2O2
C7H13-3D1OOH                  2   600.600     7.229     1.800     0.000     1.000 !C7H14OOH1-2O2
C7H13-3D2OOH                  2   600.600     7.229     1.800     0.000     1.000 !C7H14OOH1-2O2
C7H13-3D5OOH                  2   600.600     7.229     1.800     0.000     1.000 !C7H14OOH1-2O2
C7H13-3D6OOH                  2   600.600     7.229     1.800     0.000     1.000 !C7H14OOH1-2O2
C7H13-3D7OOH                  2   600.600     7.229     1.800     0.000     1.000 !C7H14OOH1-2O2
C7H13O12-3OOH                 2   600.600     7.229     1.800     0.000     1.000 !C7H14OOH1-2O2
C7H13O12-4OOH                 2   600.600     7.229     1.800     0.000     1.000 !C7H14OOH1-2O2
C7H13O12-5OOH                 2   600.600     7.229     1.800     0.000     1.000 !C7H14OOH1-2O2
C7H13O12-6OOH                 2   600.600     7.229     1.800     0.000     1.000 !C7H14OOH1-2O2
C7H13O13-2OOH                 2   600.600     7.229     1.800     0.000     1.000 !C7H14OOH1-2O2
C7H13O13-4OOH                 2   600.600     7.229     1.800     0.000     1.000 !C7H14OOH1-2O2
C7H13O13-5OOH                 2   600.600     7.229     1.800     0.000     1.000 !C7H14OOH1-2O2
C7H13O13-6OOH                 2   600.600     7.229     1.800     0.000     1.000 !C7H14OOH1-2O2
C7H13O13-7OOH                 2   600.600     7.229     1.800     0.000     1.000 !C7H14OOH1-2O2
C7H13O14-2OOH                 2   600.600     7.229     1.800     0.000     1.000 !C7H14OOH1-2O2
C7H13O14-3OOH                 2   600.600     7.229     1.800     0.000     1.000 !C7H14OOH1-2O2
C7H13O14-5OOH                 2   600.600     7.229     1.800     0.000     1.000 !C7H14OOH1-2O2
C7H13O14-6OOH                 2   600.600     7.229     1.800     0.000     1.000 !C7H14OOH1-2O2
C7H13O14-7OOH                 2   600.600     7.229     1.800     0.000     1.000 !C7H14OOH1-2O2
C7H13O15-2OOH                 2   600.600     7.229     1.800     0.000     1.000 !C7H14OOH1-2O2
C7H13O15-3OOH                 2   600.600     7.229     1.800     0.000     1.000 !C7H14OOH1-2O2
C7H13O15-4OOH                 2   600.600     7.229     1.800     0.000     1.000 !C7H14OOH1-2O2
C7H13O15-6OOH                 2   600.600     7.229     1.800     0.000     1.000 !C7H14OOH1-2O2
C7H13O15-7OOH                 2   600.600     7.229     1.800     0.000     1.000 !C7H14OOH1-2O2
C7H13O23-1OOH                 2   600.600     7.229     1.800     0.000     1.000 !C7H14OOH1-2O2
C7H13O23-4OOH                 2   600.600     7.229     1.800     0.000     1.000 !C7H14OOH1-2O2
C7H13O23-5OOH                 2   600.600     7.229     1.800     0.000     1.000 !C7H14OOH1-2O2
C7H13O23-6OOH                 2   600.600     7.229     1.800     0.000     1.000 !C7H14OOH1-2O2
C7H13O23-7OOH                 2   600.600     7.229     1.800     0.000     1.000 !C7H14OOH1-2O2
C7H13O24-1OOH                 2   600.600     7.229     1.800     0.000     1.000 !C7H14OOH1-2O2
C7H13O24-3OOH                 2   600.600     7.229     1.800     0.000     1.000 !C7H14OOH1-2O2
C7H13O24-5OOH                 2   600.600     7.229     1.800     0.000     1.000 !C7H14OOH1-2O2
C7H13O24-6OOH                 2   600.600     7.229     1.800     0.000     1.000 !C7H14OOH1-2O2
C7H13O24-7OOH                 2   600.600     7.229     1.800     0.000     1.000 !C7H14OOH1-2O2
C7H13O25-1OOH                 2   600.600     7.229     1.800     0.000     1.000 !C7H14OOH1-2O2
C7H13O25-3OOH                 2   600.600     7.229     1.800     0.000     1.000 !C7H14OOH1-2O2
C7H13O25-4OOH                 2   600.600     7.229     1.800     0.000     1.000 !C7H14OOH1-2O2
C7H13O25-6OOH                 2   600.600     7.229     1.800     0.000     1.000 !C7H14OOH1-2O2
C7H13O25-7OOH                 2   600.600     7.229     1.800     0.000     1.000 !C7H14OOH1-2O2
C7H13O26-1OOH                 2   600.600     7.229     1.800     0.000     1.000 !C7H14OOH1-2O2
C7H13O26-3OOH                 2   600.600     7.229     1.800     0.000     1.000 !C7H14OOH1-2O2
C7H13O26-4OOH                 2   600.600     7.229     1.800     0.000     1.000 !C7H14OOH1-2O2
C7H13O34-1OOH                 2   600.600     7.229     1.800     0.000     1.000 !C7H14OOH1-2O2
C7H13O34-2OOH                 2   600.600     7.229     1.800     0.000     1.000 !C7H14OOH1-2O2
C7H13O34-5OOH                 2   600.600     7.229     1.800     0.000     1.000 !C7H14OOH1-2O2
C7H13O34-6OOH                 2   600.600     7.229     1.800     0.000     1.000 !C7H14OOH1-2O2
C7H13O34-7OOH                 2   600.600     7.229     1.800     0.000     1.000 !C7H14OOH1-2O2
C7H13O35-1OOH                 2   600.600     7.229     1.800     0.000     1.000 !C7H14OOH1-2O2
C7H13O35-2OOH                 2   600.600     7.229     1.800     0.000     1.000 !C7H14OOH1-2O2
C7H13O35-4OOH                 2   600.600     7.229     1.800     0.000     1.000 !C7H14OOH1-2O2
C7KET12O                      2   581.300     6.506     2.000     0.000     1.000 !NC7KET12
C7KET13O                      2   581.300     6.506     2.000     0.000     1.000 !NC7KET12
C7KET14O                      2   581.300     6.506     2.000     0.000     1.000 !NC7KET12
C7KET15O                      2   581.300     6.506     2.000     0.000     1.000 !NC7KET12
C7KET21O                      2   581.300     6.506     2.000     0.000     1.000 !NC7KET12
C7KET23O                      2   581.300     6.506     2.000     0.000     1.000 !NC7KET12
C7KET24O                      2   581.300     6.506     2.000     0.000     1.000 !NC7KET12
C7KET25O                      2   581.300     6.506     2.000     0.000     1.000 !NC7KET12
C7KET26O                      2   581.300     6.506     2.000     0.000     1.000 !NC7KET12
C7KET31O                      2   581.300     6.506     2.000     0.000     1.000 !NC7KET12
C7KET32O                      2   581.300     6.506     2.000     0.000     1.000 !NC7KET12
C7KET34O                      2   581.300     6.506     2.000     0.000     1.000 !NC7KET12
C7KET35O                      2   581.300     6.506     2.000     0.000     1.000 !NC7KET12
C7KET36O                      2   581.300     6.506     2.000     0.000     1.000 !NC7KET12
C7KET37O                      2   581.300     6.506     2.000     0.000     1.000 !NC7KET12
C7KET41O                      2   581.300     6.506     2.000     0.000     1.000 !NC7KET12
C7KET42O                      2   581.300     6.506     2.000     0.000     1.000 !NC7KET12
C7KET43O                      2   581.300     6.506     2.000     0.000     1.000 !NC7KET12
C7Y24                         2   581.300     6.506     2.000     0.000     1.000 !NC7KET12
C7Y13                         2   581.300     6.506     2.000     0.000     1.000 !NC7KET12
C7Y35                         2   581.300     6.506     2.000     0.000     1.000 !NC7KET12
C7H14OOH1-2O                  2   600.600     7.229     1.800     0.000     1.000 !C7H14OOH1-2O2
C7H14OOH1-3O                  2   600.600     7.229     1.800     0.000     1.000 !C7H14OOH1-2O2
C7H14OOH1-4O                  2   600.600     7.229     1.800     0.000     1.000 !C7H14OOH1-2O2
C7H14OOH1-5O                  2   600.600     7.229     1.800     0.000     1.000 !C7H14OOH1-2O2
C7H14OOH2-1O                  2   600.600     7.229     1.800     0.000     1.000 !C7H14OOH1-2O2
C7H14OOH2-3O                  2   600.600     7.229     1.800     0.000     1.000 !C7H14OOH1-2O2
C7H14OOH2-4O                  2   600.600     7.229     1.800     0.000     1.000 !C7H14OOH1-2O2
C7H14OOH2-5O                  2   600.600     7.229     1.800     0.000     1.000 !C7H14OOH1-2O2
C7H14OOH2-6O                  2   600.600     7.229     1.800     0.000     1.000 !C7H14OOH1-2O2
C7H14OOH3-1O                  2   600.600     7.229     1.800     0.000     1.000 !C7H14OOH1-2O2
C7H14OOH3-2O                  2   600.600     7.229     1.800     0.000     1.000 !C7H14OOH1-2O2
C7H14OOH3-4O                  2   600.600     7.229     1.800     0.000     1.000 !C7H14OOH1-2O2
C7H14OOH3-5O                  2   600.600     7.229     1.800     0.000     1.000 !C7H14OOH1-2O2
C7H14OOH3-6O                  2   600.600     7.229     1.800     0.000     1.000 !C7H14OOH1-2O2
C7H14OOH3-7O                  2   600.600     7.229     1.800     0.000     1.000 !C7H14OOH1-2O2
C7H14OOH4-1O                  2   600.600     7.229     1.800     0.000     1.000 !C7H14OOH1-2O2
C7H14OOH4-2O                  2   600.600     7.229     1.800     0.000     1.000 !C7H14OOH1-2O2
C7H14OOH4-3O                  2   600.600     7.229     1.800     0.000     1.000 !C7H14OOH1-2O2
C6H11O13-6                    2   537.467     5.643     0.000     0.000     0.000 !C6H12O1-2
C6H11O14-6                    2   537.467     5.643     0.000     0.000     0.000 !C6H12O1-2
C6H11O15-6                    2   537.467     5.643     0.000     0.000     0.000 !C6H12O1-2
C6H11O23-1                    2   537.467     5.643     0.000     0.000     0.000 !C6H12O1-2
C6H11O23-6                    2   537.467     5.643     0.000     0.000     0.000 !C6H12O1-2
C6H11O24-1                    2   537.467     5.643     0.000     0.000     0.000 !C6H12O1-2
C6H11O24-6                    2   537.467     5.643     0.000     0.000     0.000 !C6H12O1-2
C6H11O34-1                    2   537.467     5.643     0.000     0.000     0.000 !C6H12O1-2
C6Y2-1J                       2   561.000     6.317     1.700     0.000     1.000 !TC4H9COC2H5
C6Y3-6J                       2   561.000     6.317     1.700     0.000     1.000 !TC4H9COC2H5
C6Y3-1J                       2   561.000     6.317     1.700     0.000     1.000 !TC4H9COC2H5
C5Y3D1                        2   485.716     5.327     0.000     0.000     0.000 !IC3H5COCH3
C7H14-1                       2   457.800     6.173     0.300     0.000     1.000 !
C7H14-2                       2   457.800     6.173     0.300     0.000     1.000 !
C7H14-3                       2   457.800     6.173     0.300     0.000     1.000 !
C7H131-3                      2   457.800     6.173     0.300     0.000     1.000 !C7H13
C7H131-4                      2   457.800     6.173     0.300     0.000     1.000 !C7H13
C7H131-5                      2   457.800     6.173     0.300     0.000     1.000 !C7H13
C7H131-6                      2   457.800     6.173     0.300     0.000     1.000 !C7H13
C7H131-7                      2   457.800     6.173     0.300     0.000     1.000 !C7H13
C7H132-4                      2   457.800     6.173     0.300     0.000     1.000 !C7H13
C7H132-5                      2   457.800     6.173     0.300     0.000     1.000 !C7H13
C7H132-6                      2   457.800     6.173     0.300     0.000     1.000 !C7H13
C7H132-7                      2   457.800     6.173     0.300     0.000     1.000 !C7H13
C7H133-1                      2   457.800     6.173     0.300     0.000     1.000 !C7H13
C7H133-5                      2   457.800     6.173     0.300     0.000     1.000 !C7H13
C7H133-6                      2   457.800     6.173     0.300     0.000     1.000 !C7H13
C7H133-7                      2   457.800     6.173     0.300     0.000     1.000 !C7H13
C7H13-1D3O                    2   511.500     6.297     0.000     0.000     1.000 !C7H14O1-2
C7H13-2D4O                    2   511.500     6.297     0.000     0.000     1.000 !C7H14O1-2
C7H13-3D5O                    2   511.500     6.297     0.000     0.000     1.000 !C7H14O1-2
C7H14OH-1J2                   2   561.000     6.317     1.700     0.000     1.000 !1C7H15OH
C7H14OH-2J1                   2   561.000     6.317     1.700     0.000     1.000 !1C7H15OH
C7H14OH-2J3                   2   561.000     6.317     1.700     0.000     1.000 !1C7H15OH
C7H14OH-3J2                   2   561.000     6.317     1.700     0.000     1.000 !1C7H15OH
C7H14OH-3J4                   2   561.000     6.317     1.700     0.000     1.000 !1C7H15OH
C7H14OH-4J3                   2   561.000     6.317     1.700     0.000     1.000 !1C7H15OH
C7H14OH-1O2-2                 2   600.600     7.229     1.800     0.000     1.000 !C7H14OOH1-2O2
C7H14OH-2O2-1                 2   600.600     7.229     1.800     0.000     1.000 !C7H14OOH1-2O2
C7H14OH-2O2-3                 2   600.600     7.229     1.800     0.000     1.000 !C7H14OOH1-2O2
C7H14OH-3O2-2                 2   600.600     7.229     1.800     0.000     1.000 !C7H14OOH1-2O2
C7H14OH-3O2-4                 2   600.600     7.229     1.800     0.000     1.000 !C7H14OOH1-2O2
C7H14OH-4O2-3                 2   600.600     7.229     1.800     0.000     1.000 !C7H14OOH1-2O2
H15DE25DM                     2   464.800     5.290     0.000    10.320     0.000 !C6H5OOH
H15DE25DM-S                   2   395.000     4.037     1.300     0.000     1.000 !O2CH2OCH2O2H
H15DE25DM-A                   2   395.000     4.037     1.300     0.000     1.000 !O2CH2OCH2O2H
H15DE25DM-AO                  2   496.000     5.200     0.000     0.000     1.000 !C4H8OOH1-2O2
H15DE25DM-SO                  2   496.000     5.200     0.000     0.000     1.000 !C4H8OOH1-2O2
H15DE2M-T                     2   450.000     5.500     0.000     0.000     1.000 !C6H5OH
IC4H7CHO                      2   476.000     5.778     2.600     0.000     1.000 !
L-C6H4                        2   412.300     5.349     0.000     0.000     1.000 !
C-C6H4                        2   464.800     5.290     0.000    10.320     0.000 !
C6H3                          2   357.000     5.180     0.000     0.000     1.000 !
C6H2                          1   408.000     5.200     0.000     0.000     1.000 !
C6H6                          2   468.500     5.230     0.000    10.300     1.000 !
FULVENE                       2   468.500     5.230     0.000     0.000     1.000 !
C6H5                          2   412.300     5.349     0.000     0.000     1.000 !
C6H5OO                        2   464.800     5.290     0.000    10.320     0.000 !
C6H5OOH                       2   464.800     5.290     0.000    10.320     0.000 !
C6H5OH                        2   450.000     5.500     0.000     0.000     1.000 !
C6H5O                         2   450.000     5.500     0.000     0.000     1.000 !
C6H4OH                        2   464.800     5.290     0.000    10.320     0.000 !
OC6H4OH                       2   621.100     5.640     0.000     0.000     1.000 !
O-C6H4O2                      2   450.000     5.500     0.000     0.000     1.000 !
P-C6H4O2                      2   450.000     5.500     0.000     0.000     1.000 !
O-OC6H5OJ                     2   450.000     5.500     0.000     0.000     1.000 !
P-OC6H5OJ                     2   450.000     5.500     0.000     0.000     1.000 !
P-C6H3O2                      2   450.000     5.500     0.000     0.000     1.000 !
C5H6                          1   408.000     5.200     0.000     0.000     1.000 !
C5H5                          1   408.000     5.200     0.000     0.000     1.000 !
C5H6-L                        2   408.000     5.200     0.000     0.000     1.000 !
C#CC*CCJ                      2   408.000     5.200     0.000     0.000     1.000 !
C5H7                          2   408.000     5.200     0.000     0.000     1.000 !
C*CCJC*C                      2   408.000     5.200     0.000     0.000     1.000 !
C*CC*CCJ                      2   408.000     5.200     0.000     0.000     1.000 !
C*CCJC*COH                    2   523.200     5.664     1.700     0.000     1.000 !
HOC*CC*O                      2   435.200     4.662     2.700     0.000     1.000 !
C*CC*CCOH                     2   523.200     5.664     1.700     0.000     1.000 !
OC5H7O                        2   496.000     5.200     0.000     0.000     1.000 !
OC4H6O                        2   496.000     5.200     0.000     0.000     1.000 !
OC4H5O                        2   496.000     5.200     0.000     0.000     1.000 !
O2CCHOOJ                      2   470.600     4.410     0.000     0.000     1.500 !
HOC*CCJ*O                     2   435.200     4.662     2.700     0.000     1.000 !
C5H5OH                        2   450.000     5.500     0.000     0.000     1.000 !
C5H5O                         2   450.000     5.500     0.000     0.000     1.000 !
C5H4OH                        2   450.000     5.500     0.000     0.000     1.000 !
C5H4O                         2   450.000     5.500     0.000     0.000     1.000 !
C5H3O                         2   511.398     5.357     0.000     0.000     1.000 !
CJ*CC*CC*O                    2   523.200     5.664     1.700     0.000     1.000 !
C*CC*CCJ*O                    2   523.200     5.664     1.700     0.000     1.000 !
CJ*CC*O                       2   443.200     4.120     0.000     0.000     1.000 !C2H3CO
C6H5CH3                       2   495.300     5.680     0.430    12.300     1.000 !
C6H5CH2                       2   495.300     5.680     0.000     0.000     1.000 !
C6H4CH3                       2   495.300     5.680     0.000     0.000     1.000 !
BZCOOH                        2   572.000     5.820     1.700     0.000     1.000 !
C6H5CH2OO                     2   572.000     5.820     1.700     0.000     1.000 !
C6H5CHO                       2   622.400     5.530     0.000     0.000     1.000 !
C6H5CO                        2   622.400     5.530     0.000     0.000     1.000 !
HOC6H4CH3                     2   621.100     5.640     0.000     0.000     1.000 !
HOC6H4CH2                     2   621.100     5.640     0.000     0.000     1.000 !
OC6H4CH3                      2   621.100     5.640     0.000     0.000     1.000 !
OCH3C6H4O                     2   621.100     5.640     0.000     0.000     1.000 !HOC6H4CH2O
HOC6H4CH2OOH                  2   621.100     5.640     0.000     0.000     1.000 !
HOC6H4CH2OO                   2   621.100     5.640     0.000     0.000     1.000 !
HOC6H4CH2O                    2   621.100     5.640     0.000     0.000     1.000 !
HOC6H4CHO                     2   621.100     5.640     0.000     0.000     1.000 !
HOC6H4CO                      2   621.100     5.640     0.000     0.000     1.000 !
C6H5CH2OH                     2   622.400     5.530     0.000     0.000     1.000 !
C6H5CHOH                      2   622.400     5.530     0.000     0.000     1.000 !
C6H5CH2O                      2   622.400     5.530     0.000     0.000     1.000 !
C6H5C2H5                      2   523.600     5.960     0.000     0.000     1.000 !
C6H5CHCH3                     2   523.600     5.960     0.000     0.000     1.000 !
C6H5CH2CH2                    2   485.000     5.425     0.400     0.000     1.000 !
C6H5C2H3                      2   546.200     6.000     0.130    15.000     1.000 !
C6H5CCH2                      2   546.200     6.000     0.000     0.000     1.000 !
C6H5CHCH                      2   546.200     6.000     0.000     0.000     1.000 !
C14H14                        2   783.800     6.640     0.000     0.000     1.000 !
C14H13                        2   783.800     6.640     0.000     0.000     1.000 !
C14H12                        2   772.000     6.960     0.000     0.000     1.000 !
C14H11                        2   772.000     6.960     0.000     0.000     1.000 !
C14H13OOH                     2   783.800     6.640     0.000     0.000     1.000 !
C14H13OO                      2   783.800     6.640     0.000     0.000     1.000 !
C14H12OOH                     2   783.800     6.640     0.000     0.000     1.000 !
C14H12O2H-1O2                 2   783.800     6.640     0.000     0.000     1.000 !
C14H11O-1O2H                  2   783.800     6.640     0.000     0.000     1.000 !
C14H13O                       2   783.800     6.640     0.000     0.000     1.000 !
C4H7O                         2   496.000     5.200     0.000     0.000     1.000 !
PC4H8OH                       2   496.000     5.200     0.000     0.000     1.000 !
SC4H8OH                       2   496.000     5.200     0.000     0.000     1.000 !
C4H71-1,2OOH                  2   496.000     5.200     0.000     0.000     1.000 !
C4H71-1,3OOH                  2   496.000     5.200     0.000     0.000     1.000 !
C4H71-1,4OOH                  2   496.000     5.200     0.000     0.000     1.000 !
C4H72-1,2OOH                  2   496.000     5.200     0.000     0.000     1.000 !
C4H72-2,3OOH                  2   496.000     5.200     0.000     0.000     1.000 !
C4H72-2,4OOH                  2   496.000     5.200     0.000     0.000     1.000 !
CH3COCOOH                     2   496.000     5.200     0.000     0.000     1.000 !
CH2C(CH2OOH)2                 2   496.000     5.200     0.000     0.000     1.000 !
CH2COCH2O2H                   2   496.000     5.200     0.000     0.000     1.000 !
O(CH2)2CO                     2   496.000     5.200     0.000     0.000     1.000 !
B1E3M3OJ                      2   496.000     5.200     0.000     0.000     1.000 !
B1E3M3J                       2   496.000     5.200     0.000     0.000     1.000 !
TC3H6OHCHO                    2   436.400     5.352     0.000     0.000     1.000 !
CH3CHCHCO                     1   357.000     5.180     0.000     0.000     1.000 !
CH3CHCHCHO                    1   357.000     5.180     0.000     0.000     1.000 !
C2H3OCH2                      2   436.000     3.970     0.000     0.000     2.000 !
C*CC*CC                       2   408.000     5.200     0.000     0.000     1.000 !
C*CCJC*O                      2   502.200     5.356     1.800     0.000     1.000 !
IC2H4OHCHO                    2   496.000     5.200     0.000     0.000     1.000 !
H                            0   145.000     2.050     0.000     0.000     0.000
O                            0    80.000     2.750     0.000     0.000     0.000
C                            0    71.400     3.298     0.000     0.000     0.000
H2                           1    38.000     2.920     0.000     0.790   280.000
CO                           1    98.100     3.650     0.000     1.950     1.800
HE                           0    10.200     2.576     0.000     0.000     0.000
N2                           1    97.530     3.621     0.000     1.760     4.000
O2                           1   107.400     3.458     0.000     1.600     3.800
OH                           1    80.000     2.750     0.000     0.000     0.000
AR                           0   136.500     3.330     0.000     0.000     0.000
CH                           1    80.000     2.750     0.000     0.000     0.000
H2O                          2   572.400     2.605     1.844     0.000     4.000
CH3                          1   144.000     3.800     0.000     0.000     0.000
C2H                          1   265.300     3.721     0.000     0.000     2.500
CO2                          1   244.000     3.763     0.000     2.650     2.100
CH2                          1   144.000     3.800     0.000     0.000     0.000
HO2                          2   107.400     3.458     0.000     0.000     1.000
CH4                          2   141.400     3.746     0.000     2.600    13.000
HCO                          2   498.000     3.590     0.000     0.000     0.000
C2H6                         2   247.500     4.350     0.000     0.000     1.500
HCCO                         2   150.000     2.500     0.000     0.000     1.000
C3H3                         1   324.800     4.290     0.000     0.000     1.000
CH3O                         2   417.000     3.690     1.700     0.000     2.000
C2H5                         2   247.500     4.350     0.000     0.000     1.500
C3H8                         2   303.400     4.810     0.000     0.000     1.000
C3H2                         2   209.000     4.100     0.000     0.000     1.000
CH2O                         2   498.000     3.590     0.000     0.000     2.000
OCHO                         2   498.000     3.590     0.000     0.000     2.000
C2H4                         2   238.400     3.496     0.000     0.000     1.500
C4H6                         2   357.000     4.720     0.000     0.000     1.000
H2O2                         2   107.400     3.458     0.000     0.000     3.800
C2H3                         2   265.300     3.721     0.000     0.000     1.000
C2H2                         1   265.300     3.721     0.000     0.000     2.500
C3H6                         2   307.800     4.140     0.000     0.000     1.000
O2CHO                        2   436.000     3.970     0.000     0.000     2.000
CH2OH                        2   417.000     3.690     1.700     0.000     2.000
PC4H9                        2   352.000     5.240     0.000     0.000     1.000
HOCHO                        2   436.000     3.970     0.000     0.000     2.000
HCCOH                        2   436.000     3.970     0.000     0.000     2.000
SC4H9                        2   352.000     5.240     0.000     0.000     1.000
IC4H9                        2   352.000     5.240     0.000     0.000     1.000
CH3CO                        2   436.000     3.970     0.000     0.000     2.000
IC3H7                        2   303.400     4.810     0.000     0.000     1.000
C3H5O                        2   411.000     4.820     0.000     0.000     1.000
C4H10                        2   350.900     5.206     0.000     0.000     1.000
C4H7O                        2   496.000     5.200     0.000     0.000     1.000
TC4H9                        2   352.000     5.240     0.000     0.000     1.000
C2H5O                        2   470.600     4.410     0.000     0.000     1.500
NC3H7                        2   303.400     4.810     0.000     0.000     1.000
IC4H8                        2   344.500     5.089     0.500     0.000     1.000
CH3OH                        2   481.800     3.626     0.000     0.000     1.000
CH2CO                        2   436.000     3.970     0.000     0.000     2.000
IC4H7                        2   355.000     4.650     0.000     0.000     1.000
C2H3CO                       2   443.200     4.120     0.000     0.000     1.000
C3H5-A                       2   316.000     4.220     0.000     0.000     1.000
PC4H9O                       2   496.000     5.200     0.000     0.000     1.000
IC4H10                       2   335.700     5.208     0.100     0.000     1.000
IC4H8O                       2   436.400     5.352     0.000     0.000     1.000
NC5H12                       2   391.700     5.591     0.000     0.000     1.000
CH3CHO                       2   436.000     3.970     0.000     0.000     2.000
C3H5-S                       2   316.000     4.220     0.000     0.000     1.000
SC4H9O                       2   496.000     5.200     0.000     0.000     1.000
IC4H9O                       2   496.000     5.200     0.000     0.000     1.000
CH2(S)                       1   144.000     3.800     0.000     0.000     0.000
C2H5OH                       2   470.600     4.410     0.000     0.000     1.500
C2H5CO                       2   424.600     4.820     0.000     0.000     1.000
C3H5-T                       2   316.000     4.220     0.000     0.000     1.000
TC4H9O                       2   496.000     5.200     0.000     0.000     1.000
HOCH2O                       2   470.600     4.410     0.000     0.000     1.500
CH2CHO                       2   436.000     3.970     0.000     0.000     2.000
C3H4-P                       1   324.800     4.290     0.000     0.000     1.000
NC3H7O                       2   481.500     4.997     1.700     0.000     1.000
C4H8-1                       2   355.000     4.650     0.000     0.000     1.000
IC4H7O                       2   496.000     5.200     0.000     0.000     1.000
HO2CHO                       2   436.000     3.970     0.000     0.000     2.000
C3H4-A                       1   324.800     4.290     0.000     0.000     1.000
IC3H7O                       2   459.500     5.036     1.700     0.000     1.000
C4H8-2                       2   355.000     4.650     0.000     0.000     1.000
C3H5OH                       2   481.500     4.997     1.700     0.000     1.000
SC2H4OH                      2   470.600     4.410     0.000     0.000     1.500
C4H71-4                      2   357.100     4.720     0.000     0.000     1.000
TC3H6OH                      2   459.500     5.036     1.700     0.000     1.000
C5H10-2                      2   396.800     5.458     0.000     0.000     1.000
C5H92-4                      2   396.800     5.458     0.000     0.000     1.000
C2H5CHO                      2   435.200     4.662     2.700     0.000     1.000
CH3CHCO                      2   443.200     4.120     0.000     0.000     1.000
C4H72-2                      2   357.100     4.720     0.000     0.000     1.000
IC3H7CO                      2   436.400     5.352     0.000     0.000     1.000
IC3H5CO                      2   436.400     5.352     0.000     0.000     1.000
IC3H5OH                      2   459.500     5.036     1.700     0.000     1.000
C5H11-1                      2   523.200     5.664     1.700     0.000     1.000
C5H81-3                      2   408.000     5.200     0.000     0.000     1.000
C5H92-5                      2   396.800     5.458     0.000     0.000     1.000
C4H71-1                      2   357.100     4.720     0.000     0.000     1.000
C5H11-2                      2   523.200     5.664     1.700     0.000     1.000
C5H91-3                      2   396.800     5.458     0.000     0.000     1.000
CH3OCH3                      2   395.000     4.037     1.300     0.000     1.000
C4H71-2                      2   357.100     4.720     0.000     0.000     1.000
IC4H7OH                      2   502.200     5.356     1.800     0.000     1.000
IC3H6CO                      2   436.400     5.352     0.000     0.000     1.000
C5H11-3                      2   523.200     5.664     1.700     0.000     1.000
C5H91-4                      2   396.800     5.458     0.000     0.000     1.000
PC2H4OH                      2   470.600     4.410     0.000     0.000     1.500
C2H3CHO                      2   428.800     4.958     2.900     0.000     1.000
CH3OCH2                      2   395.000     4.037     1.300     0.000     1.000
C4H71-3                      2   357.100     4.720     0.000     0.000     1.000
SC3H5CO                      2   464.200     5.009     2.600     0.000     1.000
IC4H6OH                      2   502.200     5.356     1.800     0.000     1.000
C5H10-1                      2   386.200     5.489     0.400     0.000     1.000
C5H91-5                      2   396.800     5.458     0.000     0.000     1.000
C2H4O1-2                     2   436.000     3.970     0.000     0.000     2.000
C3H6O1-2                     2   403.600     4.968     2.000     0.000     1.000
TC3H6CHO                     2   436.400     5.352     0.000     0.000     1.000
IC3H5CHO                     2   436.400     5.352     0.000     0.000     1.000
C5H11O-2                     2   523.200     5.664     1.700     0.000     1.000
O2C2H4OH                     2   523.200     5.664     1.700     0.000     1.000
C2H3O1-2                     2   436.000     3.970     0.000     0.000     2.000
C5H11O-3                     2   523.200     5.664     1.700     0.000     1.000
CH3COCH3                     2   435.500     4.860     0.000     0.000     1.000
IC3H6CHO                     2   436.400     5.352     0.000     0.000     1.000
C5H9O1-3                     2   523.200     5.664     1.700     0.000     1.000
CH3COCH2                     2   435.500     4.860     0.000     0.000     1.000
C4H8O1-2                     2   496.000     5.200     0.000     0.000     1.000
SC3H5CHO                     2   464.200     5.009     2.600     0.000     1.000
TC4H8CHO                     2   476.000     5.778     2.600     0.000     1.000
C5H9O2-4                     2   523.200     5.664     1.700     0.000     1.000
C4H8O2-3                     2   496.000     5.200     0.000     0.000     1.000
IC3H7CHO                     2   436.400     5.352     0.000     0.000     1.000
IC4H7OOH                     2   436.400     5.352     0.000     0.000     1.000
C5H11O-1                     2   523.200     5.664     1.700     0.000     1.000
TC3H6OCH                     2   436.400     5.352     0.000     0.000     1.000
CH2CCH2O                     2   481.500     4.997     1.700     0.000     1.000
TC3H6OCHO                    2   436.400     5.352     0.000     0.000     1.000
CH2CCH2OH                    2   481.500     4.997     1.700     0.000     1.000
RR                           0   136.500     3.330     0.000     0.000     0.000
AS                           0  1045.500     4.580     0.000     0.000     0.000
ASH                          1   199.300     4.215     0.000     0.000     1.000
ASH2                         2   229.600     4.180     0.000     0.000     1.000
C2                           1    97.530     3.621     0.000     1.760     4.000
C2O                          1   232.400     3.828     0.000     0.000     1.000
CN2                          1   232.400     3.828     0.000     0.000     1.000
C2H2OH                       2   224.700     4.162     0.000     0.000     1.000
C2H4O2H                      2   470.600     4.410     0.000     0.000     1.500
O2C2H4O2H                    2   470.600     4.410     0.000     0.000     1.500
C2H5O2                       2   470.600     4.410     0.000     0.000     1.500
C2H5O2H                      2   470.600     4.410     0.000     0.000     1.500
C2H4O1,2                     2   387.300     4.349     0.000     0.000     1.500
C2N                          1   232.400     3.828     0.000     0.000     1.000
C2N2                         1   349.000     4.361     0.000     0.000     1.000
C3H2(S)                      2   209.000     4.100     0.000     0.000     1.000
C4H3                         1   357.000     4.720     0.000     0.000     1.000
C3H4O                        2   443.200     4.120     0.000     0.000     1.000
CHCHCHO                      2   443.200     4.120     0.000     0.000     1.000
HCCCHO                       2   443.200     4.120     0.000     0.000     1.000
HCCCO                        2   443.200     4.120     0.000     0.000     1.000
H2CCHCO                      2   443.200     4.120     0.000     0.000     1.000
CH3CCO                       2   443.200     4.120     0.000     0.000     1.000
CH2CHCO                      2   443.200     4.120     0.000     0.000     1.000
CH2CH2CHO                    2   424.600     4.820     0.000     0.000     1.000
AC3H4                        1   324.800     4.290     0.000     0.000     1.000
PC3H4                        1   324.800     4.290     0.000     0.000     1.000
C3H4C                        2   324.800     4.290     0.000     0.000     1.000
C3H6OH                       2   487.900     4.820     0.000     0.000     1.000
HOC3H6O2                     2   487.900     4.820     0.000     0.000     1.000
C3H7                         2   303.400     4.810     0.000     0.000     1.000
C4H                          1   357.000     4.720     0.000     0.000     1.000
C4H2                         1   357.000     4.720     0.000     0.000     1.000
C4H2OH                       2   224.700     4.162     0.000     0.000     1.000
CH3CHCCH                     2   355.000     4.650     0.000     0.000     1.000
C4H7                         2   355.000     4.650     0.000     0.000     1.000
C4H8                         2   355.000     4.650     0.000     0.000     1.000
C4H9                         2   352.000     5.240     0.000     0.000     1.000
PC4H9O2                      2   496.000     5.200     0.000     0.000     1.000
SC4H9O2                      2   496.000     5.200     0.000     0.000     1.000
PC4H9O2H                     2   496.000     5.200     0.000     0.000     1.000
SC4H9O2H                     2   496.000     5.200     0.000     0.000     1.000
IC4H8OH                      2   496.000     5.200     0.000     0.000     1.000
C4H8OH-1                     2   496.000     5.200     0.000     0.000     1.000
C4H8OH-2                     2   496.000     5.200     0.000     0.000     1.000
C4H8O1-3                     2   496.000     5.200     0.000     0.000     1.000
C4H8O1-4                     2   496.000     5.200     0.000     0.000     1.000
O2C4H8OH-1                   2   496.000     5.200     0.000     0.000     1.000
O2C4H8OH-2                   2   496.000     5.200     0.000     0.000     1.000
C4H8OOH1-2                   2   496.000     5.200     0.000     0.000     1.000
C4H8OOH1-3                   2   496.000     5.200     0.000     0.000     1.000
C4H8OOH1-4                   2   496.000     5.200     0.000     0.000     1.000
C4H8OOH2-1                   2   496.000     5.200     0.000     0.000     1.000
C4H8OOH2-3                   2   496.000     5.200     0.000     0.000     1.000
C4H8OOH2-4                   2   496.000     5.200     0.000     0.000     1.000
C4H8OOH1-2O2                 2   496.000     5.200     0.000     0.000     1.000
C4H8OOH1-3O2                 2   496.000     5.200     0.000     0.000     1.000
C4H8OOH1-4O2                 2   496.000     5.200     0.000     0.000     1.000
C4H8OOH2-1O2                 2   496.000     5.200     0.000     0.000     1.000
C4H8OOH2-3O2                 2   496.000     5.200     0.000     0.000     1.000
C4H8OOH2-4O2                 2   496.000     5.200     0.000     0.000     1.000
IO2C4H8OH                    2   496.000     5.200     0.000     0.000     1.000
C5H2                         1   408.000     5.200     0.000     0.000     1.000
C5H3                         1   408.000     5.200     0.000     0.000     1.000
C5H5                         1   408.000     5.200     0.000     0.000     1.000
C5H6                         1   408.000     5.200     0.000     0.000     1.000
C5H7                         2   408.000     5.200     0.000     0.000     1.000
CYC5H7                       2   408.000     5.200     0.000     0.000     1.000
C5H8                         2   408.000     5.200     0.000     0.000     1.000
C6H2                         1   408.000     5.200     0.000     0.000     1.000
C6H4                         2   412.300     5.349     0.000     0.000     1.000
C6H5                         2   412.300     5.349     0.000     0.000     1.000
C6H5(L)                      2   412.300     5.349     0.000     0.000     1.000
C6H5OH                       2   450.000     5.500     0.000     0.000     1.000
C6H5O                        2   450.000     5.500     0.000     0.000     1.000
OKETPHNL                     2   450.000     5.500     0.000     0.000     1.000
C6H4O2                       2   450.000     5.500     0.000     0.000     1.000
C5H4O                        2   450.000     5.500     0.000     0.000     1.000
C5H4OH                       2   450.000     5.500     0.000     0.000     1.000
C5H5O                        2   450.000     5.500     0.000     0.000     1.000
C5H5OH                       2   450.000     5.500     0.000     0.000     1.000
C6H5C2H                      2   468.500     5.230     0.000     0.000     1.000
LC6H5                        2   426.300     5.510     0.000     0.000     1.000
LC3H3C3H2                    2   426.300     5.510     0.000     0.000     1.000
LC3H4C3H2                    2   426.300     5.510     0.000     0.000     1.000
LC3H3C3H3                    2   426.300     5.510     0.000     0.000     1.000
C6H6                         2   468.500     5.230     0.000    10.300     1.000
C6H7                         2   468.500     5.230     0.000     0.000     1.000
CYC6H7                       2   468.500     5.230     0.000     0.000     1.000
CYC6H8                       2   468.500     5.230     0.000     0.000     1.000
C6H5CH2                      2   495.300     5.680     0.000     0.000     1.000
C6H5CH3                      2   495.300     5.680     0.430    12.300     1.000
C6H4CH3                      2   495.300     5.680     0.000     0.000     1.000
CH3C6H4                      2   495.300     5.680     0.000     0.000     1.000
C6H5CO                       2   622.400     5.530     0.000     0.000     1.000
C6H5CHO                      2   622.400     5.530     0.000     0.000     1.000
C6H5CH2OH                    2   622.400     5.530     0.000     0.000     1.000
OC6H4CH3                     2   621.100     5.640     0.000     0.000     1.000
HOC6H4CH3                    2   621.100     5.640     0.000     0.000     1.000
XYLYLENE                     2   523.600     6.182     0.000     0.000     1.000
XYLYLRAD                     2   523.600     6.182     0.000     0.000     1.000
C6H5C2H5                     2   523.600     5.960     0.000     0.000     1.000
ACH3C2H3                     2   523.600     5.960     0.000     0.000     1.000
ACH3C2H5                     2   523.600     5.960     0.000     0.000     1.000
ACH2RC2H3                    2   523.600     5.960     0.000     0.000     1.000
ACH3CH3                      2   523.600     5.960     0.000     0.000     1.000
ACH3RCH2                     2   523.600     5.960     0.000     0.000     1.000
C6H9                         2   426.300     5.510     0.000     0.000     1.000
C6H10                        2   426.300     5.510     0.000     0.000     1.000
C8H14                        2   494.000     6.170     0.000     0.000     1.000
C8H16-C                      2   538.100     6.112     0.000     0.000     1.000
C8H16-1-5                    2   511.500     6.297     0.000     0.000     1.000
IC8H14                       2   494.000     6.170     0.000     0.000     1.000
C6H5C2H3                     2   546.200     6.000     0.130    15.000     1.000
C6H5CHCH                     2   546.200     6.000     0.000     0.000     1.000
C6H5CCH2                     2   546.200     6.000     0.000     0.000     1.000
C6H5C2                       2   534.300     5.710     0.000     0.000     1.000
C6H4C2H3                     2   546.200     6.000     0.000     0.000     1.000
C6H4C2H                      2   534.300     5.710     0.000     0.000     1.000
AAC2H5                       2   695.000     6.530     0.000     0.000     1.000
AAC2H3                       2   689.800     6.500     0.000     0.000     1.000
AARCCH2                      2   689.800     6.500     0.000     0.000     1.000
AACCH                        2   689.800     6.500     0.000     0.000     1.000
ARACCH                       2   689.800     6.500     0.000     0.000     1.000
ARAC2H3                      2   687.200     6.490     0.000     0.000     1.000
C6H5CCO                      2   588.200     5.940     0.000     0.000     1.000
C10H7                        2   630.400     6.180     0.000     0.000     1.000
C10H7O                       2   630.400     6.180     0.000     0.000     1.000
AC2H3C2H5                    2   630.400     6.180     0.000     0.000     1.000
AC2H3C2H3                    2   630.400     6.180     0.000     0.000     1.000
C10H8                        2   630.400     6.180     0.000    16.500     1.000
C10H9                        2   630.400     6.180     0.000     0.000     1.000
C10H10                       2   630.400     6.180     0.000     0.000     1.000
C10H7CH2                     2   660.000     6.350     0.000     0.000     1.000
AACH3CH2                     2   660.000     6.350     0.000     0.000     1.000
C10H7OH                      2   663.450     6.362     0.000     0.000     1.000
C10H7CH3                     2   660.000     6.350     0.000     0.000     1.000
FLRNTHN                      2   812.300     7.170     0.000     0.000     1.000
ACEPHEN                      2   812.300     7.170     0.000     0.000     1.000
ANTHRACN                     2   772.000     6.960     0.000    25.400     1.000
CH3INDENE                    2   625.000     6.150     0.000     0.000     1.000
CH3INDENYL                   2   625.000     6.150     0.000     0.000     1.000
AAACH3                       2   783.900     6.995     0.000     0.000     1.000
P1HENANOL                    2   783.900     6.995     0.000     0.000     1.000
P5HENANOL                    2   783.900     6.995     0.000     0.000     1.000
P1HANOXY                     2   783.900     6.995     0.000     0.000     1.000
P5HANOXY                     2   783.900     6.995     0.000     0.000     1.000
AAARCH2                      2   783.900     6.995     0.000     0.000     1.000
AAAC2H5                      2   816.600     7.160     0.000     0.000     1.000
AAAC2H3                      2   812.000     7.137     0.000     0.000     1.000
PHNTHRN                      2   772.000     6.960     0.000    38.800     1.000
PENTANAPH                    2   772.000     6.960     0.000     0.000     1.000
PENAPRAD                     2   772.000     6.960     0.000     0.000     1.000
P1HNTHRNYL                   2   772.000     6.960     0.000    38.800     1.000
P5HNTHRNYL                   2   772.000     6.960     0.000    38.800     1.000
PYRENE                       2   834.900     7.240     0.000     0.000     1.000
CY5PYREN                     2   862.000     7.382     0.000     0.000     1.000
H4PENTDEF                    2   834.900     7.240     0.000     0.000     1.000
H4PDFRAD                     2   834.900     7.240     0.000     0.000     1.000
PYRENYL                      2   834.900     7.240     0.000     0.000     1.000
DHPYRENE                     2   834.900     7.240     0.000     0.000     1.000
BENZOAP                      2   832.500     7.550     1.400     0.000     1.000
SMILEY                       2   832.500     7.550     0.000     0.000     1.000
BENZOGHI                     2   832.500     7.550     0.000     0.000     1.000
CPENTACD                     2   832.500     7.550     0.000     0.000     1.000
ACEC10H8                     2   695.400     6.760     0.000     0.000     1.000
ACEC10H7                     2   695.400     6.760     0.000     0.000     1.000
INDENE                       2   588.600     5.960     0.650     0.000     1.000
INDENYL                      2   588.600     5.960     0.000     0.000     1.000
CH3NDENE                     2   588.600     5.960     0.000     0.000     1.000
CH3NDNYL                     2   588.600     5.960     0.000     0.000     1.000
CH3FLRNE                     2   712.600     6.890     0.000     0.000     1.000
CH3FLRNL                     2   712.600     6.890     0.000     0.000     1.000
FLRENE                       2   712.600     6.890     0.000     0.000     1.000
FLRNYLP                      2   712.600     6.890     0.000     0.000     1.000
FLRNYLA                      2   712.600     6.890     0.000     0.000     1.000
CH2FLRNE                     2   712.600     6.890     0.000     0.000     1.000
C6H5C5H5                     2   783.800     6.640     0.000     0.000     1.000
C6H5C5H4                     2   783.800     6.640     0.000     0.000     1.000
BIBENZYL                     2   783.800     6.640     0.000     0.000     1.000
STILBENE                     2   772.000     6.960     0.000     0.000     1.000
STILBNRD                     2   772.000     6.960     0.000     0.000     1.000
DHANTHRN                     2   772.000     6.960     0.000     0.000     1.000
OBZYLTOL                     2   772.000     6.960     0.000     0.000     1.000
OBZYLTLR                     2   772.000     6.960     0.000     0.000     1.000
DMDP                         2   712.600     6.890     0.000     0.000     1.000
DMDPRD                       2   712.600     6.890     0.000     0.000     1.000
SCH2                         1   144.000     3.800     0.000     0.000     0.000
CH2CHCCH                     2   373.700     4.790     0.000     0.000     1.000
CH2CHCCH2                    2   373.700     4.790     0.000     0.000     1.000
CH3CCCH2                     2   357.100     4.720     0.000     0.000     1.000
CH3CHCCH2                    2   357.100     4.720     0.000     0.000     1.000
CH2CH2CCH                    2   373.700     4.790     0.000     0.000     1.000
CH2CHCH2                     2   316.000     4.220     0.000     0.000     1.000
AC3H5                        2   316.000     4.220     0.000     0.000     1.000
CH2CHCHCH                    2   357.100     4.720     0.000     0.000     1.000
CHCHCHCH                     2   357.100     4.720     0.000     0.000     1.000
CH2CHCHCH2                   2   357.100     4.720     0.000     0.000     1.000
C2H3O1,2                     2   436.000     3.970     0.000     0.000     2.000
HCOH                         2   498.000     3.590     0.000     0.000     1.000
H2CO                         2   498.000     3.590     0.000     0.000     2.000
CH2HCO                       2   436.000     3.970     0.000     0.000     2.000
CHOCHO                       1   440.200     4.010     0.000     0.000     2.000
CHOCO                        1   440.200     4.010     0.000     0.000     2.000
HCO2H                        2   481.800     3.626     1.700     0.000     1.000
CH3CC                        2   252.000     4.760     0.000     0.000     1.000
CH3CCCH3                     2   357.100     4.720     0.000     0.000     1.000
CH3CCH2                      2   316.000     4.220     0.000     0.000     1.000
TC3H5                        2   316.000     4.220     0.000     0.000     1.000
CH3CHCH                      2   316.000     4.220     0.000     0.000     1.000
SC3H5                        2   316.000     4.220     0.000     0.000     1.000
CH3CH2CCH                    2   357.100     4.720     0.000     0.000     1.000
CH3HCO                       2   436.000     3.970     0.000     0.000     2.000
CH3CO2                       2   436.000     3.970     0.000     0.000     2.000
CH3CO3                       2   436.000     3.970     0.000     0.000     2.000
CH3CO3H                      2   436.000     3.970     0.000     0.000     2.000
CH3O2                        2   481.800     3.626     0.000     0.000     1.000
CH3O2H                       2   481.800     3.626     0.000     0.000     1.000
CH4O                         2   417.000     3.690     1.700     0.000     2.000
CN                           1    75.000     3.856     0.000     0.000     1.000
CNC                          1   232.400     3.828     0.000     0.000     1.000
CNN                          1   232.400     3.828     0.000     0.000     1.000
F                            0    80.000     2.750     0.000     0.000     0.000
F2                           1   125.700     3.301     0.000     1.600     3.800
GAH                          1   335.500     4.240     0.000     0.000     1.000
H2C4O                        2   357.000     5.180     0.000     0.000     1.000
H2CCC                        2   265.300     3.721     0.000     0.000     1.000
H2CCC(S)                     2   265.300     3.721     0.000     0.000     1.000
H2CCCH                       2   252.000     4.760     0.000     0.000     1.000
H2CCCCH                      2   357.100     4.720     0.000     0.000     1.000
H2CCCCH2                     2   357.100     4.720     0.000     0.000     1.000
H2CCCCCH                     1   408.000     5.200     0.000     0.000     1.000
H2CN                         1   569.000     3.630     0.000     0.000     1.000
H2NO                         2   116.700     3.492     0.000     0.000     1.000
H2S                          2   301.000     3.600     0.000     0.000     1.000
HC2N2                        1   349.000     4.361     0.000     0.000     1.000
HCCHCCH                      2   357.100     4.720     0.000     0.000     1.000
HCCCHCCH                     1   408.000     5.200     0.000     0.000     1.000
HCN                          1   569.000     3.630     0.000     0.000     1.000
HCO+                         1   498.000     3.590     0.000     0.000     0.000
HF                           1   330.000     3.148     1.920     2.460     1.000
HF0                          1   352.000     2.490     1.730     0.000     5.000
HF1                          1   352.000     2.490     1.730     0.000     5.000
HF2                          1   352.000     2.490     1.730     0.000     5.000
HF3                          1   352.000     2.490     1.730     0.000     5.000
HF4                          1   352.000     2.490     1.730     0.000     5.000
HF5                          1   352.000     2.490     1.730     0.000     5.000
HF6                          1   352.000     2.490     1.730     0.000     5.000
HF7                          1   352.000     2.490     1.730     0.000     5.000
HF8                          1   352.000     2.490     1.730     0.000     5.000
HCNO                         2   232.400     3.828     0.000     0.000     1.000
HOCN                         2   232.400     3.828     0.000     0.000     1.000
HNCO                         2   232.400     3.828     0.000     0.000     1.000
HNNO                         2   232.400     3.828     0.000     0.000     1.000
HNO                          2   116.700     3.492     0.000     0.000     1.000
HNOH                         2   116.700     3.492     0.000     0.000     1.000
HSO2                         2   252.000     4.290     0.000     0.000     1.000
N                            0    71.400     3.298     0.000     0.000     0.000
N2H2                         2    71.400     3.798     0.000     0.000     1.000
N2H3                         2   200.000     3.900     0.000     0.000     1.000
N2H4                         2   205.000     4.230     0.000     4.260     1.500
N2O                          1   232.400     3.828     0.000     0.000     1.000
NCN                          1   232.400     3.828     0.000     0.000     1.000
NCO                          1   232.400     3.828     0.000     0.000     1.000
NH                           1    80.000     2.650     0.000     0.000     4.000
NH2                          2    80.000     2.650     0.000     2.260     4.000
NH3                          2   481.000     2.920     1.470     0.000    10.000
NNH                          2    71.400     3.798     0.000     0.000     1.000
NO                           1    97.530     3.621     0.000     1.760     4.000
NCNO                         2   232.400     3.828     0.000     0.000     1.000
NO2                          2   200.000     3.500     0.000     0.000     1.000
O3                           2   180.000     4.100     0.000     0.000     2.000
OH*                          1    80.000     2.750     0.000     0.000     0.000
S                            0   847.000     3.839     0.000     0.000     0.000
S2                           1   847.000     3.900     0.000     0.000     1.000
SH                           1   847.000     3.900     0.000     0.000     1.000
SO                           1   301.000     3.993     0.000     0.000     1.000
SO2                          2   252.000     4.290     0.000     0.000     1.000
SO3                          2   378.400     4.175     0.000     0.000     1.000
SIH4                         2   207.600     4.084     0.000     0.000     1.000
SIH3                         2   170.300     3.943     0.000     0.000     1.000
SIH2                         2   133.100     3.803     0.000     0.000     1.000
SIH                          1    95.800     3.662     0.000     0.000     1.000
SI                           0  3036.000     2.910     0.000     0.000     0.000
SI2H6                        2   301.300     4.828     0.000     0.000     1.000
SI2H5                        2   306.900     4.717     0.000     0.000     1.000
SI2H4                        2   312.600     4.601     0.000     0.000     1.000
SI2H3                        2   318.200     4.494     0.000     0.000     1.000
SI2H2                        2   323.800     4.383     0.000     0.000     1.000
SI2                          1  3036.000     3.280     0.000     0.000     1.000
SI3                          2  3036.000     3.550     0.000     0.000     1.000
SIF3                         2   309.600     4.359     0.000     0.000     1.000
SIF3NH2                      2   231.000     4.975     0.000     0.000     1.000
SIF4                         2   171.900     4.880     0.000     0.000     1.000
SIHF3                        2   180.800     4.681     0.000     0.000     1.000
H2SISIH2                     2   312.600     4.601     0.000     0.000     1.000
H3SISIH                      2   312.600     4.601     0.000     0.000     1.000
SI3H8                        2   331.200     5.562     0.000     0.000     1.000
ASH3                         2   259.800     4.145     0.000     0.000     1.000
AS2                          1  1045.500     5.510     0.000     0.000     1.000
GAME3                        2   378.200     5.520     0.000     0.000     1.000
GAME2                        2   675.800     5.220     0.000     0.000     1.000
GAME                         2   972.700     4.920     0.000     0.000     1.000
GA                           0  2961.800     4.620     0.000     0.000     0.000
K                            0   850.000     4.250     0.000     0.000     1.000
KOH                          2  1213.000     4.520     0.000     0.000     1.000
KO2                          2  1213.000     4.690     0.000     0.000     1.000
KH                           1    93.300     3.542     0.000     0.000     1.000
K+                           0   850.000     4.250     0.000     0.000     1.000
E                            0   850.000   425.000     0.000     0.000     1.000
KCL                          1  1989.000     4.186     0.000     0.000     1.000
CL                           0   130.800     3.613     0.000     0.000     1.000
CL-                          0   130.800     3.613     0.000     0.000     1.000
HCL                          1   344.700     3.339     1.084     0.000     1.000
KO                           1   383.000     3.812     0.000     0.000     1.000
NC10H22                      2   540.000     7.085     0.000     0.000     1.000
NC10H22O                     2   600.600     7.229     1.800     0.000     1.000
335C10H22                    2   522.000     6.873     0.000     0.000     1.000
2255C10H22                   2   497.300     6.899     0.000     0.000     1.000
IC8H18                       2   458.500     6.414     0.000     0.000     1.000
AC8H17                       2   458.500     6.414     0.000     0.000     1.000
BC8H17                       2   458.500     6.414     0.000     0.000     1.000
CC8H17                       2   458.500     6.414     0.000     0.000     1.000
DC8H17                       2   458.500     6.414     0.000     0.000     1.000
1C8H17OH                     2   581.300     6.506     2.000     0.000     1.000
AC8H17O                      2   581.300     6.506     2.000     0.000     1.000
BC8H17O                      2   581.300     6.506     2.000     0.000     1.000
CC8H17O                      2   581.300     6.506     2.000     0.000     1.000
DC8H17O                      2   581.300     6.506     2.000     0.000     1.000
1C8H16                       2   485.600     6.440     0.300     0.000     1.000
IC8H16                       2   485.600     6.440     0.300     0.000     1.000
JC8H16                       2   485.600     6.440     0.300     0.000     1.000
IC8H15                       2   485.600     6.440     0.300     0.000     1.000
NC7H16                       2   459.600     6.253     0.000     0.000     1.000
C7H15-1                      2   459.600     6.253     0.000     0.000     1.000
C7H15-2                      2   459.600     6.253     0.000     0.000     1.000
C7H15-3                      2   459.600     6.253     0.000     0.000     1.000
C7H15-4                      2   459.600     6.253     0.000     0.000     1.000
NEOC7H16                     2   437.300     6.168     0.000     0.000     1.000
2-4C7H16                     2   437.300     6.168     0.000     0.000     1.000
QC7H15                       2   437.300     6.168     0.000     0.000     1.000
PC7H15                       2   437.300     6.168     0.000     0.000     1.000
OC7H15                       2   437.300     6.168     0.000     0.000     1.000
NC7H15                       2   437.300     6.168     0.000     0.000     1.000
XC7H15                       2   437.300     6.168     0.000     0.000     1.000
YC7H15                       2   437.300     6.168     0.000     0.000     1.000
ZC7H15                       2   437.300     6.168     0.000     0.000     1.000
1C7H15OH                     2   561.000     6.317     1.700     0.000     1.000
C7H15O-1                     2   561.000     6.317     1.700     0.000     1.000
C7H15O-2                     2   561.000     6.317     1.700     0.000     1.000
C7H15O-3                     2   561.000     6.317     1.700     0.000     1.000
C7H15O-4                     2   561.000     6.317     1.700     0.000     1.000
C7H15O2-1                    2   561.000     6.317     1.700     0.000     1.000
C7H15O2-2                    2   561.000     6.317     1.700     0.000     1.000
C7H15O2-3                    2   561.000     6.317     1.700     0.000     1.000
C7H15O2-4                    2   561.000     6.317     1.700     0.000     1.000
C7H15O2H-1                   2   561.000     6.317     1.700     0.000     1.000
C7H15O2H-2                   2   561.000     6.317     1.700     0.000     1.000
C7H15O2H-3                   2   561.000     6.317     1.700     0.000     1.000
C7H15O2H-4                   2   561.000     6.317     1.700     0.000     1.000
C7H14OOH1-2                  2   561.000     6.317     1.700     0.000     1.000
C7H14OOH1-3                  2   561.000     6.317     1.700     0.000     1.000
C7H14OOH1-4                  2   561.000     6.317     1.700     0.000     1.000
C7H14OOH1-5                  2   561.000     6.317     1.700     0.000     1.000
C7H14OOH2-1                  2   561.000     6.317     1.700     0.000     1.000
C7H14OOH2-3                  2   561.000     6.317     1.700     0.000     1.000
C7H14OOH2-4                  2   561.000     6.317     1.700     0.000     1.000
C7H14OOH2-5                  2   561.000     6.317     1.700     0.000     1.000
C7H14OOH2-6                  2   561.000     6.317     1.700     0.000     1.000
C7H14OOH3-1                  2   561.000     6.317     1.700     0.000     1.000
C7H14OOH3-2                  2   561.000     6.317     1.700     0.000     1.000
C7H14OOH3-4                  2   561.000     6.317     1.700     0.000     1.000
C7H14OOH3-5                  2   561.000     6.317     1.700     0.000     1.000
C7H14OOH3-6                  2   561.000     6.317     1.700     0.000     1.000
C7H14OOH3-7                  2   561.000     6.317     1.700     0.000     1.000
C7H14OOH4-1                  2   561.000     6.317     1.700     0.000     1.000
C7H14OOH4-2                  2   561.000     6.317     1.700     0.000     1.000
C7H14OOH4-3                  2   561.000     6.317     1.700     0.000     1.000
C7H14OOH1-2O2                2   600.600     7.229     1.800     0.000     1.000
C7H14OOH1-3O2                2   600.600     7.229     1.800     0.000     1.000
C7H14OOH1-4O2                2   600.600     7.229     1.800     0.000     1.000
C7H14OOH1-5O2                2   600.600     7.229     1.800     0.000     1.000
C7H14OOH2-1O2                2   600.600     7.229     1.800     0.000     1.000
C7H14OOH2-3O2                2   600.600     7.229     1.800     0.000     1.000
C7H14OOH2-4O2                2   600.600     7.229     1.800     0.000     1.000
C7H14OOH2-5O2                2   600.600     7.229     1.800     0.000     1.000
C7H14OOH2-6O2                2   600.600     7.229     1.800     0.000     1.000
C7H14OOH3-1O2                2   600.600     7.229     1.800     0.000     1.000
C7H14OOH3-2O2                2   600.600     7.229     1.800     0.000     1.000
C7H14OOH3-4O2                2   600.600     7.229     1.800     0.000     1.000
C7H14OOH3-5O2                2   600.600     7.229     1.800     0.000     1.000
C7H14OOH3-6O2                2   600.600     7.229     1.800     0.000     1.000
C7H14OOH3-7O2                2   600.600     7.229     1.800     0.000     1.000
C7H14OOH4-1O2                2   600.600     7.229     1.800     0.000     1.000
C7H14OOH4-2O2                2   600.600     7.229     1.800     0.000     1.000
C7H14OOH4-3O2                2   600.600     7.229     1.800     0.000     1.000
C7H14O1-2                    2   511.500     6.297     0.000     0.000     1.000
C7H14O1-3                    2   511.500     6.297     0.000     0.000     1.000
C7H14O1-4                    2   511.500     6.297     0.000     0.000     1.000
C7H14O1-5                    2   511.500     6.297     0.000     0.000     1.000
C7H14O2-3                    2   511.500     6.297     0.000     0.000     1.000
C7H14O2-4                    2   511.500     6.297     0.000     0.000     1.000
C7H14O2-5                    2   511.500     6.297     0.000     0.000     1.000
C7H14O2-6                    2   511.500     6.297     0.000     0.000     1.000
C7H14O3-4                    2   511.500     6.297     0.000     0.000     1.000
C7H14O3-5                    2   511.500     6.297     0.000     0.000     1.000
NC7KET12                     2   581.300     6.506     2.000     0.000     1.000
NC7KET13                     2   581.300     6.506     2.000     0.000     1.000
NC7KET14                     2   581.300     6.506     2.000     0.000     1.000
NC7KET15                     2   581.300     6.506     2.000     0.000     1.000
NC7KET21                     2   581.300     6.506     2.000     0.000     1.000
NC7KET23                     2   581.300     6.506     2.000     0.000     1.000
NC7KET24                     2   581.300     6.506     2.000     0.000     1.000
NC7KET25                     2   581.300     6.506     2.000     0.000     1.000
NC7KET26                     2   581.300     6.506     2.000     0.000     1.000
NC7KET31                     2   581.300     6.506     2.000     0.000     1.000
NC7KET32                     2   581.300     6.506     2.000     0.000     1.000
NC7KET34                     2   581.300     6.506     2.000     0.000     1.000
NC7KET35                     2   581.300     6.506     2.000     0.000     1.000
NC7KET36                     2   581.300     6.506     2.000     0.000     1.000
NC7KET37                     2   581.300     6.506     2.000     0.000     1.000
NC7KET41                     2   581.300     6.506     2.000     0.000     1.000
NC7KET42                     2   581.300     6.506     2.000     0.000     1.000
NC7KET43                     2   581.300     6.506     2.000     0.000     1.000
QC7H15O                      2   561.000     6.317     1.700     0.000     1.000
PC7H15O                      2   561.000     6.317     1.700     0.000     1.000
OC7H15O                      2   561.000     6.317     1.700     0.000     1.000
NC7H15O                      2   561.000     6.317     1.700     0.000     1.000
XC7H15O                      2   561.000     6.317     1.700     0.000     1.000
YC7H15O                      2   561.000     6.317     1.700     0.000     1.000
ZC7H15O                      2   561.000     6.317     1.700     0.000     1.000
1C7H14                       2   457.800     6.173     0.300     0.000     1.000
C7H14-1                      2   457.800     6.173     0.300     0.000     1.000
C7H14-2                      2   457.800     6.173     0.300     0.000     1.000
C7H14-3                      2   457.800     6.173     0.300     0.000     1.000
C7H13                        2   457.800     6.173     0.300     0.000     1.000
IBC7H14                      2   439.200     6.151     0.000     0.000     1.000
O-C7H14                      2   439.200     6.151     0.000     0.000     1.000
PC7H14                       2   439.200     6.151     0.000     0.000     1.000
XC7H14                       2   439.200     6.151     0.000     0.000     1.000
YC7H14                       2   439.200     6.151     0.000     0.000     1.000
PC7H13                       2   439.200     6.151     0.000     0.000     1.000
XC7H13                       2   439.200     6.151     0.000     0.000     1.000
NC6H14                       2   427.400     5.946     0.000     0.000     1.000
NEOC6H14                     2   406.100     5.842     0.000     0.000     1.000
XC6H14                       2   416.700     5.852     0.000     0.000     1.000
3-C6H14                      2   422.500     5.870     0.000     0.000     1.000
IC6H14                       2   422.500     5.870     0.000     0.000     1.000
C2H5COC3H7-N                 2   498.600     6.009     2.000     0.000     1.000
FC6H13                       2   406.100     5.842     0.000     0.000     1.000
GC6H13                       2   406.100     5.842     0.000     0.000     1.000
HC6H13                       2   406.100     5.842     0.000     0.000     1.000
AC6H13                       2   422.500     5.870     0.000     0.000     1.000
BC6H13                       2   422.500     5.870     0.000     0.000     1.000
C-C6H13                      2   422.500     5.870     0.000     0.000     1.000
DC6H13                       2   422.500     5.870     0.000     0.000     1.000
EC6H13                       2   422.500     5.870     0.000     0.000     1.000
1C6H13OH                     2   541.500     5.674     1.800     0.000     1.000
FC6H13O                      2   541.500     5.674     1.800     0.000     1.000
GC6H13O                      2   541.500     5.674     1.800     0.000     1.000
HC6H13O                      2   541.500     5.674     1.800     0.000     1.000
AC6H13O                      2   541.500     5.674     1.800     0.000     1.000
BC6H13O                      2   541.500     5.674     1.800     0.000     1.000
C-C6H13O                     2   541.500     5.674     1.800     0.000     1.000
DC6H13O                      2   541.500     5.674     1.800     0.000     1.000
EC6H13O                      2   541.500     5.674     1.800     0.000     1.000
NEOC6H12                     2   397.900     5.767     0.000     0.000     1.000
KC6H12                       2   435.900     5.807     0.000     0.000     1.000
JC6H12                       2   415.300     5.794     0.000     0.000     1.000
C-C6H12                      2   414.400     5.872     0.000     0.000     1.000
C-C6H12-C                    2   411.900     5.860     0.000     0.000     1.000
H-C6H12                      2   430.600     5.843     0.000     0.000     1.000
H-C6H12-C                    2   433.600     5.825     0.000     0.000     1.000
BC6H12                       2   430.100     5.833     0.000     0.000     1.000
3C6H12                       2   431.500     5.859     0.000     0.000     1.000
3C6H12-C                     2   428.900     5.830     0.300     0.000     1.000
2C6H12                       2   429.600     5.829     0.000     0.000     1.000
2C6H12-C                     2   432.400     5.827     0.000     0.000     1.000
1C6H12                       2   423.200     5.834     0.400     0.000     1.000
AC6H12                       2   430.100     5.833     0.000     0.000     1.000
DC6H12                       2   414.400     5.872     0.000     0.000     1.000
NEOC6H11                     2   397.900     5.767     0.000     0.000     1.000
C6H11OOH1-4                  2   561.000     6.317     1.700     0.000     1.000
C6H11OOH1-5                  2   561.000     6.317     1.700     0.000     1.000
C6H11O1-4                    2   541.500     5.674     1.800     0.000     1.000
C6H11O1-5                    2   541.500     5.674     1.800     0.000     1.000
IC6H12                       2   430.100     5.833     0.000     0.000     1.000
NC3H7COOC2H5                 2   494.800     6.174     1.800     0.000     1.000
NC5KET12                     2   494.800     6.174     1.800     0.000     1.000
NC5KET13                     2   494.800     6.174     1.800     0.000     1.000
NC5KET14                     2   494.800     6.174     1.800     0.000     1.000
NC5KET15                     2   494.800     6.174     1.800     0.000     1.000
NC5KET21                     2   494.800     6.174     1.800     0.000     1.000
NC5KET23                     2   494.800     6.174     1.800     0.000     1.000
NC5KET24                     2   494.800     6.174     1.800     0.000     1.000
NC5KET25                     2   494.800     6.174     1.800     0.000     1.000
NC5KET31                     2   494.800     6.174     1.800     0.000     1.000
NC5KET32                     2   494.800     6.174     1.800     0.000     1.000
NC3H7COOC3H7-N               2   467.000     6.548     1.800     0.000     1.000
NC6KET12                     2   467.000     6.548     1.800     0.000     1.000
NC6KET13                     2   467.000     6.548     1.800     0.000     1.000
NC6KET14                     2   467.000     6.548     1.800     0.000     1.000
NC6KET15                     2   467.000     6.548     1.800     0.000     1.000
NC6KET21                     2   467.000     6.548     1.800     0.000     1.000
NC6KET23                     2   467.000     6.548     1.800     0.000     1.000
NC6KET24                     2   467.000     6.548     1.800     0.000     1.000
NC6KET25                     2   467.000     6.548     1.800     0.000     1.000
NC6KET26                     2   467.000     6.548     1.800     0.000     1.000
NC6KET31                     2   467.000     6.548     1.800     0.000     1.000
NC6KET32                     2   467.000     6.548     1.800     0.000     1.000
NC6KET34                     2   467.000     6.548     1.800     0.000     1.000
NC6KET35                     2   467.000     6.548     1.800     0.000     1.000
NC6KET36                     2   467.000     6.548     1.800     0.000     1.000
NEO-C5H12                    2   357.800     5.550     0.000     0.000     1.000
IC5H12                       2   382.100     5.548     0.000     0.000     1.000
NC5H11CHO                    2   498.600     6.009     2.000     0.000     1.000
NC5H11CO                     2   498.600     6.009     2.000     0.000     1.000
NC5H10CHO-1                  2   498.600     6.009     2.000     0.000     1.000
NC5H10CHO-2                  2   498.600     6.009     2.000     0.000     1.000
NC5H10CHO-3                  2   498.600     6.009     2.000     0.000     1.000
NC5H10CHO-4                  2   498.600     6.009     2.000     0.000     1.000
NC5H10CHO-5                  2   498.600     6.009     2.000     0.000     1.000
1C5H11OH                     2   523.200     5.664     1.700     0.000     1.000
IC5H11OH-1                   2   451.900     6.041     0.000     0.000     1.000
IC5H11OH-2                   2   431.400     5.624     1.900     0.000     1.000
1C5H11O                      2   523.200     5.664     1.700     0.000     1.000
2C5H11O                      2   523.200     5.664     1.700     0.000     1.000
3C5H11O                      2   523.200     5.664     1.700     0.000     1.000
AC5H11O                      2   523.200     5.664     1.700     0.000     1.000
BC5H11O                      2   523.200     5.664     1.700     0.000     1.000
CC5H11O                      2   523.200     5.664     1.700     0.000     1.000
DC5H11O                      2   523.200     5.664     1.700     0.000     1.000
C5H11O2-1                    2   523.200     5.664     1.700     0.000     1.000
C5H11O2-2                    2   523.200     5.664     1.700     0.000     1.000
C5H11O2-3                    2   523.200     5.664     1.700     0.000     1.000
C5H11O2H-1                   2   523.200     5.664     1.700     0.000     1.000
C5H11O2H-2                   2   523.200     5.664     1.700     0.000     1.000
C5H11O2H-3                   2   523.200     5.664     1.700     0.000     1.000
C5H10OOH1-2                  2   523.200     5.664     1.700     0.000     1.000
C5H10OOH1-3                  2   523.200     5.664     1.700     0.000     1.000
C5H10OOH1-4                  2   523.200     5.664     1.700     0.000     1.000
C5H10OOH2-1                  2   523.200     5.664     1.700     0.000     1.000
C5H10OOH2-3                  2   523.200     5.664     1.700     0.000     1.000
C5H10OOH2-4                  2   523.200     5.664     1.700     0.000     1.000
C5H10OOH2-5                  2   523.200     5.664     1.700     0.000     1.000
C5H10OOH3-1                  2   523.200     5.664     1.700     0.000     1.000
C5H10OOH3-2                  2   523.200     5.664     1.700     0.000     1.000
C5H10OOH1-2O2                2   523.200     5.664     1.700     0.000     1.000
C5H10OOH1-3O2                2   523.200     5.664     1.700     0.000     1.000
C5H10OOH1-4O2                2   523.200     5.664     1.700     0.000     1.000
C5H10OOH1-5O2                2   523.200     5.664     1.700     0.000     1.000
C5H10OOH2-1O2                2   523.200     5.664     1.700     0.000     1.000
C5H10OOH2-3O2                2   523.200     5.664     1.700     0.000     1.000
C5H10OOH2-4O2                2   523.200     5.664     1.700     0.000     1.000
C5H10OOH2-5O2                2   523.200     5.664     1.700     0.000     1.000
C5H10OOH3-1O2                2   523.200     5.664     1.700     0.000     1.000
C5H10OOH3-2O2                2   523.200     5.664     1.700     0.000     1.000
C5H10O1-2                    2   523.200     5.664     1.700     0.000     1.000
C5H10O1-3                    2   523.200     5.664     1.700     0.000     1.000
C5H10O1-4                    2   523.200     5.664     1.700     0.000     1.000
C5H10O1-5                    2   523.200     5.664     1.700     0.000     1.000
C5H10O2-3                    2   523.200     5.664     1.700     0.000     1.000
C5H10O2-4                    2   523.200     5.664     1.700     0.000     1.000
C5H9OOH-14                   2   541.500     5.674     1.800     0.000     1.000
C5H9OOH-15                   2   541.500     5.674     1.800     0.000     1.000
C5H9O-14                     2   523.200     5.664     1.700     0.000     1.000
C5H9O-15                     2   523.200     5.664     1.700     0.000     1.000
NEO-C5H11O                   2   523.200     5.664     1.700     0.000     1.000
C2H5COC2H5                   2   476.700     5.714     2.700     0.000     1.000
C2H5COC2H3                   2   476.700     5.714     2.700     0.000     1.000
PC2H4COC2H3                  2   476.700     5.714     2.700     0.000     1.000
SC2H4COC2H3                  2   476.700     5.714     2.700     0.000     1.000
IC3H7COCH3                   2   469.000     5.632     2.800     0.000     1.000
NC3H7COCH3                   2   477.000     5.735     2.500     0.000     1.000
NC4H9CHO                     2   476.000     5.778     2.600     0.000     1.000
NC4H9CO                      2   476.000     5.778     2.600     0.000     1.000
C4H8CHO-1                    2   476.000     5.778     2.600     0.000     1.000
C4H8CHO-2                    2   476.000     5.778     2.600     0.000     1.000
C4H8CHO-3                    2   476.000     5.778     2.600     0.000     1.000
C4H8CHO-4                    2   476.000     5.778     2.600     0.000     1.000
NC4KET12                     2   476.000     5.778     2.600     0.000     1.000
NC4KET13                     2   476.000     5.778     2.600     0.000     1.000
NC4KET14                     2   476.000     5.778     2.600     0.000     1.000
NC4KET21                     2   476.000     5.778     2.600     0.000     1.000
NC4KET23                     2   476.000     5.778     2.600     0.000     1.000
NC4KET24                     2   476.000     5.778     2.600     0.000     1.000
C-C5H10                      2   372.100     5.446     0.000     0.000     1.000
BC5H10                       2   391.400     5.550     0.000     0.000     1.000
AC5H10                       2   386.600     5.532     0.500     0.000     1.000
2C5H10                       2   396.800     5.458     0.000     0.000     1.000
1C5H10                       2   386.200     5.489     0.400     0.000     1.000
C5H9                         2   396.800     5.458     0.000     0.000     1.000
IC5H9                        2   386.600     5.532     0.500     0.000     1.000
NC4H10                       2   350.900     5.206     0.000     0.000     1.000
NC4H9OH                      2   502.200     5.356     1.800     0.000     1.000
C4H7CHO1-4                   2   476.000     5.778     2.600     0.000     1.000
C4H7CO1-4                    2   476.000     5.778     2.600     0.000     1.000
C4H7CHO1-43                  2   476.000     5.778     2.600     0.000     1.000
C4H7CHO1-44                  2   476.000     5.778     2.600     0.000     1.000
C4H7OOH1-4                   2   523.200     5.664     1.700     0.000     1.000
C4H7O1-4                     2   476.000     5.778     2.600     0.000     1.000
TC3H6O2CHO                   2   436.400     5.352     0.000     0.000     1.000
TC3H6O2HCO                   2   436.400     5.352     0.000     0.000     1.000
TC3H6OHCHO                   2   436.400     5.352     0.000     0.000     1.000
IC3H5O2HCHO                  2   436.400     5.352     0.000     0.000     1.000
NC3H7CHO                     2   464.200     5.009     2.600     0.000     1.000
AC3H5CHO                     2   464.200     5.009     2.600     0.000     1.000
AC3H5CO                      2   464.200     5.009     2.600     0.000     1.000
C2H3CHCHO                    2   464.200     5.009     2.600     0.000     1.000
C2H5CHCHO                    2   464.200     5.009     2.600     0.000     1.000
C3H6CHO-1                    2   464.200     5.009     2.600     0.000     1.000
C3H6CHO-2                    2   464.200     5.009     2.600     0.000     1.000
C3H6CHO-3                    2   464.200     5.009     2.600     0.000     1.000
C2H5OCHO                     2   427.000     5.117     2.000     0.000     1.000
CH3CHOCHO                    2   427.000     5.117     2.000     0.000     1.000
C2H5COCH3                    2   454.000     5.413     3.300     0.000     1.000
C2H5COCH2                    2   454.000     5.413     3.300     0.000     1.000
C2H3COCH3                    2   454.000     5.413     3.300     0.000     1.000
C3KET12                      2   464.200     5.009     2.600     0.000     1.000
C3KET13                      2   464.200     5.009     2.600     0.000     1.000
C3KET21                      2   464.200     5.009     2.600     0.000     1.000
NC3H7CO                      2   464.200     5.009     2.600     0.000     1.000
2-C4H8                       2   354.100     5.135     0.000     0.000     1.000
2-C4H8-S                     2   359.700     5.076     0.300     0.000     1.000
1-C4H8                       2   345.700     5.088     0.300     0.000     1.000
1,3-C4H6                     2   350.400     4.984     0.000     0.000     1.000
1,2-C4H6                     2   370.300     4.984     0.400     0.000     1.000
C3H6O                        2   403.600     4.968     2.000     0.000     1.000
C3H6O1-3                     2   403.600     4.968     2.000     0.000     1.000
C3H6OOH1-2                   2   435.200     4.662     2.700     0.000     1.000
C3H6OOH1-3                   2   435.200     4.662     2.700     0.000     1.000
C3H6OOH2-1                   2   435.200     4.662     2.700     0.000     1.000
C3H6OOH1-2O2                 2   435.200     4.662     2.700     0.000     1.000
C3H6OOH1-3O2                 2   435.200     4.662     2.700     0.000     1.000
C3H6OOH2-1O2                 2   435.200     4.662     2.700     0.000     1.000
NC3H7OH                      2   481.500     4.997     1.700     0.000     1.000
IC3H7OH                      2   459.500     5.036     1.700     0.000     1.000
CH3OC2H5                     2   364.600     4.998     1.200     0.000     1.000
NC3H7O2                      2   481.500     4.997     1.700     0.000     1.000
NC3H7O2H                     2   481.500     4.997     1.700     0.000     1.000
IC3H7O2                      2   459.500     5.036     1.700     0.000     1.000
IC3H7O2H                     2   459.500     5.036     1.700     0.000     1.000
A-AC5H10O                    2   492.434     5.369     0.000     0.000     0.000
A-BC5H10O                    2   492.434     5.369     0.000     0.000     0.000
AC3H4COC2H5                  2   527.994     5.587     0.000     0.000     0.000
AC3H4COCH3                   2   482.331     5.306     0.000     0.000     0.000
AC3H5CHCOCH3                 2   527.994     5.587     0.000     0.000     0.000
AC5H10OOH-A                  2   546.691     5.698     0.000     0.000     0.000
AC5H10OOH-AO2                2   639.455     6.230     0.000     0.000     0.000
AC5H10OOH-B                  2   546.691     5.698     0.000     0.000     0.000
AC5H10OOH-BO2                2   639.455     6.230     0.000     0.000     0.000
AC5H10OOH-C                  2   546.691     5.698     0.000     0.000     0.000
AC5H10OOH-CO2                2   639.455     6.230     0.000     0.000     0.000
AC5H10OOH-D                  2   546.691     5.698     0.000     0.000     0.000
AC5H10OOH-DO2                2   639.455     6.230     0.000     0.000     0.000
AC5H11                       2   440.735     5.041     0.000     0.000     0.000
AC5H11O2                     2   546.691     5.698     0.000     0.000     0.000
AC5H11O2H                    2   549.783     5.717     0.000     0.000     0.000
A-CC5H10O                    2   492.434     5.369     0.000     0.000     0.000
A-DC5H10O                    2   492.434     5.369     0.000     0.000     0.000
BC5H10OOH-A                  2   546.691     5.698     0.000     0.000     0.000
BC5H10OOH-AO2                2   639.455     6.230     0.000     0.000     0.000
BC5H10OOH-C                  2   546.691     5.698     0.000     0.000     0.000
BC5H10OOH-CO2                2   639.455     6.230     0.000     0.000     0.000
BC5H10OOH-D                  2   546.691     5.698     0.000     0.000     0.000
BC5H10OOH-DO2                2   639.455     6.230     0.000     0.000     0.000
BC5H11                       2   440.735     5.041     0.000     0.000     0.000
BC5H11O2                     2   546.691     5.698     0.000     0.000     0.000
BC5H11O2H                    2   549.783     5.717     0.000     0.000     0.000
B-CC5H10O                    2   492.434     5.369     0.000     0.000     0.000
B-DC5H10O                    2   492.434     5.369     0.000     0.000     0.000
C2H5CHCO                     2   436.950     5.016     0.000     0.000     0.000
C2H5COC2H4P                  2   489.084     5.348     0.000     0.000     0.000
C2H5COC2H4S                  2   489.084     5.348     0.000     0.000     0.000
C3H6COC2H5-1                 2   534.323     5.625     0.000     0.000     0.000
C3H6COC2H5-2                 2   534.323     5.625     0.000     0.000     0.000
C3H6COC2H5-3                 2   534.323     5.625     0.000     0.000     0.000
C3H6COCH3-1                  2   489.084     5.348     0.000     0.000     0.000
C3H6COCH3-2                  2   489.084     5.348     0.000     0.000     0.000
C3H6COCH3-3                  2   489.084     5.348     0.000     0.000     0.000
C4H6CHO1-43                  2   482.331     5.306     0.000     0.000     0.000
C4H6CHO1-44                  2   482.331     5.306     0.000     0.000     0.000
C4H8COCH3-1                  2   534.323     5.625     0.000     0.000     0.000
C4H8COCH3-2                  2   534.323     5.625     0.000     0.000     0.000
C4H8COCH3-3                  2   534.323     5.625     0.000     0.000     0.000
C4H8COCH3-4                  2   534.323     5.625     0.000     0.000     0.000
C5H10CHO-1                   2   534.323     5.625     0.000     0.000     0.000
C5H10CHO-2                   2   534.323     5.625     0.000     0.000     0.000
C5H10CHO-3                   2   534.323     5.625     0.000     0.000     0.000
C5H10CHO-4                   2   534.323     5.625     0.000     0.000     0.000
C5H10CHO-5                   2   534.323     5.625     0.000     0.000     0.000
C5H10OOH1-5                  2   546.691     5.698     0.000     0.000     0.000
C5H9O1-4                     2   489.084     5.348     0.000     0.000     0.000
C5H9O1-5                     2   489.084     5.348     0.000     0.000     0.000
C5H9OOH1-4                   2   543.585     5.680     0.000     0.000     0.000
C5H9OOH1-5                   2   543.585     5.680     0.000     0.000     0.000
C6H11                        2   482.473     5.307     0.000     0.000     0.000
C6H12-1                      2   485.857     5.328     0.000     0.000     0.000
C6H12-2                      2   485.857     5.328     0.000     0.000     0.000
C6H12-3                      2   485.857     5.328     0.000     0.000     0.000
C6H12O1-2                    2   537.467     5.643     0.000     0.000     0.000
C6H12O1-3                    2   537.467     5.643     0.000     0.000     0.000
C6H12O1-4                    2   537.467     5.643     0.000     0.000     0.000
C6H12O1-5                    2   537.467     5.643     0.000     0.000     0.000
C6H12O2-3                    2   537.467     5.643     0.000     0.000     0.000
C6H12O2-4                    2   537.467     5.643     0.000     0.000     0.000
C6H12O2-5                    2   537.467     5.643     0.000     0.000     0.000
C6H12O3-4                    2   537.467     5.643     0.000     0.000     0.000
C6H12OOH1-2                  2   588.653     5.943     0.000     0.000     0.000
C6H12OOH1-2O2                2   677.149     6.436     0.000     0.000     0.000
C6H12OOH1-3                  2   588.653     5.943     0.000     0.000     0.000
C6H12OOH1-3O2                2   677.149     6.436     0.000     0.000     0.000
C6H12OOH1-4                  2   588.653     5.943     0.000     0.000     0.000
C6H12OOH1-4O2                2   677.149     6.436     0.000     0.000     0.000
C6H12OOH1-5                  2   588.653     5.943     0.000     0.000     0.000
C6H12OOH1-5O2                2   677.149     6.436     0.000     0.000     0.000
C6H12OOH2-1                  2   588.653     5.943     0.000     0.000     0.000
C6H12OOH2-1O2                2   677.149     6.436     0.000     0.000     0.000
C6H12OOH2-3                  2   588.653     5.943     0.000     0.000     0.000
C6H12OOH2-3O2                2   677.149     6.436     0.000     0.000     0.000
C6H12OOH2-4                  2   588.653     5.943     0.000     0.000     0.000
C6H12OOH2-4O2                2   677.149     6.436     0.000     0.000     0.000
C6H12OOH2-5                  2   588.653     5.943     0.000     0.000     0.000
C6H12OOH2-5O2                2   677.149     6.436     0.000     0.000     0.000
C6H12OOH2-6                  2   588.653     5.943     0.000     0.000     0.000
C6H12OOH2-6O2                2   677.149     6.436     0.000     0.000     0.000
C6H12OOH3-1                  2   588.653     5.943     0.000     0.000     0.000
C6H12OOH3-1O2                2   677.149     6.436     0.000     0.000     0.000
C6H12OOH3-2                  2   588.653     5.943     0.000     0.000     0.000
C6H12OOH3-2O2                2   677.149     6.436     0.000     0.000     0.000
C6H12OOH3-4                  2   588.653     5.943     0.000     0.000     0.000
C6H12OOH3-4O2                2   677.149     6.436     0.000     0.000     0.000
C6H12OOH3-5                  2   588.653     5.943     0.000     0.000     0.000
C6H12OOH3-5O2                2   677.149     6.436     0.000     0.000     0.000
C6H12OOH3-6                  2   588.653     5.943     0.000     0.000     0.000
C6H12OOH3-6O2                2   677.149     6.436     0.000     0.000     0.000
C6H13-1                      2   489.224     5.349     0.000     0.000     0.000
C6H13-2                      2   489.224     5.349     0.000     0.000     0.000
C6H13-3                      2   489.224     5.349     0.000     0.000     0.000
C6H13O-1                     2   540.597     5.662     0.000     0.000     0.000
C6H13O-2                     2   540.597     5.662     0.000     0.000     0.000
C6H13O2-1                    2   588.653     5.943     0.000     0.000     0.000
C6H13O2-2                    2   588.653     5.943     0.000     0.000     0.000
C6H13O2-3                    2   588.653     5.943     0.000     0.000     0.000
C6H13O2H-1                   2   591.585     5.960     0.000     0.000     0.000
C6H13O2H-2                   2   591.585     5.960     0.000     0.000     0.000
C6H13O2H-3                   2   591.585     5.960     0.000     0.000     0.000
C6H13O-3                     2   540.597     5.662     0.000     0.000     0.000
CC4H8O                       2   444.197     5.063     0.000     0.000     0.000
CC5H10                       2   437.102     5.017     0.000     0.000     0.000
CC5H10OOH-A                  2   546.691     5.698     0.000     0.000     0.000
CC5H10OOH-AO2                2   639.455     6.230     0.000     0.000     0.000
CC5H10OOH-B                  2   546.691     5.698     0.000     0.000     0.000
CC5H10OOH-BO2                2   639.455     6.230     0.000     0.000     0.000
CC5H10OOH-D                  2   546.691     5.698     0.000     0.000     0.000
CC5H10OOH-DO2                2   639.455     6.230     0.000     0.000     0.000
CC5H11                       2   440.735     5.041     0.000     0.000     0.000
CC5H11O2                     2   546.691     5.698     0.000     0.000     0.000
CC5H11O2H                    2   549.783     5.717     0.000     0.000     0.000
C-DC5H10O                    2   492.434     5.369     0.000     0.000     0.000
CH2CH2COCH3                  2   440.584     5.040     0.000     0.000     0.000
CH2CHOOHCOCH3                2   546.562     5.698     0.000     0.000     0.000
CH3CHCHO                     2   387.860     4.687     0.000     0.000     0.000
CH3CHCOCH3                   2   440.584     5.040     0.000     0.000     0.000
CH3CHOOCOCH3                 2   546.562     5.698     0.000     0.000     0.000
CH3COCH2O                    2   447.639     5.086     0.000     0.000     0.000
CH3COCH2O2                   2   502.115     5.429     0.000     0.000     0.000
CH3COCH2O2H                  2   505.403     5.449     0.000     0.000     0.000
DC5H10OOH-A                  2   546.691     5.698     0.000     0.000     0.000
DC5H10OOH-AO2                2   639.455     6.230     0.000     0.000     0.000
DC5H10OOH-B                  2   546.691     5.698     0.000     0.000     0.000
DC5H10OOH-BO2                2   639.455     6.230     0.000     0.000     0.000
DC5H10OOH-C                  2   546.691     5.698     0.000     0.000     0.000
DC5H10OOH-CO2                2   639.455     6.230     0.000     0.000     0.000
DC5H11                       2   440.735     5.041     0.000     0.000     0.000
DC5H11O2                     2   546.691     5.698     0.000     0.000     0.000
DC5H11O2H                    2   549.783     5.717     0.000     0.000     0.000
IC3H5COC2H4P                 2   527.994     5.587     0.000     0.000     0.000
IC3H5COC2H4S                 2   527.994     5.587     0.000     0.000     0.000
IC3H5COC2H5                  2   531.165     5.606     0.000     0.000     0.000
IC3H5COCH2                   2   482.331     5.306     0.000     0.000     0.000
IC3H5COCH3                   2   485.716     5.327     0.000     0.000     0.000
IC3H6CHCOCH2                 2   527.994     5.587     0.000     0.000     0.000
IC3H6CHCOCH3                 2   531.165     5.606     0.000     0.000     0.000
IC3H6COC2H3                  2   527.994     5.587     0.000     0.000     0.000
IC3H6COC2H5                  2   534.323     5.625     0.000     0.000     0.000
IC3H6COCH3                   2   489.084     5.348     0.000     0.000     0.000
IC3H7COC2H3                  2   531.165     5.606     0.000     0.000     0.000
IC3H7COC2H4P                 2   534.323     5.625     0.000     0.000     0.000
IC3H7COC2H4S                 2   534.323     5.625     0.000     0.000     0.000
IC3H7COC2H5                  2   537.467     5.643     0.000     0.000     0.000
IC3H7COCH2                   2   489.084     5.348     0.000     0.000     0.000
IC4H6Q2-II                   2   597.176     5.992     0.000     0.000     0.000
IC4H7-I1                     2   380.022     4.633     0.000     0.000     0.000
IC4H8OOH-I                   2   502.252     5.430     0.000     0.000     0.000
IC4H8OOH-IO2                 2   600.078     6.009     0.000     0.000     0.000
IC4H8OOH-T                   2   502.252     5.430     0.000     0.000     0.000
IC4H8OOH-TO2                 2   600.078     6.009     0.000     0.000     0.000
IC4H9O2                      2   502.252     5.430     0.000     0.000     0.000
IC4H9O2H                     2   505.540     5.450     0.000     0.000     0.000
IC4KETII                     2   549.655     5.716     0.000     0.000     0.000
IC4KETIT                     2   549.655     5.716     0.000     0.000     0.000
IC5KETAA                     2   591.463     5.959     0.000     0.000     0.000
IC5KETAB                     2   591.463     5.959     0.000     0.000     0.000
IC5KETAC                     2   591.463     5.959     0.000     0.000     0.000
IC5KETAD                     2   591.463     5.959     0.000     0.000     0.000
IC5KETCA                     2   591.463     5.959     0.000     0.000     0.000
IC5KETCB                     2   591.463     5.959     0.000     0.000     0.000
IC5KETCD                     2   591.463     5.959     0.000     0.000     0.000
IC5KETDA                     2   591.463     5.959     0.000     0.000     0.000
IC5KETDB                     2   591.463     5.959     0.000     0.000     0.000
IC5KETDC                     2   591.463     5.959     0.000     0.000     0.000
NC3H7COC2H4P                 2   534.323     5.625     0.000     0.000     0.000
NC3H7COC2H4S                 2   534.323     5.625     0.000     0.000     0.000
NC3H7COC2H5                  2   537.467     5.643     0.000     0.000     0.000
NC3H7COCH2                   2   489.084     5.348     0.000     0.000     0.000
NC4H9COCH2                   3   534.323     5.625     0.000     0.000     0.000
NC4H9COCH3                   2   537.467     5.643     0.000     0.000     0.000
NEO-C5H10O                   2   492.434     5.369     0.000     0.000     0.000
NEOC5H10OOH                  2   546.691     5.698     0.000     0.000     0.000
NEOC5H10OOH-O2               2   639.455     6.230     0.000     0.000     0.000
NEOC5H11                     2   440.735     5.041     0.000     0.000     0.000
NEOC5H11O                    2   495.769     5.390     0.000     0.000     0.000
NEOC5H11O2                   2   546.691     5.698     0.000     0.000     0.000
NEOC5H11O2H                  2   549.783     5.717     0.000     0.000     0.000
NEOC5H12                     2   444.347     5.064     0.000     0.000     0.000
NEOC5H9Q2                    2   639.455     6.230     0.000     0.000     0.000
NEOC5H9Q2-N                  2   639.455     6.230     0.000     0.000     0.000
NEOC5KEJOL                   2   540.467     5.661     0.000     0.000     0.000
NEOC5KET                     2   591.463     5.959     0.000     0.000     0.000
NEOC5KETOX                   2   540.467     5.661     0.000     0.000     0.000
O2C4H8CHO                    2   588.531     5.942     0.000     0.000     0.000
O2HC4H8CO                    2   588.531     5.942     0.000     0.000     0.000
SC3H5COCH2                   2   482.331     5.306     0.000     0.000     0.000
TC3H6COC2H3                  2   527.994     5.587     0.000     0.000     0.000
TC3H6COC2H5                  2   534.323     5.625     0.000     0.000     0.000
TC3H6COCH3                   2   489.084     5.348     0.000     0.000     0.000
TC4H8OOH-I                   2   502.252     5.430     0.000     0.000     0.000
TC4H8OOH-IO2                 2   600.078     6.009     0.000     0.000     0.000
TC4H9O2                      2   502.252     5.430     0.000     0.000     0.000
TC4H9O2H                     2   505.540     5.450     0.000     0.000     0.000
CH2O2HCHO                    2   436.000     3.970     0.000     0.000     2.000
O2HC4H7CHO                   2   464.200     5.009     2.600     0.000     1.000
CH3CHOOHCOCH3                2   454.000     5.413     3.300     0.000     1.000
IC3H6CHCHO                   2   476.000     5.778     2.600     0.000     1.000
IC3H6CHCO                    2   476.000     5.778     2.600     0.000     1.000
AC3H5CHCHO                   2   476.000     5.778     2.600     0.000     1.000
C4H8OH-1O2                   2   502.200     5.356     1.800     0.000     1.000
C4H8OH-2O2                   2   502.200     5.356     1.800     0.000     1.000
IC4H8O2H-I                   2   502.200     5.356     1.800     0.000     1.000
IC4H8O2H-T                   2   502.200     5.356     1.800     0.000     1.000
TC4H8O2H-I                   2   502.200     5.356     1.800     0.000     1.000
C2H4OH                       2   470.600     4.410     0.000     0.000     1.500
HOC2H4OH                     2   510.500     4.762     2.200     0.000     1.500
CH3OCH2O2                    2   395.000     4.037     1.300     0.000     1.000
CH2OCH2O2H                   2   395.000     4.037     1.300     0.000     1.000
CH3OCH2O2H                   2   395.000     4.037     1.300     0.000     1.000
CH3OCH2OH                    2   395.000     4.037     1.300     0.000     1.000
CH3OCH2O                     2   395.000     4.037     1.300     0.000     1.000
CH3OCHO                      2   395.000     4.037     1.300     0.000     1.000
CH3OCO                       2   395.000     4.037     1.300     0.000     1.000
CH2OCHO                      2   395.000     4.037     1.300     0.000     1.000
O2CH2OCH2O2H                 2   395.000     4.037     1.300     0.000     1.000
HO2CH2OCHO                   2   395.000     4.037     1.300     0.000     1.000
OCH2OCHO                     2   395.000     4.037     1.300     0.000     1.000
HOCH2OCO                     2   395.000     4.037     1.300     0.000     1.000
CH3CHOOHCOCH2                2   454.000     5.413     3.300     0.000     1.000
C3H4                         1   324.800     4.290     0.000     0.000     1.000
CH*                          1    80.000     2.750     0.000     0.000     0.000
C3H5                         2   316.000     4.220     0.000     0.000     1.000
CH3OO                        2   417.000     3.690     1.700     0.000     2.000
CH2O2                        2   481.800     3.626     1.700     0.000     1.000
HOCH2O2H                     2   481.800     3.626     1.700     0.000     1.000
OCH2O2H                      2   481.800     3.626     1.700     0.000     1.000
HOCH2O2                      2   481.800     3.626     1.700     0.000     1.000
HOCO2                        2   481.800     3.626     1.700     0.000     1.000
HCO3H                        2   481.800     3.626     1.700     0.000     1.000
HCO3                         2   481.800     3.626     1.700     0.000     1.000
HCO2                         2   481.800     3.626     1.700     0.000     1.000
CH3CH2O                      2   470.600     4.410     0.000     0.000     1.500
HOC2H4O2                     2   470.600     4.410     0.000     0.000     1.500
CH3CHOH                      2   470.600     4.410     0.000     0.000     1.500
C3                           1   232.400     3.828     0.000     0.000     1.000
C3H                          1   232.400     3.828     0.000     0.000     1.000
CH2CHCHO                     2   443.200     4.120     0.000     0.000     1.000
CH2CHCH2O                    2   424.600     4.820     0.000     0.000     1.000
CYC4H6                       2   357.000     4.720     0.000     0.000     1.000
CYC3H3CH3                    2   357.000     4.720     0.000     0.000     1.000
CH2CHCOCH3                   2   427.400     4.940     0.000     0.000     1.000
CH2CHCOCH2                   2   427.400     4.940     0.000     0.000     1.000
H2CCCHCCH                    2   408.000     5.200     0.000     0.000     1.000
HCCCH2CCH                    2   408.000     5.200     0.000     0.000     1.000
C-C5H5                       2   408.000     5.200     0.000     0.000     1.000
C-C5H4                       2   408.000     5.200     0.000     0.000     1.000
C-C5H4(S)                    2   408.000     5.200     0.000     0.000     1.000
DHFURAN                      2   408.000     5.200     0.000     0.000     1.000
FURAN                        2   408.000     5.200     0.000     0.000     1.000
C-C5H6                       2   408.000     5.200     0.000     0.000     1.000
L-C5H5                       2   408.000     5.200     0.000     0.000     1.000
L-C5H6                       2   408.000     5.200     0.000     0.000     1.000
L-C5H7                       2   408.000     5.200     0.000     0.000     1.000
C-C5H7                       2   408.000     5.200     0.000     0.000     1.000
L-C5H8                       2   408.000     5.200     0.000     0.000     1.000
FULVENYL                     2   412.300     5.349     0.000     0.000     1.000
C2H3C4H3                     2   412.300     5.349     0.000     0.000     1.000
C-2*4C6H6O                   2   450.000     5.500     0.000     0.000     1.000
OC6H4O                       2   450.000     5.500     0.000     0.000     1.000
C6H4O                        2   450.000     5.500     0.000     0.000     1.000
C-C5H4O                      2   450.000     5.500     0.000     0.000     1.000
C-C5H4OH                     2   450.000     5.500     0.000     0.000     1.000
C-C5H5O                      2   450.000     5.500     0.000     0.000     1.000
CH3CY24PD1                   2   450.000     5.500     0.000     0.000     1.000
CH3CY24PD                    2   450.000     5.500     0.000     0.000     1.000
CH3DCY24PD                   2   450.000     5.500     0.000     0.000     1.000
HX13D5YN                     2   426.300     5.510     0.000     0.000     1.000
LC6H7                        2   426.300     5.510     0.000     0.000     1.000
L-C6H8                       2   426.300     5.510     0.000     0.000     1.000
C4H3CCH2                     2   426.300     5.510     0.000     0.000     1.000
HX15D3YN                     2   426.300     5.510     0.000     0.000     1.000
H2C4HCH2                     2   426.300     5.510     0.000     0.000     1.000
C4H3C2H3                     2   426.300     5.510     0.000     0.000     1.000
FULVENE                      2   468.500     5.230     0.000     0.000     1.000
CH2C6H6                      2   495.300     5.680     0.000     0.000     1.000
CH3C6H4CH3                   2   523.600     5.960     0.000     0.000     1.000
CH3C6H4CH2                   2   523.600     5.960     0.000     0.000     1.000
CH3C6H4C2H5                  2   523.600     5.960     0.000     0.000     1.000
CH3C6H4C2H3                  2   523.600     5.960     0.000     0.000     1.000
OC6H4C2H                     2   523.600     5.960     0.000     0.000     1.000
HOC6H4C2H                    2   523.600     5.960     0.000     0.000     1.000
ACH2CCH                      2   523.600     5.960     0.000     0.000     1.000
ACHCCH                       2   523.600     5.960     0.000     0.000     1.000
ACCCH2                       2   523.600     5.960     0.000     0.000     1.000
ACHCCH2                      2   523.600     5.960     0.000     0.000     1.000
C6H5CHCH3                    2   523.600     5.960     0.000     0.000     1.000
C10H7C2H5                    2   695.000     6.530     0.000     0.000     1.000
C10H7C2H3                    2   689.800     6.500     0.000     0.000     1.000
C10H7CCH2                    2   689.800     6.500     0.000     0.000     1.000
C10H7CCH                     2   689.800     6.500     0.000     0.000     1.000
C10H6CCH                     2   689.800     6.500     0.000     0.000     1.000
C10H6C2H3                    2   687.200     6.490     0.000     0.000     1.000
C2HC6H4C2H                   2   630.400     6.180     0.000     0.000     1.000
ADHFULV                      2   630.400     6.180     0.000     0.000     1.000
ADHFLVYL                     2   630.400     6.180     0.000     0.000     1.000
BNZOFULV                     2   630.400     6.180     0.000     0.000     1.000
CPCP                         2   630.400     6.180     0.000     0.000     1.000
CPCPD                        2   630.400     6.180     0.000     0.000     1.000
BCP11                        2   630.400     6.180     0.000     0.000     1.000
BCP12                        2   630.400     6.180     0.000     0.000     1.000
BCP22                        2   630.400     6.180     0.000     0.000     1.000
CPCPYL11                     2   630.400     6.180     0.000     0.000     1.000
CPCPYL12                     2   630.400     6.180     0.000     0.000     1.000
DIFULVENE                    2   630.400     6.180     0.000     0.000     1.000
C11H8                        2   660.000     6.350     0.000     0.000     1.000
C11H7                        2   660.000     6.350     0.000     0.000     1.000
NAPHBENZ                     2   812.300     7.170     0.000     0.000     1.000
C9H7CH3                      2   625.000     6.150     0.000     0.000     1.000
C9H6CH3                      2   625.000     6.150     0.000     0.000     1.000
C9H6O                        2   625.000     6.150     0.000     0.000     1.000
INDENCH3                     2   625.000     6.150     0.000     0.000     1.000
INDENCH2                     2   625.000     6.150     0.000     0.000     1.000
CH3PHNTHRN                   2   783.900     6.995     0.000     0.000     1.000
PHNTHROL-1                   2   783.900     6.995     0.000     0.000     1.000
PHNTHROL-9                   2   783.900     6.995     0.000     0.000     1.000
PHNTHROXY-1                  2   783.900     6.995     0.000     0.000     1.000
PHNTHROXY-9                  2   783.900     6.995     0.000     0.000     1.000
BZ(A)NDENE                   2   772.000     6.960     0.000     0.000     1.000
BZ(A)NDNYL                   2   772.000     6.960     0.000     0.000     1.000
BZONDCRB                     2   772.000     6.960     0.000     0.000     1.000
C14H10                       2   772.000     6.960     0.000     0.000     1.000
NAPHFULV                     2   772.000     6.960     0.000     0.000     1.000
PHNTHRYL-1                   2   772.000     6.960     0.000    38.800     1.000
PHNTHRYL-9                   2   772.000     6.960     0.000    38.800     1.000
DINDNYL                      2   834.900     7.240     0.000     0.000     1.000
CHRYSENE                     2   834.900     7.240     0.000     0.000     1.000
CYP(CD)PYRENE                2   862.000     7.382     0.000     0.000     1.000
HC4-P(DEF)PTHN               2   834.900     7.240     0.000     0.000     1.000
HC4-P(DEF)PTHYL              2   834.900     7.240     0.000     0.000     1.000
CH3-4HC15H9                  2   834.900     7.240     0.000     0.000     1.000
BZ(A)PHNTHRN                 2   832.500     7.550     0.000     0.000     1.000
BZ(GHI)FLN                   2   832.500     7.550     0.000     0.000     1.000
BIPHENYL                     2   676.500     6.310     0.000     0.000     1.000
CYPDRBENZ                    2   676.500     6.310     0.000     0.000     1.000
OBPHNYL                      2   676.500     6.310     0.000     0.000     1.000
PHOPH                        2   676.500     6.310     0.000     0.000     1.000
PHOHPH                       2   676.500     6.310     0.000     0.000     1.000
ACENPHTHLN                   2   695.400     6.760     0.000     0.000     1.000
ACENPHTHYL                   2   695.400     6.760     0.000     0.000     1.000
INDYLIN                      2   588.600     5.960     0.000     0.000     1.000
FLUORENE                     2   712.600     6.890     0.000     0.000     1.000
FLUORYL                      2   712.600     6.890     0.000     0.000     1.000
BNZCPD                       2   783.800     6.640     0.000     0.000     1.000
BNZCPDYL                     2   783.800     6.640     0.000     0.000     1.000
CH2CYCHCH                    2   373.700     4.790     0.000     0.000     1.000
HCOOH                        2   436.000     3.970     0.000     0.000     2.000
PC3H5                        2   316.000     4.220     0.000     0.000     1.000
CH2CHCH2CHO                  2   496.000     5.200     0.000     0.000     1.000
CH2[S]                       1   144.000     3.800     0.000     0.000     0.000
C10H22-335                   2   522.000     6.873     0.000     0.000     1.000
C10H22-2255                  2   497.300     6.899     0.000     0.000     1.000
C8H17OH-1                    2   581.300     6.506     2.000     0.000     1.000
C8H16-1                      2   485.600     6.440     0.300     0.000     1.000
C7H162-4                     2   437.300     6.168     0.000     0.000     1.000
C7H15OH-1                    2   561.000     6.317     1.700     0.000     1.000
OC7H14                       2   439.200     6.151     0.000     0.000     1.000
C6H14-3                      2   422.500     5.870     0.000     0.000     1.000
CC6H13                       2   422.500     5.870     0.000     0.000     1.000
C6H13OH-1                    2   541.500     5.674     1.800     0.000     1.000
CC6H13O                      2   541.500     5.674     1.800     0.000     1.000
AC6H13O2                     2   541.500     5.674     1.800     0.000     1.000
BC6H13O2                     2   541.500     5.674     1.800     0.000     1.000
CC6H13O2                     2   541.500     5.674     1.800     0.000     1.000
DC6H13O2                     2   541.500     5.674     1.800     0.000     1.000
EC6H13O2                     2   541.500     5.674     1.800     0.000     1.000
AC6H13O2H                    2   541.500     5.674     1.800     0.000     1.000
BC6H13O2H                    2   541.500     5.674     1.800     0.000     1.000
CC6H13O2H                    2   541.500     5.674     1.800     0.000     1.000
DC6H13O2H                    2   541.500     5.674     1.800     0.000     1.000
EC6H13O2H                    2   541.500     5.674     1.800     0.000     1.000
AC6H12OOH-A                  2   541.500     5.674     1.800     0.000     1.000
AC6H12OOH-B                  2   541.500     5.674     1.800     0.000     1.000
AC6H12OOH-C                  2   541.500     5.674     1.800     0.000     1.000
AC6H12OOH-D                  2   541.500     5.674     1.800     0.000     1.000
AC6H12OOH-E                  2   541.500     5.674     1.800     0.000     1.000
BC6H12OOH-A                  2   541.500     5.674     1.800     0.000     1.000
BC6H12OOH-C                  2   541.500     5.674     1.800     0.000     1.000
BC6H12OOH-D                  2   541.500     5.674     1.800     0.000     1.000
BC6H12OOH-E                  2   541.500     5.674     1.800     0.000     1.000
CC6H12OOH-A                  2   541.500     5.674     1.800     0.000     1.000
CC6H12OOH-B                  2   541.500     5.674     1.800     0.000     1.000
CC6H12OOH-D                  2   541.500     5.674     1.800     0.000     1.000
CC6H12OOH-E                  2   541.500     5.674     1.800     0.000     1.000
DC6H12OOH-A                  2   541.500     5.674     1.800     0.000     1.000
DC6H12OOH-B                  2   541.500     5.674     1.800     0.000     1.000
DC6H12OOH-C                  2   541.500     5.674     1.800     0.000     1.000
DC6H12OOH-E                  2   541.500     5.674     1.800     0.000     1.000
EC6H12OOH-A                  2   541.500     5.674     1.800     0.000     1.000
EC6H12OOH-B                  2   541.500     5.674     1.800     0.000     1.000
EC6H12OOH-C                  2   541.500     5.674     1.800     0.000     1.000
EC6H12OOH-D                  2   541.500     5.674     1.800     0.000     1.000
A-AC6H12O                    2   541.500     5.674     1.800     0.000     1.000
A-BC6H12O                    2   541.500     5.674     1.800     0.000     1.000
A-CC6H12O                    2   541.500     5.674     1.800     0.000     1.000
A-DC6H12O                    2   541.500     5.674     1.800     0.000     1.000
A-EC6H12O                    2   541.500     5.674     1.800     0.000     1.000
B-CC6H12O                    2   541.500     5.674     1.800     0.000     1.000
B-DC6H12O                    2   541.500     5.674     1.800     0.000     1.000
B-EC6H12O                    2   541.500     5.674     1.800     0.000     1.000
C-DC6H12O                    2   541.500     5.674     1.800     0.000     1.000
C-EC6H12O                    2   541.500     5.674     1.800     0.000     1.000
D-EC6H12O                    2   541.500     5.674     1.800     0.000     1.000
AC6H12OOH-AO2                2   541.500     5.674     1.800     0.000     1.000
AC6H12OOH-BO2                2   541.500     5.674     1.800     0.000     1.000
AC6H12OOH-CO2                2   541.500     5.674     1.800     0.000     1.000
AC6H12OOH-DO2                2   541.500     5.674     1.800     0.000     1.000
AC6H12OOH-EO2                2   541.500     5.674     1.800     0.000     1.000
BC6H12OOH-AO2                2   541.500     5.674     1.800     0.000     1.000
BC6H12OOH-CO2                2   541.500     5.674     1.800     0.000     1.000
BC6H12OOH-DO2                2   541.500     5.674     1.800     0.000     1.000
BC6H12OOH-EO2                2   541.500     5.674     1.800     0.000     1.000
CC6H12OOH-AO2                2   541.500     5.674     1.800     0.000     1.000
CC6H12OOH-BO2                2   541.500     5.674     1.800     0.000     1.000
CC6H12OOH-DO2                2   541.500     5.674     1.800     0.000     1.000
CC6H12OOH-EO2                2   541.500     5.674     1.800     0.000     1.000
DC6H12OOH-AO2                2   541.500     5.674     1.800     0.000     1.000
DC6H12OOH-BO2                2   541.500     5.674     1.800     0.000     1.000
DC6H12OOH-CO2                2   541.500     5.674     1.800     0.000     1.000
DC6H12OOH-EO2                2   541.500     5.674     1.800     0.000     1.000
EC6H12OOH-AO2                2   541.500     5.674     1.800     0.000     1.000
EC6H12OOH-BO2                2   541.500     5.674     1.800     0.000     1.000
EC6H12OOH-CO2                2   541.500     5.674     1.800     0.000     1.000
EC6H12OOH-DO2                2   541.500     5.674     1.800     0.000     1.000
IC6KETAA                     2   541.500     5.674     1.800     0.000     1.000
IC6KETAB                     2   541.500     5.674     1.800     0.000     1.000
IC6KETAC                     2   541.500     5.674     1.800     0.000     1.000
IC6KETAD                     2   541.500     5.674     1.800     0.000     1.000
IC6KETAE                     2   541.500     5.674     1.800     0.000     1.000
IC6KETCA                     2   541.500     5.674     1.800     0.000     1.000
IC6KETCB                     2   541.500     5.674     1.800     0.000     1.000
IC6KETCD                     2   541.500     5.674     1.800     0.000     1.000
IC6KETCE                     2   541.500     5.674     1.800     0.000     1.000
IC6KETDA                     2   541.500     5.674     1.800     0.000     1.000
IC6KETDB                     2   541.500     5.674     1.800     0.000     1.000
IC6KETDC                     2   541.500     5.674     1.800     0.000     1.000
IC6KETDE                     2   541.500     5.674     1.800     0.000     1.000
IC6KETEA                     2   541.500     5.674     1.800     0.000     1.000
IC6KETEB                     2   541.500     5.674     1.800     0.000     1.000
IC6KETEC                     2   541.500     5.674     1.800     0.000     1.000
IC6KETED                     2   541.500     5.674     1.800     0.000     1.000
NC4H9CHO-2                   2   476.000     5.778     2.600     0.000     1.000
NC4H9CO-2                    2   476.000     5.778     2.600     0.000     1.000
C4H8CHO1-2                   2   476.000     5.778     2.600     0.000     1.000
C4H8CHO2-2                   2   476.000     5.778     2.600     0.000     1.000
C4H8CHO3-2                   2   476.000     5.778     2.600     0.000     1.000
C4H8CHO4-2                   2   476.000     5.778     2.600     0.000     1.000
IC4H9CHO                     2   476.000     5.778     2.600     0.000     1.000
IC4H9CO                      2   476.000     5.778     2.600     0.000     1.000
IC3H6CH2CHO                  2   476.000     5.778     2.600     0.000     1.000
TC3H6CH2CHO                  2   476.000     5.778     2.600     0.000     1.000
IC3H7CHCHO                   2   476.000     5.778     2.600     0.000     1.000
IC5H11CHO                    2   498.600     6.009     2.000     0.000     1.000
IC5H11CO                     2   498.600     6.009     2.000     0.000     1.000
AC5H10CHO                    2   498.600     6.009     2.000     0.000     1.000
BC5H10CHO                    2   498.600     6.009     2.000     0.000     1.000
CC5H10CHO                    2   498.600     6.009     2.000     0.000     1.000
DC5H10CHO                    2   498.600     6.009     2.000     0.000     1.000
C4H7CHO2-1                   2   476.000     5.778     2.600     0.000     1.000
C4H7CO2-1                    2   476.000     5.778     2.600     0.000     1.000
C4H6CHO2-11                  2   476.000     5.778     2.600     0.000     1.000
NC5H11CHO-2                  2   498.600     6.009     2.000     0.000     1.000
NC5H11CO-2                   2   498.600     6.009     2.000     0.000     1.000
C5H10CHO1-2                  2   498.600     6.009     2.000     0.000     1.000
C5H10CHO2-2                  2   498.600     6.009     2.000     0.000     1.000
C5H10CHO3-2                  2   498.600     6.009     2.000     0.000     1.000
C5H10CHO4-2                  2   498.600     6.009     2.000     0.000     1.000
C5H10CHO5-2                  2   498.600     6.009     2.000     0.000     1.000
IC4H9COCH3                   2   503.700     6.020     2.000     0.000     1.000
IC4H9COCH2                   2   503.700     6.020     2.000     0.000     1.000
IC3H6CH2COCH3                2   503.700     6.020     2.000     0.000     1.000
IC3H7CHCOCH3                 2   503.700     6.020     2.000     0.000     1.000
TC3H6CH2COCH3                2   503.700     6.020     2.000     0.000     1.000
FC6H13O2                     2   541.500     5.674     1.800     0.000     1.000
GC6H13O2                     2   541.500     5.674     1.800     0.000     1.000
HC6H13O2                     2   541.500     5.674     1.800     0.000     1.000
FC6H13O2H                    2   541.500     5.674     1.800     0.000     1.000
GC6H13O2H                    2   541.500     5.674     1.800     0.000     1.000
HC6H13O2H                    2   541.500     5.674     1.800     0.000     1.000
FC6H12OOH-F                  2   541.500     5.674     1.800     0.000     1.000
FC6H12OOH-G                  2   541.500     5.674     1.800     0.000     1.000
FC6H12OOH-H                  2   541.500     5.674     1.800     0.000     1.000
GC6H12OOH-F                  2   541.500     5.674     1.800     0.000     1.000
GC6H12OOH-H                  2   541.500     5.674     1.800     0.000     1.000
HC6H12OOH-F                  2   541.500     5.674     1.800     0.000     1.000
HC6H12OOH-G                  2   541.500     5.674     1.800     0.000     1.000
FC6H12OOH-FO2                2   541.500     5.674     1.800     0.000     1.000
FC6H12OOH-GO2                2   541.500     5.674     1.800     0.000     1.000
FC6H12OOH-HO2                2   541.500     5.674     1.800     0.000     1.000
GC6H12OOH-FO2                2   541.500     5.674     1.800     0.000     1.000
GC6H12OOH-HO2                2   541.500     5.674     1.800     0.000     1.000
HC6H12OOH-FO2                2   541.500     5.674     1.800     0.000     1.000
HC6H12OOH-GO2                2   541.500     5.674     1.800     0.000     1.000
F-FC6H12O                    2   541.500     5.674     1.800     0.000     1.000
F-GC6H12O                    2   541.500     5.674     1.800     0.000     1.000
F-HC6H12O                    2   541.500     5.674     1.800     0.000     1.000
G-HC6H12O                    2   541.500     5.674     1.800     0.000     1.000
NEOC6KETFF                   2   397.900     5.767     0.000     0.000     1.000
NEOC6KETFG                   2   397.900     5.767     0.000     0.000     1.000
NEOC6KETFH                   2   397.900     5.767     0.000     0.000     1.000
NEOC6KETGF                   2   397.900     5.767     0.000     0.000     1.000
NEOC6KETGH                   2   397.900     5.767     0.000     0.000     1.000
NEOC6KETHF                   2   397.900     5.767     0.000     0.000     1.000
NEOC6KETHG                   2   397.900     5.767     0.000     0.000     1.000
TC4H9CHO                     2   476.000     5.778     2.600     0.000     1.000
TC4H9CO                      2   476.000     5.778     2.600     0.000     1.000
NEOC5H11CHO                  2   498.600     6.009     2.000     0.000     1.000
NEOC5H11CO                   2   498.600     6.009     2.000     0.000     1.000
TC4H9CHCHO                   2   498.600     6.009     2.000     0.000     1.000
TC4H8CH2CHO                  2   498.600     6.009     2.000     0.000     1.000
IC4H7CHO                     2   476.000     5.778     2.600     0.000     1.000
IC4H7CO                      2   476.000     5.778     2.600     0.000     1.000
AC3H4CH2CHO                  2   476.000     5.778     2.600     0.000     1.000
IC3H5CHCHO                   2   498.600     6.009     2.000     0.000     1.000
IC5H11CHO-B                  2   498.600     6.009     2.000     0.000     1.000
IC5H11CO-B                   2   498.600     6.009     2.000     0.000     1.000
IC5H10CHO-BA                 2   498.600     6.009     2.000     0.000     1.000
IC5H10CHO-BC                 2   498.600     6.009     2.000     0.000     1.000
IC5H10CHO-BD                 2   498.600     6.009     2.000     0.000     1.000
C4H7CHO1-2                   2   476.000     5.778     2.600     0.000     1.000
C4H7CO1-2                    2   476.000     5.778     2.600     0.000     1.000
C4H6CHO1-23                  2   476.000     5.778     2.600     0.000     1.000
C4H6CHO1-24                  2   476.000     5.778     2.600     0.000     1.000
C4H7CHO2-2                   2   476.000     5.778     2.600     0.000     1.000
C4H7CO2-2                    2   476.000     5.778     2.600     0.000     1.000
C4H6CHO2-21                  2   476.000     5.778     2.600     0.000     1.000
C4H6CHO2-24                  2   476.000     5.778     2.600     0.000     1.000
CH2CCHCH3                    2   357.000     4.720     0.000     0.000     1.000
TC4H9COCH3                   2   503.700     6.020     2.000     0.000     1.000
TC4H9COCH2                   2   503.700     6.020     2.000     0.000     1.000
TC4H8COCH3                   2   503.700     6.020     2.000     0.000     1.000
CH2CCHO                      2   428.800     4.958     2.900     0.000     1.000
XC7H15O2                     2   561.000     6.317     1.700     0.000     1.000
YC7H15O2                     2   561.000     6.317     1.700     0.000     1.000
ZC7H15O2                     2   561.000     6.317     1.700     0.000     1.000
XC7H15O2H                    2   561.000     6.317     1.700     0.000     1.000
YC7H15O2H                    2   561.000     6.317     1.700     0.000     1.000
ZC7H15O2H                    2   561.000     6.317     1.700     0.000     1.000
XC7H14OOH-X1                 2   561.000     6.317     1.700     0.000     1.000
XC7H14OOH-Y1                 2   561.000     6.317     1.700     0.000     1.000
XC7H14OOH-Z                  2   561.000     6.317     1.700     0.000     1.000
XC7H14OOH-Y2                 2   561.000     6.317     1.700     0.000     1.000
XC7H14OOH-X2                 2   561.000     6.317     1.700     0.000     1.000
YC7H14OOH-X1                 2   561.000     6.317     1.700     0.000     1.000
YC7H14OOH-Z                  2   561.000     6.317     1.700     0.000     1.000
YC7H14OOH-Y2                 2   561.000     6.317     1.700     0.000     1.000
YC7H14OOH-X2                 2   561.000     6.317     1.700     0.000     1.000
ZC7H14OOH-X                  2   561.000     6.317     1.700     0.000     1.000
ZC7H14OOH-Y                  2   561.000     6.317     1.700     0.000     1.000
XC7H14OOH-X1O2               2   561.000     6.317     1.700     0.000     1.000
XC7H14OOH-Y1O2               2   561.000     6.317     1.700     0.000     1.000
XC7H14OOH-ZO2                2   561.000     6.317     1.700     0.000     1.000
XC7H14OOH-Y2O2               2   561.000     6.317     1.700     0.000     1.000
XC7H14OOH-X2O2               2   561.000     6.317     1.700     0.000     1.000
YC7H14OOH-X1O2               2   561.000     6.317     1.700     0.000     1.000
YC7H14OOH-ZO2                2   561.000     6.317     1.700     0.000     1.000
YC7H14OOH-Y2O2               2   561.000     6.317     1.700     0.000     1.000
YC7H14OOH-X2O2               2   561.000     6.317     1.700     0.000     1.000
ZC7H14OOH-XO2                2   561.000     6.317     1.700     0.000     1.000
ZC7H14OOH-YO2                2   561.000     6.317     1.700     0.000     1.000
X-X1C7H14O                   2   561.000     6.317     1.700     0.000     1.000
X-X2C7H14O                   2   561.000     6.317     1.700     0.000     1.000
X-Y1C7H14O                   2   561.000     6.317     1.700     0.000     1.000
X-Y2C7H14O                   2   561.000     6.317     1.700     0.000     1.000
X-ZC7H14O                    2   561.000     6.317     1.700     0.000     1.000
Y-YC7H14O                    2   561.000     6.317     1.700     0.000     1.000
Y-ZC7H14O                    2   561.000     6.317     1.700     0.000     1.000
C7KET24XX1                   2   435.900     5.807     0.000     0.000     1.000
C7KET24XY1                   2   435.900     5.807     0.000     0.000     1.000
C7KET24XZ                    2   435.900     5.807     0.000     0.000     1.000
C7KET24XY2                   2   435.900     5.807     0.000     0.000     1.000
C7KET24XX2                   2   435.900     5.807     0.000     0.000     1.000
C7KET24ZX                    2   435.900     5.807     0.000     0.000     1.000
C7KET24ZY                    2   435.900     5.807     0.000     0.000     1.000
NC7H15O2                     2   561.000     6.317     1.700     0.000     1.000
OC7H15O2                     2   561.000     6.317     1.700     0.000     1.000
PC7H15O2                     2   561.000     6.317     1.700     0.000     1.000
QC7H15O2                     2   561.000     6.317     1.700     0.000     1.000
NC7H15O2H                    2   561.000     6.317     1.700     0.000     1.000
OC7H15O2H                    2   561.000     6.317     1.700     0.000     1.000
PC7H15O2H                    2   561.000     6.317     1.700     0.000     1.000
QC7H15O2H                    2   561.000     6.317     1.700     0.000     1.000
NC7H14OOH-N2                 2   561.000     6.317     1.700     0.000     1.000
NC7H14OOH-Q                  2   561.000     6.317     1.700     0.000     1.000
QC7H14OOH-N                  2   561.000     6.317     1.700     0.000     1.000
NC7H14OOH-O                  2   561.000     6.317     1.700     0.000     1.000
NC7H14OOH-P                  2   561.000     6.317     1.700     0.000     1.000
QC7H14OOH-O                  2   561.000     6.317     1.700     0.000     1.000
QC7H14OOH-P                  2   561.000     6.317     1.700     0.000     1.000
OC7H14OOH-N                  2   561.000     6.317     1.700     0.000     1.000
OC7H14OOH-Q                  2   561.000     6.317     1.700     0.000     1.000
PC7H14OOH-N                  2   561.000     6.317     1.700     0.000     1.000
PC7H14OOH-Q                  2   561.000     6.317     1.700     0.000     1.000
OC7H14OOH-P                  2   561.000     6.317     1.700     0.000     1.000
PC7H14OOH-O                  2   561.000     6.317     1.700     0.000     1.000
NC7H14OOH-N2O2               2   561.000     6.317     1.700     0.000     1.000
NC7H14OOH-QO2                2   561.000     6.317     1.700     0.000     1.000
QC7H14OOH-NO2                2   561.000     6.317     1.700     0.000     1.000
NC7H14OOH-OO2                2   561.000     6.317     1.700     0.000     1.000
NC7H14OOH-PO2                2   561.000     6.317     1.700     0.000     1.000
QC7H14OOH-OO2                2   561.000     6.317     1.700     0.000     1.000
QC7H14OOH-PO2                2   561.000     6.317     1.700     0.000     1.000
OC7H14OOH-NO2                2   561.000     6.317     1.700     0.000     1.000
OC7H14OOH-QO2                2   561.000     6.317     1.700     0.000     1.000
PC7H14OOH-NO2                2   561.000     6.317     1.700     0.000     1.000
PC7H14OOH-QO2                2   561.000     6.317     1.700     0.000     1.000
OC7H14OOH-PO2                2   561.000     6.317     1.700     0.000     1.000
PC7H14OOH-OO2                2   561.000     6.317     1.700     0.000     1.000
N-NC7H14O                    2   561.000     6.317     1.700     0.000     1.000
N-OC7H14O                    2   561.000     6.317     1.700     0.000     1.000
N-PC7H14O                    2   561.000     6.317     1.700     0.000     1.000
N-QC7H14O                    2   561.000     6.317     1.700     0.000     1.000
O-PC7H14O                    2   561.000     6.317     1.700     0.000     1.000
O-QC7H14O                    2   561.000     6.317     1.700     0.000     1.000
P-QC7H14O                    2   561.000     6.317     1.700     0.000     1.000
NEOC7KETNN                   2   561.000     6.317     1.700     0.000     1.000
NEOC7KETNO                   2   561.000     6.317     1.700     0.000     1.000
NEOC7KETNP                   2   561.000     6.317     1.700     0.000     1.000
NEOC7KETNQ                   2   561.000     6.317     1.700     0.000     1.000
NEOC7KETON                   2   561.000     6.317     1.700     0.000     1.000
NEOC7KETOP                   2   561.000     6.317     1.700     0.000     1.000
NEOC7KETOQ                   2   561.000     6.317     1.700     0.000     1.000
NEOC7KETPN                   2   561.000     6.317     1.700     0.000     1.000
NEOC7KETPO                   2   561.000     6.317     1.700     0.000     1.000
NEOC7KETPQ                   2   561.000     6.317     1.700     0.000     1.000
NEOC7KETQN                   2   561.000     6.317     1.700     0.000     1.000
NEOC7KETQO                   2   561.000     6.317     1.700     0.000     1.000
NEOC7KETQP                   2   561.000     6.317     1.700     0.000     1.000
AC8H17O2                     2   581.300     6.506     2.000     0.000     1.000
BC8H17O2                     2   581.300     6.506     2.000     0.000     1.000
CC8H17O2                     2   581.300     6.506     2.000     0.000     1.000
DC8H17O2                     2   581.300     6.506     2.000     0.000     1.000
AC8H17O2H                    2   581.300     6.506     2.000     0.000     1.000
BC8H17O2H                    2   581.300     6.506     2.000     0.000     1.000
CC8H17O2H                    2   581.300     6.506     2.000     0.000     1.000
DC8H17O2H                    2   581.300     6.506     2.000     0.000     1.000
AC8H16OOH-A                  2   581.300     6.506     2.000     0.000     1.000
AC8H16OOH-B                  2   581.300     6.506     2.000     0.000     1.000
AC8H16OOH-C                  2   581.300     6.506     2.000     0.000     1.000
AC8H16OOH-D                  2   581.300     6.506     2.000     0.000     1.000
BC8H16OOH-A                  2   581.300     6.506     2.000     0.000     1.000
BC8H16OOH-C                  2   581.300     6.506     2.000     0.000     1.000
BC8H16OOH-D                  2   581.300     6.506     2.000     0.000     1.000
CC8H16OOH-A                  2   581.300     6.506     2.000     0.000     1.000
CC8H16OOH-B                  2   581.300     6.506     2.000     0.000     1.000
CC8H16OOH-D                  2   581.300     6.506     2.000     0.000     1.000
DC8H16OOH-A                  2   581.300     6.506     2.000     0.000     1.000
DC8H16OOH-B                  2   581.300     6.506     2.000     0.000     1.000
DC8H16OOH-C                  2   581.300     6.506     2.000     0.000     1.000
DC8H16OOH-D                  2   581.300     6.506     2.000     0.000     1.000
AC8H16OOH-AO2                2   581.300     6.506     2.000     0.000     1.000
AC8H16OOH-BO2                2   581.300     6.506     2.000     0.000     1.000
AC8H16OOH-CO2                2   581.300     6.506     2.000     0.000     1.000
AC8H16OOH-DO2                2   581.300     6.506     2.000     0.000     1.000
BC8H16OOH-AO2                2   581.300     6.506     2.000     0.000     1.000
BC8H16OOH-CO2                2   581.300     6.506     2.000     0.000     1.000
BC8H16OOH-DO2                2   581.300     6.506     2.000     0.000     1.000
CC8H16OOH-AO2                2   581.300     6.506     2.000     0.000     1.000
CC8H16OOH-BO2                2   581.300     6.506     2.000     0.000     1.000
CC8H16OOH-DO2                2   581.300     6.506     2.000     0.000     1.000
DC8H16OOH-AO2                2   581.300     6.506     2.000     0.000     1.000
DC8H16OOH-BO2                2   581.300     6.506     2.000     0.000     1.000
DC8H16OOH-CO2                2   581.300     6.506     2.000     0.000     1.000
DC8H16OOH-DO2                2   581.300     6.506     2.000     0.000     1.000
IC8ETERAA                    2   581.300     6.506     2.000     0.000     1.000
IC8ETERAB                    2   581.300     6.506     2.000     0.000     1.000
IC8ETERAC                    2   581.300     6.506     2.000     0.000     1.000
IC8ETERAD                    2   581.300     6.506     2.000     0.000     1.000
IC8ETERBC                    2   581.300     6.506     2.000     0.000     1.000
IC8ETERBD                    2   581.300     6.506     2.000     0.000     1.000
IC8ETERCD                    2   581.300     6.506     2.000     0.000     1.000
IC8ETERDD                    2   581.300     6.506     2.000     0.000     1.000
IC8KETAA                     2   581.300     6.506     2.000     0.000     1.000
IC8KETAB                     2   581.300     6.506     2.000     0.000     1.000
IC8KETAC                     2   581.300     6.506     2.000     0.000     1.000
IC8KETAD                     2   581.300     6.506     2.000     0.000     1.000
IC8KETBA                     2   581.300     6.506     2.000     0.000     1.000
IC8KETBC                     2   581.300     6.506     2.000     0.000     1.000
IC8KETBD                     2   581.300     6.506     2.000     0.000     1.000
IC8KETDA                     2   581.300     6.506     2.000     0.000     1.000
IC8KETDB                     2   581.300     6.506     2.000     0.000     1.000
IC8KETDC                     2   581.300     6.506     2.000     0.000     1.000
IC8KETDD                     2   581.300     6.506     2.000     0.000     1.000
IC6H13CHO-B                  2   581.300     6.506     2.000     0.000     1.000
IC6H13CO-B                   2   581.300     6.506     2.000     0.000     1.000
AC6H12CHO-B                  2   581.300     6.506     2.000     0.000     1.000
CC6H12CHO-B                  2   581.300     6.506     2.000     0.000     1.000
DC6H12CHO-B                  2   581.300     6.506     2.000     0.000     1.000
EC6H12CHO-B                  2   581.300     6.506     2.000     0.000     1.000
IC6H13CHO-D                  2   581.300     6.506     2.000     0.000     1.000
IC6H13CO-D                   2   581.300     6.506     2.000     0.000     1.000
AC6H12CHO-D                  2   581.300     6.506     2.000     0.000     1.000
BC6H12CHO-D                  2   581.300     6.506     2.000     0.000     1.000
CC6H12CHO-D                  2   581.300     6.506     2.000     0.000     1.000
DC6H12CHO-D                  2   581.300     6.506     2.000     0.000     1.000
EC6H12CHO-D                  2   581.300     6.506     2.000     0.000     1.000
IC3H7COC3H7-I                2   561.000     6.317     1.700     0.000     1.000
IC3H7COC3H6-I                2   561.000     6.317     1.700     0.000     1.000
IC3H7COC3H6-T                2   561.000     6.317     1.700     0.000     1.000
TC4H9COC2H5                  2   561.000     6.317     1.700     0.000     1.000
TC4H8COC2H5                  2   561.000     6.317     1.700     0.000     1.000
TC4H9COC2H4S                 2   561.000     6.317     1.700     0.000     1.000
TC4H9COC2H4P                 2   561.000     6.317     1.700     0.000     1.000
NEOC5H11COCH3                2   561.000     6.317     1.700     0.000     1.000
NEOC5H10COCH3                2   561.000     6.317     1.700     0.000     1.000
TC4H9CHCOCH3                 2   561.000     6.317     1.700     0.000     1.000
NEOC5H11COCH2                2   561.000     6.317     1.700     0.000     1.000
NEOC6H13CHO                  2   561.000     6.317     1.700     0.000     1.000
NEOC6H13CO                   2   561.000     6.317     1.700     0.000     1.000
FC6H12CHO                    2   561.000     6.317     1.700     0.000     1.000
GC6H12CHO                    2   561.000     6.317     1.700     0.000     1.000
HC6H12CHO                    2   561.000     6.317     1.700     0.000     1.000
IC4H7COCH3                   2   503.700     6.020     2.000     0.000     1.000
IC4H7COCH2                   2   503.700     6.020     2.000     0.000     1.000
IC3H5CHCOCH3                 2   503.700     6.020     2.000     0.000     1.000
AC3H4CH2COCH3                2   503.700     6.020     2.000     0.000     1.000
XC7H13OOH-X1                 2   561.000     6.317     1.700     0.000     1.000
XC7H13O-X1                   2   561.000     6.317     1.700     0.000     1.000
YC7H13OOH-X1                 2   561.000     6.317     1.700     0.000     1.000
YC7H13O-X1                   2   561.000     6.317     1.700     0.000     1.000
OC7H13OOH-N                  2   561.000     6.317     1.700     0.000     1.000
OC7H13O-N                    2   561.000     6.317     1.700     0.000     1.000
XC7H13OOH-Z                  2   561.000     6.317     1.700     0.000     1.000
XC7H13O-Z                    2   561.000     6.317     1.700     0.000     1.000
PC7H13OOH-O                  2   561.000     6.317     1.700     0.000     1.000
PC7H13O-O                    2   561.000     6.317     1.700     0.000     1.000
OC7H13OOH-Q                  2   561.000     6.317     1.700     0.000     1.000
OC7H13O-Q                    2   561.000     6.317     1.700     0.000     1.000
YC7H13OOH-X2                 2   561.000     6.317     1.700     0.000     1.000
YC7H13O-X2                   2   561.000     6.317     1.700     0.000     1.000
AC3H5OOH                     2   481.500     4.997     1.700     0.000     1.000
NEOC6H11-H                   2   397.900     5.767     0.000     0.000     1.000
CC6H11O-B                    2   541.500     5.674     1.800     0.000     1.000
XC7H14OH-Y                   2   561.000     6.317     1.700     0.000     1.000
YC7H14OH-X                   2   561.000     6.317     1.700     0.000     1.000
ZC7H14OH-Y                   2   561.000     6.317     1.700     0.000     1.000
YC7H14OH-Z                   2   561.000     6.317     1.700     0.000     1.000
IC4H7OH-I1                   2   502.200     5.356     1.800     0.000     1.000
OC7H14OH-P                   2   561.000     6.317     1.700     0.000     1.000
PC7H14OH-O                   2   561.000     6.317     1.700     0.000     1.000
QC7H14OH-P                   2   561.000     6.317     1.700     0.000     1.000
PC7H14OH-Q                   2   561.000     6.317     1.700     0.000     1.000
XC7H14OH-YO2                 2   561.000     6.317     1.700     0.000     1.000
XC7H14O-YO2H                 2   561.000     6.317     1.700     0.000     1.000
YC7H14OH-XO2                 2   561.000     6.317     1.700     0.000     1.000
YC7H14O-XO2H                 2   561.000     6.317     1.700     0.000     1.000
ZC7H14OH-YO2                 2   561.000     6.317     1.700     0.000     1.000
ZC7H14O-YO2H                 2   561.000     6.317     1.700     0.000     1.000
YC7H14OH-ZO2                 2   561.000     6.317     1.700     0.000     1.000
YC7H14O-ZO2H                 2   561.000     6.317     1.700     0.000     1.000
OC7H14OH-PO2                 2   561.000     6.317     1.700     0.000     1.000
OC7H14O-PO2H                 2   561.000     6.317     1.700     0.000     1.000
PC7H14OH-OO2                 2   561.000     6.317     1.700     0.000     1.000
PC7H14O-OO2H                 2   561.000     6.317     1.700     0.000     1.000
QC7H14OH-PO2                 2   561.000     6.317     1.700     0.000     1.000
QC7H14O-PO2H                 2   561.000     6.317     1.700     0.000     1.000
PC7H14OH-QO2                 2   561.000     6.317     1.700     0.000     1.000
PC7H14O-QO2H                 2   561.000     6.317     1.700     0.000     1.000
CC8H16OH-B                   2   581.300     6.506     2.000     0.000     1.000
BC8H16OH-C                   2   581.300     6.506     2.000     0.000     1.000
CC8H16OH-D                   2   581.300     6.506     2.000     0.000     1.000
DC8H16OH-C                   2   581.300     6.506     2.000     0.000     1.000
CC8H16OH-BO2                 2   581.300     6.506     2.000     0.000     1.000
CC8H16O-BO2H                 2   581.300     6.506     2.000     0.000     1.000
BC8H16OH-CO2                 2   581.300     6.506     2.000     0.000     1.000
BC8H16O-CO2H                 2   581.300     6.506     2.000     0.000     1.000
CC8H16OH-DO2                 2   581.300     6.506     2.000     0.000     1.000
CC8H16O-DO2H                 2   581.300     6.506     2.000     0.000     1.000
DC8H16OH-CO2                 2   581.300     6.506     2.000     0.000     1.000
DC8H16O-CO2H                 2   581.300     6.506     2.000     0.000     1.000
CC6H12                       2   414.400     5.872     0.000     0.000     1.000
C6H12-C-3                    2   428.900     5.830     0.300     0.000     1.000
C6H12-C-2                    2   432.400     5.827     0.000     0.000     1.000
C2H3OOH                      2   436.000     3.970     0.000     0.000     2.000
C2H5OCH3                     2   436.000     3.970     0.000     0.000     2.000
PC2H4OCH3                    2   436.000     3.970     0.000     0.000     2.000
SC2H4OCH3                    2   436.000     3.970     0.000     0.000     2.000
C2H5OCH2                     2   436.000     3.970     0.000     0.000     2.000
CH2O2H                       2   238.400     3.496     0.000     0.000     1.500
C3H6OOH2-2                   2   436.400     5.352     0.000     0.000     1.000
C4H8OOH2-2                   2   549.655     5.716     0.000     0.000     0.000
C4H8OOH1-1                   2   549.655     5.716     0.000     0.000     0.000
C3H51-2,3OOH                 2   549.655     5.716     0.000     0.000     0.000
C3H52-1,3OOH                 2   549.655     5.716     0.000     0.000     0.000
PC4H8OH                      2   496.000     5.200     0.000     0.000     1.000
SC4H8OH                      2   496.000     5.200     0.000     0.000     1.000
TIC4H7Q2-I                   2   600.078     6.009     0.000     0.000     0.000
IIC4H7Q2-T                   2   600.078     6.009     0.000     0.000     0.000
IIC4H7Q2-I                   2   600.078     6.009     0.000     0.000     0.000
C5H10OH-1                    2   523.200     5.664     1.700     0.000     1.000
C5H10OH-2                    2   523.200     5.664     1.700     0.000     1.000
O2C5H10OH-1                  2   588.653     5.943     0.000     0.000     0.000
O2C5H10OH-2                  2   588.653     5.943     0.000     0.000     0.000
C6H5CH2O                     2   622.400     5.530     0.000     0.000     1.000
CH2CHCHCO                    2   373.700     4.790     0.000     0.000     1.000
P-C6H4O2                     2   450.000     5.500     0.000     0.000     1.000
P-C6H3O2                     2   450.000     5.500     0.000     0.000     1.000
O-C6H4O2                     2   450.000     5.500     0.000     0.000     1.000
O-C6H3O2-1                   2   450.000     5.500     0.000     0.000     1.000
O-C6H3O2-2                   2   450.000     5.500     0.000     0.000     1.000
C5H3O                        2   511.398     5.357     0.000     0.000     1.000
BZCOOH                       2   572.000     5.820     1.700     0.000     1.000
C6H5CH2OO                    2   572.000     5.820     1.700     0.000     1.000
C4H5-I                       2   357.000     5.180     0.000     0.000     1.000
C4H5-N                       2   357.000     5.180     0.000     0.000     1.000
C4H4                         2   357.000     5.180     0.000     0.000     1.000
C4H3-I                       2   357.000     5.180     0.000     0.000     1.000
C4H3-N                       2   357.000     5.180     0.000     0.000     1.000
C*CCJC*C                     2   408.000     5.200     0.000     0.000     1.000
OC5H7O                       2   496.000     5.200     0.000     0.000     1.000
C*CC*CCJ                     2   408.000     5.200     0.000     0.000     1.000
C*CC*CC                      2   408.000     5.200     0.000     0.000     1.000
C*CCJC*COH                   2   523.200     5.664     1.700     0.000     1.000
C*CC*CCOH                    2   523.200     5.664     1.700     0.000     1.000
C*CCJC*O                     2   502.200     5.356     1.800     0.000     1.000
OC4H6O                       2   496.000     5.200     0.000     0.000     1.000
OC4H5O                       2   496.000     5.200     0.000     0.000     1.000
HOC*CC*O                     2   435.200     4.662     2.700     0.000     1.000
HOC*CCJ*O                    2   435.200     4.662     2.700     0.000     1.000
C2H3OH                       2   470.600     4.410     0.000     0.000     1.500
O2CCHOOJ                     2   470.600     4.410     0.000     0.000     1.500
HOCO                         2   498.000     3.590     0.000     0.000     2.000
CJ*CC*CC*O                   2   523.200     5.664     1.700     0.000     1.000
C*CC*CCJ*O                   2   523.200     5.664     1.700     0.000     1.000
C5H6-L                       2   408.000     5.200     0.000     0.000     1.000
C#CC*CCJ                     2   408.000     5.200     0.000     0.000     1.000
L-C6H4                       2   412.300     5.349     0.000     0.000     1.000
C-C6H4                       2   464.800     5.290     0.000    10.320     0.000
C4H612                       2   357.000     5.180     0.000     0.000     1.000
C4H6-2                       2   357.000     5.180     0.000     0.000     1.000
C2H3CHOCH2                   1   357.000     5.180     0.000     0.000     1.000
C4H6O23                      1   357.000     5.180     0.000     0.000     1.000
CH3CHCHCHO                   1   357.000     5.180     0.000     0.000     1.000
C4H6O25                      1   357.000     5.180     0.000     0.000     1.000
CH2CHCHCHO                   1   357.000     5.180     0.000     0.000     1.000
C6H3                         2   357.000     5.180     0.000     0.000     1.000
CH3CHCHCO                    1   357.000     5.180     0.000     0.000     1.000
CC3H4                        1   252.000     4.760     0.000     0.000     1.000
H2CC                         2   209.000     4.100     0.000     0.000     2.500
C4H5-2                       2   357.000     5.180     0.000     0.000     1.000
C4H4O                        1   357.000     5.180     0.000     0.000     1.000
C14H14                       2   783.800     6.640     0.000     0.000     1.000
C14H13                       2   783.800     6.640     0.000     0.000     1.000
C14H12                       2   772.000     6.960     0.000     0.000     1.000
C14H11                       2   772.000     6.960     0.000     0.000     1.000
C14H13OO                     2   783.800     6.640     0.000     0.000     1.000
C14H13OOH                    2   783.800     6.640     0.000     0.000     1.000
C14H12OOH                    2   783.800     6.640     0.000     0.000     1.000
C14H12O2H-1O2                2   783.800     6.640     0.000     0.000     1.000
C14H11O-1O2H                 2   783.800     6.640     0.000     0.000     1.000
C14H13O                      2   783.800     6.640     0.000     0.000     1.000
C6H5OO                       2   464.800     5.290     0.000    10.320     0.000
C6H5OOH                      2   464.800     5.290     0.000    10.320     0.000
P-OC6H5OJ                    2   450.000     5.500     0.000     0.000     1.000
O-OC6H5OJ                    2   450.000     5.500     0.000     0.000     1.000
HOC6H4CH2                    2   621.100     5.640     0.000     0.000     1.000
HOC6H4CH2OOH                 2   621.100     5.640     0.000     0.000     1.000
HOC6H4CH2OO                  2   621.100     5.640     0.000     0.000     1.000
HOC6H4CH2O                   2   621.100     5.640     0.000     0.000     1.000
HOC6H4CHO                    2   621.100     5.640     0.000     0.000     1.000
HOC6H4CO                     2   621.100     5.640     0.000     0.000     1.000
C6H5CHOH                     2   622.400     5.530     0.000     0.000     1.000
C6H5CH2CH2                   2   485.000     5.425     0.400     0.000     1.000
C6H4OH                       2   464.800     5.290     0.000    10.320     0.000
OC6H4OH                      2   621.100     5.640     0.000     0.000     1.000
CJ*CC*O                      2   443.200     4.120     0.000     0.000     1.000
O2CH2CHO                     2   275.049     5.428     0.000     0.000     1.000
HO2CH2CO                     2   279.007     5.505     1.300     0.000     1.000



!----------------------------2,5-DIMETHYLFURAN-------------------------------------!
DMF25             2 501 5.3 0 0 1 
PYRAN1M2H         2 501 5.3 0 0 1 
DMF24             2 501 5.3 0 0 1 
DMF34             2 501 5.3 0 0 1 
DMF25ACAR         2 501 5.3 0 0 1 
DMF25BCAR         2 501 5.3 0 0 1 
DMF24BCAR         2 501 5.3 0 0 1 
DMF34ACAR         2 501 5.3 0 0 1 
DMF25OPB1         2 501 5.3 0 0 1 
DMF25OPB2         2 501 5.3 0 0 1 
DMF252J           2 501 5.3 0 0 1 
DMF253J           2 501 5.3 0 0 1
DMF242J           2 501 5.3 0 0 1 
DMF244J           2 501 5.3 0 0 1 
DMF25CH2          2 501 5.3 0 0 1 
DMF252H3J         2 501 5.3 0 0 1 
DMF253H2J         2 501 5.3 0 0 1 
DMF252OJ          2 501 5.3 0 0 1 
MF25CHO           2 501 5.3 0 0 1 
MF25CJO           2 501 5.3 0 0 1 
MF2J5CHO          2 501 5.3 0 0 1 
HMF5OJ            2 501 5.3 0 0 1 
DCHO25F           2 501 5.3 0 0 1 
DCHOF2J           2 501 5.3 0 0 1 
M2E5F             2 501 5.3 0 0 1 
M2JE5F            2 501 5.3 0 0 1 
M25JEF-A          2 501 5.3 0 0 1 
M2E5JF-P          2 501 5.3 0 0 1 
E25CHOF           2 501 5.3 0 0 1 
E25CJOF           2 501 5.3 0 0 1 
E2JF5CHO-A        2 501 5.3 0 0 1 
E2F5J             2 501 5.3 0 0 1 
HM25EFOJ          2 501 5.3 0 0 1 
E2F               2 501 5.3 0 0 1 
E2F2J-A           2 501 5.3 0 0 1 
E2F2J-P           2 501 5.3 0 0 1 
M2V5F             2 501 5.3 0 0 1 
V2F               2 501 5.3 0 0 1 
M52HMF            2 501 5.3 0 0 1 
BIFURYL           2 501 5.3 0 0 1 
BIFURYL-J         2 501 5.3 0 0 1 
BIFURYLENE        2 501 5.3 0 0 1 
BIFURYLENE-J      2 501 5.3 0 0 1 
DMF252OH3J        2 501 5.3 0 0 1 
MF25OH            2 501 5.3 0 0 1 
DMF252OOH3J       2 501 5.3 0 0 1 
TMF2253J          2 501 5.3 0 0 1
F2CHO5J           2 501 5.3 0 0 1 
MF25CH2OOJ        2 501 5.3 0 0 1
MF2               2 501 5.3 0 0 1
MF2ACAR2          2 501 5.3 0 0 1
MF22J             2 501 5.3 0 0 1
MF23J             2 501 5.3 0 0 1
MF24J             2 501 5.3 0 0 1
MF25J             2 501 5.3 0 0 1
MF22OJ            2 501 5.3 0 0 1
F2CHO             2 501 5.3 0 0 1
F2CJO             2 501 5.3 0 0 1
MF25OJ            2 501 5.3 0 0 1
F2OH              2 501 5.3 0 0 1
F2OJ              2 501 5.3 0 0 1
MF22H             2 501 5.3 0 0 1
MF23H22J          2 501 5.3 0 0 1
MF24H25J          2 501 5.3 0 0 1
MF25H24J          2 501 5.3 0 0 1
MF22OH3J          2 501 5.3 0 0 1
MF25OH4J          2 501 5.3 0 0 1

CHDE241O          2   450.000     5.500     0.000     0.000     1.000 !<SAME AS PHENOL>
CHDE251O          2   450.000     5.500     0.000     0.000     1.000 !<SAME AS PHENOL>
CHE21O4J          2   450.000     5.500     0.000     0.000     1.000 !<SAME AS PHENOL>
CHE21O5J          2   450.000     5.500     0.000     0.000     1.000 !<SAME AS PHENOL>
CHE21O4J6M        2   450.000     5.500     0.000     0.000     1.000 !<SAME AS PHENOL>
CHDE241O6M        2   450.000     5.500     0.000     0.000     1.000 !<SAME AS PHENOL>
CHE21O4J5M        2   450.000     5.500     0.000     0.000     1.000 !<SAME AS PHENOL>
CHDE241OBIRAD     2   450.000     5.500     0.000     0.000     1.000 !<SAME AS PHENOL>
BCYC-3.1.0-H3E6O  2   450.000     5.500     0.000     0.000     1.000 !<SAME AS PHENOL>      

CC31M2CHO          2   380.960     6.098     0.000     0.000     1.000 ! LJ PARAMETERS ESTIMATED BY RMG: TC= 598.089K PC=  40.058BAR VC= 320.500CM3/MOL TB= 401.430K	(CSH3R, KETONE_CCENTERED, KETONE_OCENTERED, CSRINGHR3, CDRINGHR2, CDRINGR3, CSH3R)
H34DE2O            2   388.603     6.086     0.000     0.000     1.000 ! LJ PARAMETERS ESTIMATED BY RMG: TC= 597.263K PC=  39.705BAR VC= 337.500CM3/MOL TB= 397.980K	(CSH3R, KETONE_CCENTERED, KETONE_OCENTERED, CDHR2, CDDR2, CDHR2, CSH3R)
H35DE2O            2   375.653     6.172     0.000     0.000     1.000 ! LJ PARAMETERS ESTIMATED BY RMG: TC= 582.337K PC=  37.317BAR VC= 338.500CM3/MOL TB= 391.390K	(CSH3R, KETONE_CCENTERED, KETONE_OCENTERED, CDHR2, CDHR2, CDHR2, CDH2R)
H245TE2OH          2   339.202     6.179     0.000     0.000     1.000 ! LJ PARAMETERS ESTIMATED BY RMG: TC= 619.042K PC=  43.800BAR VC= 332.500CM3/MOL TB= 432.850K	(CSH3R, CDR3, ALCOHOL, CDHR2, CDHR2, CDDR2, CDH2R)
P23DE1O2M          2   336.119     5.560     0.000     0.000     1.000 ! LJ PARAMETERS ESTIMATED BY RMG: TC= 509.784K PC=  44.091BAR VC= 349.500CM3/MOL TB= 334.870K	(CSH3R, CDHR2, CDHR2, CDR3, CSH3R, CDDR2, OD)
P2E4CAR            2   339.106     5.612     0.000     0.000     1.000 ! LJ PARAMETERS ESTIMATED BY RMG: TC= 489.897K PC=  39.956BAR VC= 295.500CM3/MOL TB= 317.960K	(CSH3R, CSH2R2, CDHR2, CDHR2, CSH3R)
H45DE2O3J          2   372.242     6.103     0.000     0.000     1.000 ! LJ PARAMETERS ESTIMATED BY RMG: TC= 582.337K PC=  38.819BAR VC= 338.500CM3/MOL TB= 391.390K	(CSH3R, KETONE_CCENTERED, KETONE_OCENTERED, CDHR2, CDHR2, CDHR2, CDH2R)
H35DE2O1J          2   372.242     6.103     0.000     0.000     1.000 ! LJ PARAMETERS ESTIMATED BY RMG: TC= 582.337K PC=  38.819BAR VC= 338.500CM3/MOL TB= 391.390K	(CSH3R, KETONE_CCENTERED, KETONE_OCENTERED, CDHR2, CDHR2, CDHR2, CDH2R)
CPROPC3H4-A        2   407.774     6.073     0.000     0.000     1.000 ! LJ PARAMETERS ESTIMATED BY RMG: TC= 626.412K PC=  41.893BAR VC= 315.500CM3/MOL TB= 415.400K	(CSH3R, CDHR2, CDHR2, CSRINGHR3, CSRINGH2R2, KETONE_RING, KETONE_OCENTERED)
H25DE1O1J          2   358.919     6.060     0.000     0.000     1.000 ! LJ PARAMETERS ESTIMATED BY RMG: TC= 571.563K PC=  39.357BAR VC= 349.500CM3/MOL TB= 386.180K	(ALDEHYDE_OCENTERED, ALDEHYDE_CCENTERED, CDHR2, CDHR2, CSH2R2, CDHR2, CDH2R)
H13DE1O6J          2   325.230     5.510     0.000     0.000     1.000 ! LJ PARAMETERS ESTIMATED BY RMG: TC= 506.296K PC=  45.716BAR VC= 348.500CM3/MOL TB= 334.990K	(OD, CDDR2, CDHR2, CDHR2, CDHR2, CSH2R2, CSH3R)
H4E2O3J            2   366.208     6.226     0.000     0.000     1.000 ! LJ PARAMETERS ESTIMATED BY RMG: TC= 581.551K PC=  36.865BAR VC= 357.500CM3/MOL TB= 394.710K	(CSH3R, KETONE_CCENTERED, KETONE_OCENTERED, CDHR2, CDHR2, CSH2R2, CSH3R)
H5E2O4J            2   355.512     6.213     0.000     0.000     1.000 ! LJ PARAMETERS ESTIMATED BY RMG: TC= 568.546K PC=  36.421BAR VC= 358.500CM3/MOL TB= 387.230K	(CSH3R, KETONE_CCENTERED, KETONE_OCENTERED, CSH2R2, CSH2R2, CDHR2, CDH2R)
H4E2O5J            2   349.869     6.336     0.000     0.000     1.000 ! LJ PARAMETERS ESTIMATED BY RMG: TC= 568.078K PC=  34.643BAR VC= 377.500CM3/MOL TB= 390.550K	(CSH3R, KETONE_CCENTERED, KETONE_OCENTERED, CSH2R2, CSH2R2, CSH2R2, CSH3R)
H4E2O1J            2   349.869     6.336     0.000     0.000     1.000 ! LJ PARAMETERS ESTIMATED BY RMG: TC= 568.078K PC=  34.643BAR VC= 377.500CM3/MOL TB= 390.550K	(CSH3R, KETONE_CCENTERED, KETONE_OCENTERED, CSH2R2, CSH2R2, CSH2R2, CSH3R)
H34DE2O4J          2   352.843     6.066     0.000     0.000     1.000 ! LJ PARAMETERS ESTIMATED BY RMG: TC= 637.493K PC=  47.366BAR VC= 333.500CM3/MOL TB= 441.900K	(CSH3R, CDR3, ALCOHOL, CDHR2, CTR2, CTR2, CSH3R)
P1E3Y1O            2   348.645     4.993     0.000     0.000     1.000 ! LJ PARAMETERS ESTIMATED BY RMG: TC= 504.754K PC=  58.539BAR VC= 274.500CM3/MOL TB= 316.950K	(OD, CDDR2, CDHR2, CTR2, CTR2, CSH3R)
H34DE26O           2   384.993     6.199     0.000     0.000     1.000 ! LJ PARAMETERS ESTIMATED BY RMG: TC= 652.756K PC=  43.684BAR VC= 354.500CM3/MOL TB= 446.640K	(CSH3R, KETONE_CCENTERED, KETONE_OCENTERED, CDHR2, CDDR2, CDHR2, ALDEHYDE_CCENTERED, ALDEHYDE_OCENTERED)
H34DE21O           2   384.993     6.199     0.000     0.000     1.000 ! LJ PARAMETERS ESTIMATED BY RMG: TC= 652.756K PC=  43.684BAR VC= 354.500CM3/MOL TB= 446.640K	(ALDEHYDE_OCENTERED, ALDEHYDE_CCENTERED, KETONE_CCENTERED, KETONE_OCENTERED, CDHR2, CDDR2, CDHR2, CSH3R)
P4Y2O              2   367.750     5.634     0.000     0.000     1.000 ! LJ PARAMETERS ESTIMATED BY RMG: TC= 549.331K PC=  45.225BAR VC= 283.500CM3/MOL TB= 357.790K	(CSH3R, KETONE_CCENTERED, KETONE_OCENTERED, CSH2R2, CTR2, CTHR)
O*CCJ*O            2   325.404     4.973     0.000     0.000     1.000 ! LJ PARAMETERS ESTIMATED BY RMG: TC= 525.759K PC=  66.098BAR VC= 181.500CM3/MOL TB= 342.480K	(ALDEHYDE_OCENTERED, ALDEHYDE_CCENTERED, ALDEHYDE_CCENTERED, ALDEHYDE_OCENTERED)
H34DE126O          2   373.549     6.298     0.000     0.000     1.000 ! LJ PARAMETERS ESTIMATED BY RMG: TC= 706.560K PC=  48.292BAR VC= 371.500CM3/MOL TB= 495.300K	(ALDEHYDE_OCENTERED, ALDEHYDE_CCENTERED, KETONE_CCENTERED, KETONE_OCENTERED, CDHR2, CDDR2, CDHR2, ALDEHYDE_CCENTERED, ALDEHYDE_OCENTERED)
HPT45DE3O          2   390.296     6.444     0.000     0.000     1.000 ! LJ PARAMETERS ESTIMATED BY RMG: TC= 618.325K PC=  35.305BAR VC= 393.500CM3/MOL TB= 420.860K	(CSH3R, CSH2R2, KETONE_CCENTERED, KETONE_OCENTERED, CDHR2, CDDR2, CDHR2, CSH3R)
HPT34DE2O          2   390.296     6.444     0.000     0.000     1.000 ! LJ PARAMETERS ESTIMATED BY RMG: TC= 618.325K PC=  35.305BAR VC= 393.500CM3/MOL TB= 420.860K	(CSH3R, KETONE_CCENTERED, KETONE_OCENTERED, CDHR2, CDDR2, CDHR2, CSH2R2, CSH3R)
HPT56DE3O4J        2   374.302     6.462     0.000     0.000     1.000 ! LJ PARAMETERS ESTIMATED BY RMG: TC= 603.783K PC=  34.561BAR VC= 394.500CM3/MOL TB= 414.270K	(CSH3R, CSH2R2, KETONE_CCENTERED, KETONE_OCENTERED, CDHR2, CDHR2, CDHR2, CDH2R)
HPT46DE3O2J        2   374.302     6.462     0.000     0.000     1.000 ! LJ PARAMETERS ESTIMATED BY RMG: TC= 603.783K PC=  34.561BAR VC= 394.500CM3/MOL TB= 414.270K	(CSH3R, CSH2R2, KETONE_CCENTERED, KETONE_OCENTERED, CDHR2, CDHR2, CDHR2, CDH2R)
HPT45DE2O3J        2   385.061     6.473     0.000     0.000     1.000 ! LJ PARAMETERS ESTIMATED BY RMG: TC= 616.774K PC=  34.971BAR VC= 393.500CM3/MOL TB= 421.750K	(CSH3R, KETONE_CCENTERED, KETONE_OCENTERED, CDHR2, CDHR2, CDHR2, CDHR2, CSH3R)
HPT35DE2O1J        2   385.061     6.473     0.000     0.000     1.000 ! LJ PARAMETERS ESTIMATED BY RMG: TC= 616.774K PC=  34.971BAR VC= 393.500CM3/MOL TB= 421.750K	(CSH3R, KETONE_CCENTERED, KETONE_OCENTERED, CDHR2, CDHR2, CDHR2, CDHR2, CSH3R)
H45DE3O            2   377.292     6.074     0.000     0.000     1.000 ! LJ PARAMETERS ESTIMATED BY RMG: TC= 583.871K PC=  39.209BAR VC= 338.500CM3/MOL TB= 390.500K	(CSH3R, CSH2R2, KETONE_CCENTERED, KETONE_OCENTERED, CDHR2, CDDR2, CDH2R)
H23DE1O            2   374.834     6.043     0.000     0.000     1.000 ! LJ PARAMETERS ESTIMATED BY RMG: TC= 586.255K PC=  40.261BAR VC= 348.500CM3/MOL TB= 392.770K	(ALDEHYDE_OCENTERED, ALDEHYDE_CCENTERED, CDHR2, CDDR2, CDHR2, CSH2R2, CSH3R)
HPT346TE2O         2   396.963     5.864     0.000     0.000     1.000 ! LJ PARAMETERS ESTIMATED BY RMG: TC= 600.254K PC=  44.150BAR VC= 318.500CM3/MOL TB= 393.770K	(CSH3R, KETONE_CCENTERED, KETONE_OCENTERED, CDHR2, CDDR2, CDDR2, CDH2R)
HPT145TE3O         2   383.558     5.953     0.000     0.000     1.000 ! LJ PARAMETERS ESTIMATED BY RMG: TC= 584.896K PC=  41.356BAR VC= 319.500CM3/MOL TB= 387.180K	(CDH2R, CDHR2, KETONE_CCENTERED, KETONE_OCENTERED, CDHR2, CDDR2, CDH2R)
H235TE1O           2   356.500     6.251     0.000     0.000     1.000 ! LJ PARAMETERS ESTIMATED BY RMG: TC= 570.955K PC=  35.942BAR VC= 368.500CM3/MOL TB= 389.500K	(ALDEHYDE_OCENTERED, ALDEHYDE_CCENTERED, CSH2R2, CDHR2, CDHR2, CSH2R2, CSH3R)
H34DE2O1OH         2   325.814     6.896     0.000     0.000     1.000 ! LJ PARAMETERS ESTIMATED BY RMG: TC= 700.254K PC=  39.506BAR VC= 412.500CM3/MOL TB= 513.040K	(ALCOHOL, CSH2R2, KETONE_CCENTERED, KETONE_OCENTERED, CDHR2, CDDR2, CDHR2, CSH2R2, CSH3R)
COCH2OH            2   280.455     5.241     0.000     0.000     1.000 ! LJ PARAMETERS ESTIMATED BY RMG: TC= 556.851K PC=  68.076BAR VC= 183.500CM3/MOL TB= 386.000K	(ALCOHOL, CSH2R2, ALDEHYDE_CCENTERED, ALDEHYDE_OCENTERED)
H34DE2O6OH         2   326.641     6.505     0.000     0.000     1.000 ! LJ PARAMETERS ESTIMATED BY RMG: TC= 679.527K PC=  44.742BAR VC= 356.500CM3/MOL TB= 490.160K	(CSH3R, KETONE_CCENTERED, KETONE_OCENTERED, CDHR2, CDDR2, CDHR2, CSH2R2, ALCOHOL)
CHCCHCH2OH         2   304.378     5.426     0.000     0.000     1.000 ! LJ PARAMETERS ESTIMATED BY RMG: TC= 546.503K PC=  56.532BAR VC= 240.500CM3/MOL TB= 373.220K	(CTHR, CTR2, CSH2R2, CSH2R2, ALCOHOL)
P23DE1O1OH         2   379.663     5.779     0.000     0.000     1.000 ! LJ PARAMETERS ESTIMATED BY RMG: TC= 571.427K PC=  43.800BAR VC= 272.500CM3/MOL TB= 374.400K	(KETONE_OCENTERED, KETONE_CCENTERED, ACID_OCENTERED1, CDHR2, CDDR2, CDHR2, CSH3R)
H145TE3O           2   383.558     5.953     0.000     0.000     1.000 ! LJ PARAMETERS ESTIMATED BY RMG: TC= 584.896K PC=  41.356BAR VC= 319.500CM3/MOL TB= 387.180K	(CDH2R, CDHR2, KETONE_CCENTERED, KETONE_OCENTERED, CDHR2, CDDR2, CDH2R)
P34DE2O5OH         2   327.318     6.117     0.000     0.000     1.000 ! LJ PARAMETERS ESTIMATED BY RMG: TC= 658.802K PC=  51.093BAR VC= 300.500CM3/MOL TB= 467.280K	(CSH3R, KETONE_CCENTERED, KETONE_OCENTERED, CDHR2, CDDR2, CDHR2, ALCOHOL)
C#CCJOH            2   306.680     5.141     0.000     0.000     1.000 ! LJ PARAMETERS ESTIMATED BY RMG: TC= 536.616K PC=  64.205BAR VC= 183.500CM3/MOL TB= 360.170K	(CDH2R, CDDR2, CDHR2, ALCOHOL)
H3E2O5OH5J         2   271.366     6.801     0.000     0.000     1.000 ! LJ PARAMETERS ESTIMATED BY RMG: TC= 704.733K PC=  46.657BAR VC= 371.500CM3/MOL TB= 529.120K	(CSH3R, CDR3, ALCOHOL, CDHR2, CDHR2, CDR3, ALCOHOL, CSH3R)
H25O3J             2   359.724     6.520     0.000     0.000     1.000 ! LJ PARAMETERS ESTIMATED BY RMG: TC= 634.101K PC=  37.362BAR VC= 383.500CM3/MOL TB= 444.420K	(CSH3R, KETONE_CCENTERED, KETONE_OCENTERED, CSH2R2, CSH2R2, KETONE_CCENTERED, KETONE_OCENTERED, CSH3R)

H3E25O             2   380.029     6.467     0.000     0.000     1.000 ! LJ PARAMETERS ESTIMATED BY RMG: TC= 647.722K PC=  38.293BAR VC= 363.500CM3/MOL TB= 448.580K	(CSH3R, KETONE_CCENTERED, KETONE_OCENTERED, CDHR2, CDHR2, KETONE_CCENTERED, KETONE_OCENTERED, CSH3R)
H3E25O1J           2   376.108     6.396     0.000     0.000     1.000 ! LJ PARAMETERS ESTIMATED BY RMG: TC= 647.722K PC=  39.856BAR VC= 363.500CM3/MOL TB= 448.580K	(CSH3R, KETONE_CCENTERED, KETONE_OCENTERED, CDHR2, CDHR2, KETONE_CCENTERED, KETONE_OCENTERED, CSH3R)
H3E15O1J           2   362.825     6.357     0.000     0.000     1.000 ! LJ PARAMETERS ESTIMATED BY RMG: TC= 637.171K PC=  40.415BAR VC= 374.500CM3/MOL TB= 443.370K	(ALDEHYDE_OCENTERED, ALDEHYDE_CCENTERED, CSH2R2, CDHR2, CDHR2, KETONE_CCENTERED, KETONE_OCENTERED, CSH3R)
P3E2O              2   366.623     5.938     0.000     0.000     1.000 ! LJ PARAMETERS ESTIMATED BY RMG: TC= 559.719K PC=  39.906BAR VC= 301.500CM3/MOL TB= 371.830K	(CSH3R, KETONE_CCENTERED, KETONE_OCENTERED, CDHR2, CDHR2, CSH3R)
P3E25O5J           2   362.326     5.988     0.000     0.000     1.000 ! LJ PARAMETERS ESTIMATED BY RMG: TC= 616.249K PC=  45.839BAR VC= 318.500CM3/MOL TB= 420.490K	(CSH3R, KETONE_CCENTERED, KETONE_OCENTERED, CDHR2, CDHR2, ALDEHYDE_CCENTERED, ALDEHYDE_OCENTERED)
H4E2O5OOH3J        2   309.511     6.841     0.000     0.000     1.000 ! LJ PARAMETERS ESTIMATED BY RMG: TC= 690.833K PC=  40.881BAR VC= 388.500CM3/MOL TB= 508.870K	(CSH3R, KETONE_CCENTERED, KETONE_OCENTERED, CDHR2, CDHR2, CSHR3, ETHER, ALCOHOL, CSH3R)
H4E2O3J5M          2   378.294     6.553     0.000     0.000     1.000 ! LJ PARAMETERS ESTIMATED BY RMG: TC= 607.023K PC=  33.220BAR VC= 407.500CM3/MOL TB= 417.150K	(CSH3R, KETONE_CCENTERED, KETONE_OCENTERED, CDHR2, CDHR2, CSHR3, CSH3R, CSH3R)
H5E2O4J5M          2   366.308     6.551     0.000     0.000     1.000 ! LJ PARAMETERS ESTIMATED BY RMG: TC= 593.822K PC=  32.728BAR VC= 415.500CM3/MOL TB= 409.990K	(CSH3R, KETONE_CCENTERED, KETONE_OCENTERED, CSH2R2, CSH2R2, CDR3, CDH2R, CSH3R)
P23DE1O-C          2   371.990     5.687     0.000     0.000     1.000 ! LJ PARAMETERS ESTIMATED BY RMG: TC= 564.613K PC=  45.654BAR VC= 292.500CM3/MOL TB= 369.890K	(ALDEHYDE_OCENTERED, ALDEHYDE_CCENTERED, CDHR2, CDDR2, CDHR2, CSH3R)
P23DE1O-T          2   371.990     5.687     0.000     0.000     1.000 ! LJ PARAMETERS ESTIMATED BY RMG: TC= 564.613K PC=  45.654BAR VC= 292.500CM3/MOL TB= 369.890K	(ALDEHYDE_OCENTERED, ALDEHYDE_CCENTERED, CDHR2, CDDR2, CDHR2, CSH3R)
P34DE2O-C          2   374.259     5.720     0.000     0.000     1.000 ! LJ PARAMETERS ESTIMATED BY RMG: TC= 562.185K PC=  44.385BAR VC= 282.500CM3/MOL TB= 367.620K	(CSH3R, KETONE_CCENTERED, KETONE_OCENTERED, CDHR2, CDDR2, CDH2R)
P34DE2O-T          2   374.259     5.720     0.000     0.000     1.000 ! LJ PARAMETERS ESTIMATED BY RMG: TC= 562.185K PC=  44.385BAR VC= 282.500CM3/MOL TB= 367.620K	(CSH3R, KETONE_CCENTERED, KETONE_OCENTERED, CDHR2, CDDR2, CDH2R)
P34DE1O2J-C1       2   355.743     5.702     0.000     0.000     1.000 ! LJ PARAMETERS ESTIMATED BY RMG: TC= 549.541K PC=  44.563BAR VC= 293.500CM3/MOL TB= 363.300K	(ALDEHYDE_OCENTERED, ALDEHYDE_CCENTERED, CDHR2, CDHR2, CDHR2, CDH2R)
P34DE1O2J-C2       2   355.743     5.702     0.000     0.000     1.000 ! LJ PARAMETERS ESTIMATED BY RMG: TC= 549.541K PC=  44.563BAR VC= 293.500CM3/MOL TB= 363.300K	(ALDEHYDE_OCENTERED, ALDEHYDE_CCENTERED, CDHR2, CDHR2, CDHR2, CDH2R)
P14DE1O3J-C1       2   355.743     5.702     0.000     0.000     1.000 ! LJ PARAMETERS ESTIMATED BY RMG: TC= 549.541K PC=  44.563BAR VC= 293.500CM3/MOL TB= 363.300K	(ALDEHYDE_OCENTERED, ALDEHYDE_CCENTERED, CDHR2, CDHR2, CDHR2, CDH2R)
P14DE1O3J-RC       2   355.743     5.702     0.000     0.000     1.000 ! LJ PARAMETERS ESTIMATED BY RMG: TC= 549.541K PC=  44.563BAR VC= 293.500CM3/MOL TB= 363.300K	(ALDEHYDE_OCENTERED, ALDEHYDE_CCENTERED, CDHR2, CDHR2, CDHR2, CDH2R)
P24DE1O1J-C1       2   355.743     5.702     0.000     0.000     1.000 ! LJ PARAMETERS ESTIMATED BY RMG: TC= 549.541K PC=  44.563BAR VC= 293.500CM3/MOL TB= 363.300K	(ALDEHYDE_OCENTERED, ALDEHYDE_CCENTERED, CDHR2, CDHR2, CDHR2, CDH2R)
P23DE1O4J          2   343.615     5.719     0.000     0.000     1.000 ! LJ PARAMETERS ESTIMATED BY RMG: TC= 612.826K PC=  53.907BAR VC= 276.500CM3/MOL TB= 419.140K	(ALCOHOL, CDHR2, CDHR2, CTR2, CTR2, CSH3R)
P34DE2O5J          2   370.904     5.649     0.000     0.000     1.000 ! LJ PARAMETERS ESTIMATED BY RMG: TC= 562.185K PC=  46.340BAR VC= 282.500CM3/MOL TB= 367.620K	(CSH3R, KETONE_CCENTERED, KETONE_OCENTERED, CDHR2, CDDR2, CDH2R)
P13DE1O4J          2   319.530     5.154     0.000     0.000     1.000 ! LJ PARAMETERS ESTIMATED BY RMG: TC= 482.842K PC=  52.282BAR VC= 292.500CM3/MOL TB= 312.110K	(OD, CDDR2, CDHR2, CDHR2, CDHR2, CSH3R)

P23DE15O           2   370.960     5.792     0.000     0.000     1.000 ! LJ PARAMETERS ESTIMATED BY RMG: TC= 621.275K PC=  50.586BAR VC= 309.500CM3/MOL TB= 418.550K	(ALDEHYDE_OCENTERED, ALDEHYDE_CCENTERED, CDHR2, CDDR2, CDHR2, ALDEHYDE_CCENTERED, ALDEHYDE_OCENTERED)
P3E1O2J-C1         2   350.062     5.824     0.000     0.000     1.000 ! LJ PARAMETERS ESTIMATED BY RMG: TC= 548.861K PC=  42.166BAR VC= 312.500CM3/MOL TB= 366.620K	(ALDEHYDE_OCENTERED, ALDEHYDE_CCENTERED, CDHR2, CDHR2, CSH2R2, CSH3R)
P3E1O2J-C2         2   350.062     5.824     0.000     0.000     1.000 ! LJ PARAMETERS ESTIMATED BY RMG: TC= 548.861K PC=  42.166BAR VC= 312.500CM3/MOL TB= 366.620K	(ALDEHYDE_OCENTERED, ALDEHYDE_CCENTERED, CDHR2, CDHR2, CSH2R2, CSH3R)
P3E1O2J-T1         2   350.062     5.824     0.000     0.000     1.000 ! LJ PARAMETERS ESTIMATED BY RMG: TC= 548.861K PC=  42.166BAR VC= 312.500CM3/MOL TB= 366.620K	(ALDEHYDE_OCENTERED, ALDEHYDE_CCENTERED, CDHR2, CDHR2, CSH2R2, CSH3R)
P15DE1OH3J-C1      2   319.598     5.998     0.000     0.000     1.000 ! LJ PARAMETERS ESTIMATED BY RMG: TC= 592.396K PC=  46.277BAR VC= 294.500CM3/MOL TB= 414.300K	(ALCOHOL, CDHR2, CDHR2, CDHR2, CDHR2, CSH3R)
P2E1O1J-C1         2   350.062     5.824     0.000     0.000     1.000 ! LJ PARAMETERS ESTIMATED BY RMG: TC= 548.861K PC=  42.166BAR VC= 312.500CM3/MOL TB= 366.620K	(ALDEHYDE_OCENTERED, ALDEHYDE_CCENTERED, CDHR2, CDHR2, CSH2R2, CSH3R)
P4E1O3J-C1         2   339.279     5.811     0.000     0.000     1.000 ! LJ PARAMETERS ESTIMATED BY RMG: TC= 535.691K PC=  41.623BAR VC= 313.500CM3/MOL TB= 359.140K	(ALDEHYDE_OCENTERED, ALDEHYDE_CCENTERED, CSH2R2, CSH2R2, CDHR2, CDH2R)
P4E1O3J-C2         2   339.279     5.811     0.000     0.000     1.000 ! LJ PARAMETERS ESTIMATED BY RMG: TC= 535.691K PC=  41.623BAR VC= 313.500CM3/MOL TB= 359.140K	(ALDEHYDE_OCENTERED, ALDEHYDE_CCENTERED, CSH2R2, CSH2R2, CDHR2, CDH2R)
P4E2O5J-C1         2   352.253     5.855     0.000     0.000     1.000 ! LJ PARAMETERS ESTIMATED BY RMG: TC= 546.412K PC=  41.039BAR VC= 302.500CM3/MOL TB= 364.350K	(CSH3R, KETONE_CCENTERED, KETONE_OCENTERED, CSH2R2, CDHR2, CDH2R)
P4E2O1J-C2         2   309.092     5.959     0.000     0.000     1.000 ! LJ PARAMETERS ESTIMATED BY RMG: TC= 570.610K PC=  45.347BAR VC= 297.500CM3/MOL TB= 399.220K	(CDH2R, CDR3, ALCOHOL, CSH2R2, CDHR2, CDH2R)
P3E1O4J-C1         2   350.062     5.824     0.000     0.000     1.000 ! LJ PARAMETERS ESTIMATED BY RMG: TC= 548.861K PC=  42.166BAR VC= 312.500CM3/MOL TB= 366.620K	(ALDEHYDE_OCENTERED, ALDEHYDE_CCENTERED, CSH2R2, CDHR2, CDHR2, CSH3R)
P3E1O1J-C1         2   350.062     5.824     0.000     0.000     1.000 ! LJ PARAMETERS ESTIMATED BY RMG: TC= 548.861K PC=  42.166BAR VC= 312.500CM3/MOL TB= 366.620K	(ALDEHYDE_OCENTERED, ALDEHYDE_CCENTERED, CSH2R2, CDHR2, CDHR2, CSH3R)
P3E1O1J-C2         2   350.062     5.824     0.000     0.000     1.000 ! LJ PARAMETERS ESTIMATED BY RMG: TC= 548.861K PC=  42.166BAR VC= 312.500CM3/MOL TB= 366.620K	(ALDEHYDE_OCENTERED, ALDEHYDE_CCENTERED, CSH2R2, CDHR2, CDHR2, CSH3R)
P4E2O3J-C1         2   363.325     5.868     0.000     0.000     1.000 ! LJ PARAMETERS ESTIMATED BY RMG: TC= 559.719K PC=  41.570BAR VC= 301.500CM3/MOL TB= 371.830K	(CSH3R, KETONE_CCENTERED, KETONE_OCENTERED, CDHR2, CDHR2, CSH3R)
P4E2O3J-C2         2   363.325     5.868     0.000     0.000     1.000 ! LJ PARAMETERS ESTIMATED BY RMG: TC= 559.719K PC=  41.570BAR VC= 301.500CM3/MOL TB= 371.830K	(CSH3R, KETONE_CCENTERED, KETONE_OCENTERED, CDHR2, CDHR2, CSH3R)
P3E2O1J-C1         2   363.325     5.868     0.000     0.000     1.000 ! LJ PARAMETERS ESTIMATED BY RMG: TC= 559.719K PC=  41.570BAR VC= 301.500CM3/MOL TB= 371.830K	(CSH3R, KETONE_CCENTERED, KETONE_OCENTERED, CDHR2, CDHR2, CSH3R)
P3E2O1J-C2         2   363.325     5.868     0.000     0.000     1.000 ! LJ PARAMETERS ESTIMATED BY RMG: TC= 559.719K PC=  41.570BAR VC= 301.500CM3/MOL TB= 371.830K	(CSH3R, KETONE_CCENTERED, KETONE_OCENTERED, CDHR2, CDHR2, CSH3R)
C-C31O2C2H4        2   391.120     5.903     0.000     0.000     1.000 ! LJ PARAMETERS ESTIMATED BY RMG: TC= 590.495K PC=  42.552BAR VC= 279.500CM3/MOL TB= 388.360K	(CSRINGH2R2, CSRINGHR3, KETONE_RING, KETONE_OCENTERED, CSH2R2, CSH3R)
B23DE1O4OH         2   363.935     5.413     0.000     0.000     1.000 ! LJ PARAMETERS ESTIMATED BY RMG: TC= 535.610K PC=  49.246BAR VC= 217.500CM3/MOL TB= 344.040K	(KETONE_OCENTERED, KETONE_CCENTERED, ACID_OCENTERED1, CDHR2, CDDR2, CDH2R)
CHCCH2OH           2   304.781     5.130     0.000     0.000     1.000 ! LJ PARAMETERS ESTIMATED BY RMG: TC= 523.884K PC=  62.393BAR VC= 184.500CM3/MOL TB= 350.340K	(CTHR, CTR2, CSH2R2, ALCOHOL)
P3E1O4OH2J         2   264.129     6.431     0.000     0.000     1.000 ! LJ PARAMETERS ESTIMATED BY RMG: TC= 680.578K PC=  53.047BAR VC= 314.500CM3/MOL TB= 506.360K	(ALCOHOL, CDHR2, CDHR2, CDHR2, CDR3, ALCOHOL, CSH3R)
P14O3J             2   346.094     6.112     0.000     0.000     1.000 ! LJ PARAMETERS ESTIMATED BY RMG: TC= 602.509K PC=  42.775BAR VC= 338.500CM3/MOL TB= 416.330K	(ALDEHYDE_OCENTERED, ALDEHYDE_CCENTERED, CSH2R2, CSH2R2, KETONE_CCENTERED, KETONE_OCENTERED, CSH3R)
B2E14O1J           2   347.662     5.580     0.000     0.000     1.000 ! LJ PARAMETERS ESTIMATED BY RMG: TC= 584.171K PC=  53.279BAR VC= 273.500CM3/MOL TB= 392.400K	(ALDEHYDE_OCENTERED, ALDEHYDE_CCENTERED, CDHR2, CDHR2, ALDEHYDE_CCENTERED, ALDEHYDE_OCENTERED)
P4E2O5OH3J         2   312.486     6.369     0.000     0.000     1.000 ! LJ PARAMETERS ESTIMATED BY RMG: TC= 644.716K PC=  44.983BAR VC= 320.500CM3/MOL TB= 464.010K	(CSH3R, KETONE_CCENTERED, KETONE_OCENTERED, CSH2R2, CDHR2, CDHR2, ALCOHOL)
P25O4J             2   308.401     6.295     0.000     0.000     1.000 ! LJ PARAMETERS ESTIMATED BY RMG: TC= 644.716K PC=  46.977BAR VC= 320.500CM3/MOL TB= 464.010K	(ALCOHOL, CDHR2, CDHR2, CSH2R2, KETONE_CCENTERED, KETONE_OCENTERED, CSH3R)
P14DE1J            2   335.116     5.543     0.000     0.000     1.000 ! LJ PARAMETERS ESTIMATED BY RMG: TC= 476.649K PC=  39.956BAR VC= 277.500CM3/MOL TB= 307.160K	(CDH2R, CDHR2, CSH2R2, CDHR2, CDH2R)
P23DE              2   363.390     5.560     0.000     0.000     1.000 ! LJ PARAMETERS ESTIMATED BY RMG: TC= 505.543K PC=  41.409BAR VC= 275.500CM3/MOL TB= 321.230K	(CSH3R, CDHR2, CDDR2, CDHR2, CSH3R)
B13DE2M            2   345.425     5.593     0.000     0.000     1.000 ! LJ PARAMETERS ESTIMATED BY RMG: TC= 480.203K PC=  38.627BAR VC= 278.500CM3/MOL TB= 307.040K	(CDH2R, CDR3, CSH3R, CDHR2, CDH2R)
B13DE2MJ           2   342.758     5.527     0.000     0.000     1.000 ! LJ PARAMETERS ESTIMATED BY RMG: TC= 480.203K PC=  40.210BAR VC= 278.500CM3/MOL TB= 307.040K	(CDH2R, CDR3, CSH3R, CDHR2, CDH2R)
B12DE3M            2   359.228     5.525     0.000     0.000     1.000 ! LJ PARAMETERS ESTIMATED BY RMG: TC= 495.448K PC=  41.144BAR VC= 277.500CM3/MOL TB= 313.630K	(CDH2R, CDDR2, CDR3, CSH3R, CSH3R)
P12DE              2   351.247     5.539     0.000     0.000     1.000 ! LJ PARAMETERS ESTIMATED BY RMG: TC= 491.670K PC=  40.881BAR VC= 276.500CM3/MOL TB= 313.750K	(CDH2R, CDDR2, CDHR2, CSH2R2, CSH3R)
LC6H6              2   382.762     5.585     0.000     0.000     1.000 ! LJ PARAMETERS ESTIMATED BY RMG: TC= 531.847K PC=  42.943BAR VC= 293.500CM3/MOL TB= 336.580K	(CDH2R, CDDR2, CDHR2, CDHR2, CDDR2, CDH2R)
P2Y                2   371.875     5.532     0.000     0.000     1.000 ! LJ PARAMETERS ESTIMATED BY RMG: TC= 511.812K PC=  42.275BAR VC= 277.500CM3/MOL TB= 322.800K	(CSH3R, CTR2, CTR2, CSH2R2, CSH3R)
P2Y4J              2   369.009     5.464     0.000     0.000     1.000 ! LJ PARAMETERS ESTIMATED BY RMG: TC= 511.812K PC=  44.091BAR VC= 277.500CM3/MOL TB= 322.800K	(CSH3R, CTR2, CTR2, CSH2R2, CSH3R)
C4H6-1             2   334.904     5.104     0.000     0.000     1.000 ! LJ PARAMETERS ESTIMATED BY RMG: TC= 454.053K PC=  47.301BAR VC= 221.500CM3/MOL TB= 281.040K	(CTHR, CTR2, CSH2R2, CSH3R)
C4H61-1J           2   332.339     5.037     0.000     0.000     1.000 ! LJ PARAMETERS ESTIMATED BY RMG: TC= 454.053K PC=  49.454BAR VC= 221.500CM3/MOL TB= 281.040K	(CTHR, CTR2, CSH2R2, CSH3R)
CHCCHCH3           2   332.339     5.037     0.000     0.000     1.000 ! LJ PARAMETERS ESTIMATED BY RMG: TC= 454.053K PC=  49.454BAR VC= 221.500CM3/MOL TB= 281.040K	(CTHR, CTR2, CSH2R2, CSH3R)
CHCCH2CH2          2   332.339     5.037     0.000     0.000     1.000 ! LJ PARAMETERS ESTIMATED BY RMG: TC= 454.053K PC=  49.454BAR VC= 221.500CM3/MOL TB= 281.040K	(CTHR, CTR2, CSH2R2, CSH3R)
P124TE             2   356.394     5.427     0.000     0.000     1.000 ! LJ PARAMETERS ESTIMATED BY RMG: TC= 492.266K PC=  43.169BAR VC= 257.500CM3/MOL TB= 310.430K	(CDH2R, CDHR2, CDHR2, CDDR2, CDH2R)
P1Y4E              2   348.403     5.338     0.000     0.000     1.000 ! LJ PARAMETERS ESTIMATED BY RMG: TC= 478.783K PC=  43.974BAR VC= 258.500CM3/MOL TB= 300.600K	(CTHR, CTR2, CSH2R2, CDHR2, CDH2R)
B1E2M4J            2   337.912     5.640     0.000     0.000     1.000 ! LJ PARAMETERS ESTIMATED BY RMG: TC= 479.889K PC=  38.151BAR VC= 297.500CM3/MOL TB= 310.360K	(CDH2R, CDR3, CSH3R, CSH2R2, CSH3R)
B1E2M3J            2   349.664     5.662     0.000     0.000     1.000 ! LJ PARAMETERS ESTIMATED BY RMG: TC= 493.477K PC=  38.627BAR VC= 296.500CM3/MOL TB= 317.840K	(CSH3R, CDR3, CSH3R, CDHR2, CSH3R)
B1E3M3J            2   339.078     5.631     0.000     0.000     1.000 ! LJ PARAMETERS ESTIMATED BY RMG: TC= 480.192K PC=  38.293BAR VC= 290.500CM3/MOL TB= 310.040K	(CDH2R, CDHR2, CSHR3, CSH3R, CSH3R)
B1E3MJ             2   339.078     5.631     0.000     0.000     1.000 ! LJ PARAMETERS ESTIMATED BY RMG: TC= 480.192K PC=  38.293BAR VC= 290.500CM3/MOL TB= 310.040K	(CDH2R, CDHR2, CSHR3, CSH3R, CSH3R)
B1E2M3OJ           2   313.024     6.052     0.000     0.000     1.000 ! LJ PARAMETERS ESTIMATED BY RMG: TC= 573.886K PC=  43.340BAR VC= 310.500CM3/MOL TB= 402.100K	(CDH2R, CDR3, CSH3R, CSHR3, ALCOHOL, CSH3R)
B2E2M1OJ           2   313.097     6.098     0.000     0.000     1.000 ! LJ PARAMETERS ESTIMATED BY RMG: TC= 582.879K PC=  43.454BAR VC= 315.500CM3/MOL TB= 410.020K	(ALCOHOL, CSH2R2, CDR3, CSH3R, CDHR2, CSH3R)
B1E3M3OJ           2   322.382     6.005     0.000     0.000     1.000 ! LJ PARAMETERS ESTIMATED BY RMG: TC= 574.888K PC=  43.684BAR VC= 304.500CM3/MOL TB= 399.430K	(CDH2R, CDHR2, CSR4, ALCOHOL, CSH3R, CSH3R)
B2E3M1OJ           2   313.097     6.098     0.000     0.000     1.000 ! LJ PARAMETERS ESTIMATED BY RMG: TC= 582.879K PC=  43.454BAR VC= 315.500CM3/MOL TB= 410.020K	(ALCOHOL, CSH2R2, CDHR2, CDR3, CSH3R, CSH3R)
IC4H7-V            2   329.860     5.292     0.000     0.000     1.000 ! LJ PARAMETERS ESTIMATED BY RMG: TC= 455.748K PC=  43.112BAR VC= 241.500CM3/MOL TB= 287.480K	(CDH2R, CDR3, CSH3R, CSH3R)
P13DE1J            2   353.619     5.359     0.000     0.000     1.000 ! LJ PARAMETERS ESTIMATED BY RMG: TC= 492.266K PC=  45.043BAR VC= 257.500CM3/MOL TB= 310.430K	(CDH2R, CDHR2, CDHR2, CDDR2, CDH2R)
P1Y                2   343.473     5.450     0.000     0.000     1.000 ! LJ PARAMETERS ESTIMATED BY RMG: TC= 478.301K PC=  41.623BAR VC= 277.500CM3/MOL TB= 303.920K	(CTHR, CTR2, CSH2R2, CSH2R2, CSH3R)
H135TE1O           2   333.357     5.459     0.000     0.000     1.000 ! LJ PARAMETERS ESTIMATED BY RMG: TC= 506.646K PC=  46.340BAR VC= 329.500CM3/MOL TB= 331.670K	(OD, CDDR2, CDHR2, CDHR2, CDHR2, CDHR2, CDH2R)
CH2CH2CHCO         2   296.839     4.901     0.000     0.000     1.000 ! LJ PARAMETERS ESTIMATED BY RMG: TC= 444.964K PC=  55.775BAR VC= 256.500CM3/MOL TB= 285.070K	(CSH3R, CSH2R2, CDHR2, CDDR2, OD)
CH2CHCH2CO         2   334.799     5.453     0.000     0.000     1.000 ! LJ PARAMETERS ESTIMATED BY RMG: TC= 512.901K PC=  47.301BAR VC= 257.500CM3/MOL TB= 336.260K	(CDH2R, CDHR2, CSH2R2, ALDEHYDE_CCENTERED, ALDEHYDE_OCENTERED)
MVK                2   351.062     5.569     0.000     0.000     1.000 ! LJ PARAMETERS ESTIMATED BY RMG: TC= 523.881K PC=  44.623BAR VC= 246.500CM3/MOL TB= 341.470K	(CSH3R, KETONE_CCENTERED, KETONE_OCENTERED, CDHR2, CDH2R)
MJVK               2   347.943     5.500     0.000     0.000     1.000 ! LJ PARAMETERS ESTIMATED BY RMG: TC= 523.881K PC=  46.593BAR VC= 246.500CM3/MOL TB= 341.470K	(CSH3R, KETONE_CCENTERED, KETONE_OCENTERED, CDHR2, CDH2R)
MVJK-P             2   347.943     5.500     0.000     0.000     1.000 ! LJ PARAMETERS ESTIMATED BY RMG: TC= 523.881K PC=  46.593BAR VC= 246.500CM3/MOL TB= 341.470K	(CSH3R, KETONE_CCENTERED, KETONE_OCENTERED, CDHR2, CDH2R)
MVJK-S             2   347.943     5.500     0.000     0.000     1.000 ! LJ PARAMETERS ESTIMATED BY RMG: TC= 523.881K PC=  46.593BAR VC= 246.500CM3/MOL TB= 341.470K	(CSH3R, KETONE_CCENTERED, KETONE_OCENTERED, CDHR2, CDH2R)
EVK                2   355.474     5.923     0.000     0.000     1.000 ! LJ PARAMETERS ESTIMATED BY RMG: TC= 546.412K PC=  39.407BAR VC= 302.500CM3/MOL TB= 364.350K	(CSH3R, CSH2R2, KETONE_CCENTERED, KETONE_OCENTERED, CDHR2, CDH2R)
EJVK-P             2   352.253     5.855     0.000     0.000     1.000 ! LJ PARAMETERS ESTIMATED BY RMG: TC= 546.412K PC=  41.039BAR VC= 302.500CM3/MOL TB= 364.350K	(CSH3R, CSH2R2, KETONE_CCENTERED, KETONE_OCENTERED, CDHR2, CDH2R)
EJVK-SA            2   352.253     5.855     0.000     0.000     1.000 ! LJ PARAMETERS ESTIMATED BY RMG: TC= 546.412K PC=  41.039BAR VC= 302.500CM3/MOL TB= 364.350K	(CSH3R, CSH2R2, KETONE_CCENTERED, KETONE_OCENTERED, CDHR2, CDH2R)
EVJK-S             2   352.253     5.855     0.000     0.000     1.000 ! LJ PARAMETERS ESTIMATED BY RMG: TC= 546.412K PC=  41.039BAR VC= 302.500CM3/MOL TB= 364.350K	(CSH3R, CSH2R2, KETONE_CCENTERED, KETONE_OCENTERED, CDHR2, CDH2R)
EVJK-P             2   352.253     5.855     0.000     0.000     1.000 ! LJ PARAMETERS ESTIMATED BY RMG: TC= 546.412K PC=  41.039BAR VC= 302.500CM3/MOL TB= 364.350K	(CSH3R, CSH2R2, KETONE_CCENTERED, KETONE_OCENTERED, CDHR2, CDH2R)
P134TE1O           2   328.708     5.009     0.000     0.000     1.000 ! LJ PARAMETERS ESTIMATED BY RMG: TC= 484.565K PC=  56.278BAR VC= 273.500CM3/MOL TB= 307.900K	(OD, CDDR2, CDHR2, CDHR2, CDDR2, CDH2R)

B3E2OJ             2   303.072     5.705     0.000     0.000     1.000 ! LJ PARAMETERS ESTIMATED BY RMG: TC= 548.415K PC=  49.039BAR VC= 253.500CM3/MOL TB= 379.340K	(CDH2R, CDHR2, CSHR3, ALCOHOL, CSH3R)
C#CCJCC            2   340.779     5.384     0.000     0.000     1.000 ! LJ PARAMETERS ESTIMATED BY RMG: TC= 478.301K PC=  43.397BAR VC= 277.500CM3/MOL TB= 303.920K	(CTHR, CTR2, CSH2R2, CSH2R2, CSH3R)
C#CCHO             2   343.033     4.884     0.000     0.000     1.000 ! LJ PARAMETERS ESTIMATED BY RMG: TC= 492.255K PC=  60.655BAR VC= 182.500CM3/MOL TB= 306.820K	(CTHR, CTR2, ALDEHYDE_CCENTERED, ALDEHYDE_OCENTERED)
P4E1O2J            2   310.406     5.992     0.000     0.000     1.000 ! LJ PARAMETERS ESTIMATED BY RMG: TC= 579.891K PC=  45.654BAR VC= 295.500CM3/MOL TB= 406.820K	(ALCOHOL, CDHR2, CDHR2, CSH2R2, CDHR2, CDH2R)


!-----------------------------FURAN------------------------------------------------!
FURAN              2   380.115     5.132     0.000     0.000     1.000 
F2J                2   380.115     5.132     0.000     0.000     1.000 
F3J                2   380.115     5.132     0.000     0.000     1.000 
F25H               2   380.115     5.132     0.000     0.000     1.000 
F23H               2   380.115     5.132     0.000     0.000     1.000 
C3H3CHO-C          2   356.232     5.321     0.000     0.000     1.000 
C3H3CHO-T          2   356.232     5.321     0.000     0.000     1.000 
C3H3CHO-C          2   356.232     5.321     0.000     0.000     1.000 
FUROP1             2   356.232     5.321     0.000     0.000     1.000 
FUROP2             2   356.232     5.321     0.000     0.000     1.000 
C4H5O-2            2   378.951     5.220     0.000     0.000     1.000 
C4H5O-3            2   378.951     5.220     0.000     0.000     1.000 
C5H6O              2   364.000     5.559     0.000     0.000     1.000 
C5H8O              2   351.901     5.849     0.000     0.000     1.000 
THF                2   377.786     5.308     0.000     0.000     1.000 
THF-2J             2   377.786     5.308     0.000     0.000     1.000 
THF-3J             2   377.786     5.308     0.000     0.000     1.000 
CHCHCHCO           2   303.814     4.853     0.000     0.000     1.000 
CHCCHCO            2   313.195     4.571     0.000     0.000     1.000 
CHCCHCHO           2   323.027     5.375     0.000     0.000     1.000 
CH2CHCO            2   290.784     4.616     0.000     0.000     1.000

CHCCH2CHO          2   349.286     5.235     0.000     0.000     1.000 

                     

!! AROMATICS MEHL
FULVENE                      2   468.500     5.230     0.000     0.000     1.000            
C5H5CH3          2   464.8       5.29      0.00     10.32      1.000            

              
!! MISC.
P13DE                      2   408.000     5.200     0.000     0.000     1.000
CPE31O2J                   2   450.000     5.500     0.000     0.000     1.000 !C5H4O                        2   450.000     5.500     0.000     0.000     1.000
CPE24J5OH                  2   450.000     5.500     0.000     0.000     1.000 !C5H5OH                       2   450.000     5.500     0.000     0.000     1.000
