title,authors,doi,pii,volume,month,article_number,fuel_type,plasma_related,url,paper_pdf_link,paper_pdf_status,candidate,status,folder,mechanism_files,thermo_files,transport_files,standard_mechanism,standard_thermo,standard_transport,cantera_yaml,species,reactions,preprocess_status
An investigation of GPU-based stiff chemical kinetics integration methods,Nicholas J. Curtis; Kyle E. Niemeyer; Chih-Jen Sung,10.1016/j.combustflame.2017.02.005,S0010218017300354,179,May,312-324,unknown_fuel,no,https://www.sciencedirect.com/science/article/pii/S0010218017300354,,,True,excluded_no_mechanism_attachment,,,,,,,,,,,
Blow-out of nonpremixed turbulent jet flames at sub-atmospheric pressures,Qiang Wang; Longhua Hu; Suk Ho Chung,10.1016/j.combustflame.2016.11.016,S001021801630356X,176,Feb,358-360,unknown_fuel,no,https://www.sciencedirect.com/science/article/pii/S001021801630356X,,,False,excluded_no_mechanism_signal,,,,,,,,,,,
Synergistically catalysed pyrolysis of hydroxyl terminated polybutadiene binder in composite propellants and burn rate enhancement by free-standing CuO nanoparticles,Kranthi Chatragadda; Anuj A Vargeese,10.1016/j.combustflame.2017.04.007,S0010218017301347,182,Aug,28-35,butadiene,no,https://www.sciencedirect.com/science/article/pii/S0010218017301347,,,True,excluded_no_mechanism_attachment,,,,,,,,,,,
Development of kinetic parameters for polyurethane thermal degradation modeling featuring a bioinspired catecholic flame retardant,B.C. Roberts; A.R. Jones; O.A. Ezekoye; C.J. Ellison; M.E. Webber,10.1016/j.combustflame.2016.12.014,S0010218016303777,177,Mar,184-192,unknown_fuel,no,https://www.sciencedirect.com/science/article/pii/S0010218016303777,,,False,excluded_no_mechanism_signal,,,,,,,,,,,
A generalized model of flame to surface heat feedback for laminar wall flames,Isaac T. Leventon; Kevin T. Korver; Stanislav I. Stoliarov,10.1016/j.combustflame.2017.02.007,S0010218017300378,179,May,338-353,unknown_fuel,no,https://www.sciencedirect.com/science/article/pii/S0010218017300378,,,False,excluded_no_mechanism_signal,,,,,,,,,,,
"Laminar flame speeds of stratified methane, propane, and n-heptane flames",Xian Shi; Jyh-Yuan Chen; Yulin Chen,10.1016/j.combustflame.2016.10.018,S001021801630325X,176,Feb,38-47,methane_propane_n_heptane,no,https://www.sciencedirect.com/science/article/pii/S001021801630325X,,,False,excluded_no_mechanism_signal,,,,,,,,,,,
Is turbulent facilitated ignition through differential diffusion independent of spark gap?,Shenqyang Steven Shy; Minh Tien Nguyen; Shih-Yao Huang; Chien-Chia Liu,10.1016/j.combustflame.2017.06.022,S0010218017302432,185,Nov,1-3,unknown_fuel,no,https://www.sciencedirect.com/science/article/pii/S0010218017302432,,,False,excluded_no_mechanism_signal,,,,,,,,,,,
Measurement of atomic sodium release during pyrolysis and combustion of sodium-enriched Zhundong coal pellet,Zhihua Wang; Yingzu Liu; Ronald Whiddon; Kaidi Wan; Yong He; Jun Xia; Kefa Cen,10.1016/j.combustflame.2016.10.020,S0010218016303273,176,Feb,429-438,coal,no,https://www.sciencedirect.com/science/article/pii/S0010218016303273,,,True,excluded_no_supplement_found,,,,,,,,,,,
Experimental investigation of the effect of droplet size on the vaporization process in ambient turbulence,Cameron Verwey; Madjid Birouk,10.1016/j.combustflame.2017.04.027,S0010218017301621,182,Aug,288-297,unknown_fuel,no,https://www.sciencedirect.com/science/article/pii/S0010218017301621,,,False,excluded_no_mechanism_signal,,,,,,,,,,,
A compact shock-focusing geometry for detonation initiation: Experiments and adjoint-based variational data assimilation,J.A.T. Gray; M. Lemke; J. Reiss; C.O. Paschereit; J. Sesterhenn; J.P. Moeck,10.1016/j.combustflame.2017.03.014,S0010218017301062,183,Sep,144-156,unknown_fuel,no,https://www.sciencedirect.com/science/article/pii/S0010218017301062,,,False,excluded_no_mechanism_signal,,,,,,,,,,,
An experimental study on the ignition ability of a laser-induced gaseous breakdown,Takuma Endo; Yuhei Takenaka; Yoshiyuki Sako; Tomoyuki Johzaki; Shin-ichi Namba; Daisuke Shimokuri,10.1016/j.combustflame.2017.01.016,S0010218017300160,178,Apr,1-6,unknown_fuel,no,https://www.sciencedirect.com/science/article/pii/S0010218017300160,,,False,excluded_no_mechanism_signal,,,,,,,,,,,
Convection-driven melting in an n-octane pool fire bounded by an ice wall,Hamed Farmahini Farahani; Wilson Ulises Rojas Alva; Ali S. Rangwala; Grunde Jomaas,10.1016/j.combustflame.2017.02.006,S0010218017300366,179,May,219-227,n_octane,no,https://www.sciencedirect.com/science/article/pii/S0010218017300366,,,False,excluded_no_mechanism_signal,,,,,,,,,,,
Effect of unsteady stretching on the flame local dynamics,F. Zhang; T. Zirwes; P. Habisreuther; H. Bockhorn,10.1016/j.combustflame.2016.05.028,S0010218016301705,175,Jan,170-179,unknown_fuel,no,https://www.sciencedirect.com/science/article/pii/S0010218016301705,,,False,excluded_no_mechanism_signal,,,,,,,,,,,
Investigation of combustion process of a kerosene fueled combustor with air throttling,Ye Tian; Shunhua Yang; Jialing Le; Fuyu Zhong; Xiaoqiang Tian,10.1016/j.combustflame.2017.01.021,S0010218017300214,179,May,74-85,jet_fuel,no,https://www.sciencedirect.com/science/article/pii/S0010218017300214,,,False,excluded_no_mechanism_signal,,,,,,,,,,,
Mechanical and thermodynamic characterization of a copolymer of LP-33 polysulfide and hydroxyl terminated polybutadiene for solid fuel ramjet applications,Brian McDonald; Jeremy Rice; John Stewart,10.1016/j.combustflame.2017.05.026,S0010218017302018,184,Oct,11-19,butadiene,no,https://www.sciencedirect.com/science/article/pii/S0010218017302018,,,False,excluded_no_mechanism_signal,,,,,,,,,,,
On the propagation limits and speeds of premixed cool flames at elevated pressures,Yiguang Ju,10.1016/j.combustflame.2017.01.006,S0010218017300068,178,Apr,61-69,unknown_fuel,no,https://www.sciencedirect.com/science/article/pii/S0010218017300068,,,False,excluded_no_mechanism_signal,,,,,,,,,,,
On flame height of circulation-controlled firewhirls with variable physical properties and in power-law vortices: A mass-diffusivity-ratio model correction,Dehai Yu; Peng Zhang,10.1016/j.combustflame.2017.04.008,S0010218017301359,182,Aug,36-47,unknown_fuel,no,https://www.sciencedirect.com/science/article/pii/S0010218017301359,,,False,excluded_no_mechanism_signal,,,,,,,,,,,
Ignition of high pressure lean H2:air mixtures along the multiple channels of nanosecond surface discharge,Sergey A. Shcherbanev; Nikolay A. Popov; Svetlana M. Starikovskaia,10.1016/j.combustflame.2016.07.035,S0010218016302073,176,Feb,272-284,hydrogen,no,https://www.sciencedirect.com/science/article/pii/S0010218016302073,,,False,excluded_no_mechanism_signal,,,,,,,,,,,
Effects of dissipation rate and diffusion rate of the progress variable on local fuel burning rate in premixed turbulent flames,Bruno Savard; Guillaume Blanquart,10.1016/j.combustflame.2017.02.025,S001021801730072X,180,Jun,77-87,unknown_fuel,no,https://www.sciencedirect.com/science/article/pii/S001021801730072X,,,False,excluded_no_mechanism_signal,,,,,,,,,,,
Flame propagation in multiscale transient periodic flow,R.C. Aldredge,10.1016/j.combustflame.2017.05.012,S0010218017301797,183,Sep,166-180,unknown_fuel,no,https://www.sciencedirect.com/science/article/pii/S0010218017301797,,,False,excluded_no_mechanism_signal,,,,,,,,,,,
CSP-based chemical kinetics mechanisms simplification strategy for non-premixed combustion: An application to hybrid rocket propulsion,Pietro P. Ciottoli; Riccardo Malpica Galassi; Pasquale E. Lapenna; G. Leccese; D. Bianchi; F. Nasuti; F. Creta; M. Valorani,10.1016/j.combustflame.2017.07.035,S0010218017302912,186,Dec,83-93,unknown_fuel,no,https://www.sciencedirect.com/science/article/pii/S0010218017302912,,pending manual download; ScienceDirect PDF access triggered CAPTCHA or was not exposed,True,conversion_failed,/home/icaurs/Combustion-chemical-kinetic-models/combustion_and_flame_mechanisms/unknown_fuel/2017/ciottoli_2017_unknown_fuel_83-93,/home/icaurs/Combustion-chemical-kinetic-models/combustion_and_flame_mechanisms/unknown_fuel/2017/ciottoli_2017_unknown_fuel_83-93/_processing/extracted/s0010218017302912_mmc1/single_press_3bar_39species_chem.inp; /home/icaurs/Combustion-chemical-kinetic-models/combustion_and_flame_mechanisms/unknown_fuel/2017/ciottoli_2017_unknown_fuel_83-93/_processing/extracted/s0010218017302912_mmc1/single_press_36bar_37species_chem.inp; /home/icaurs/Combustion-chemical-kinetic-models/combustion_and_flame_mechanisms/unknown_fuel/2017/ciottoli_2017_unknown_fuel_83-93/_processing/extracted/s0010218017302912_mmc1/single_press_36bar_20species_chem.inp; /home/icaurs/Combustion-chemical-kinetic-models/combustion_and_flame_mechanisms/unknown_fuel/2017/ciottoli_2017_unknown_fuel_83-93/_processing/extracted/s0010218017302912_mmc1/comprehensive_39species_chem.inp; /home/icaurs/Combustion-chemical-kinetic-models/combustion_and_flame_mechanisms/unknown_fuel/2017/ciottoli_2017_unknown_fuel_83-93/_processing/extracted/s0010218017302912_mmc1/single_press_3bar_19species_chem.inp; /home/icaurs/Combustion-chemical-kinetic-models/combustion_and_flame_mechanisms/unknown_fuel/2017/ciottoli_2017_unknown_fuel_83-93/_processing/extracted/s0010218017302912_mmc1/single_press_17bar_33species_chem.inp; /home/icaurs/Combustion-chemical-kinetic-models/combustion_and_flame_mechanisms/unknown_fuel/2017/ciottoli_2017_unknown_fuel_83-93/_processing/extracted/s0010218017302912_mmc1/single_press_36bar_28species_chem.inp; /home/icaurs/Combustion-chemical-kinetic-models/combustion_and_flame_mechanisms/unknown_fuel/2017/ciottoli_2017_unknown_fuel_83-93/_processing/extracted/s0010218017302912_mmc1/single_press_17bar_19species_chem.inp; /home/icaurs/Combustion-chemical-kinetic-models/combustion_and_flame_mechanisms/unknown_fuel/2017/ciottoli_2017_unknown_fuel_83-93/_processing/extracted/s0010218017302912_mmc1/single_press_17bar_27species_chem.inp; /home/icaurs/Combustion-chemical-kinetic-models/combustion_and_flame_mechanisms/unknown_fuel/2017/ciottoli_2017_unknown_fuel_83-93/_processing/extracted/s0010218017302912_mmc1/single_press_17bar_17species_chem.inp; /home/icaurs/Combustion-chemical-kinetic-models/combustion_and_flame_mechanisms/unknown_fuel/2017/ciottoli_2017_unknown_fuel_83-93/_processing/extracted/s0010218017302912_mmc1/single_press_17bar_39species_chem.inp; /home/icaurs/Combustion-chemical-kinetic-models/combustion_and_flame_mechanisms/unknown_fuel/2017/ciottoli_2017_unknown_fuel_83-93/_processing/extracted/s0010218017302912_mmc1/comprehensive_20species_chem.inp; /home/icaurs/Combustion-chemical-kinetic-models/combustion_and_flame_mechanisms/unknown_fuel/2017/ciottoli_2017_unknown_fuel_83-93/_processing/extracted/s0010218017302912_mmc1/single_press_36bar_39species_chem.inp; /home/icaurs/Combustion-chemical-kinetic-models/combustion_and_flame_mechanisms/unknown_fuel/2017/ciottoli_2017_unknown_fuel_83-93/_processing/extracted/s0010218017302912_mmc1/single_press_3bar_25species_chem.inp; /home/icaurs/Combustion-chemical-kinetic-models/combustion_and_flame_mechanisms/unknown_fuel/2017/ciottoli_2017_unknown_fuel_83-93/_processing/extracted/s0010218017302912_mmc1/comprehensive_30species_chem.inp; /home/icaurs/Combustion-chemical-kinetic-models/combustion_and_flame_mechanisms/unknown_fuel/2017/ciottoli_2017_unknown_fuel_83-93/_processing/extracted/s0010218017302912_mmc1/single_press_3bar_17species_chem.inp; /home/icaurs/Combustion-chemical-kinetic-models/combustion_and_flame_mechanisms/unknown_fuel/2017/ciottoli_2017_unknown_fuel_83-93/_processing/extracted/s0010218017302912_mmc1/single_press_3bar_37species_chem.inp; /home/icaurs/Combustion-chemical-kinetic-models/combustion_and_flame_mechanisms/unknown_fuel/2017/ciottoli_2017_unknown_fuel_83-93/_processing/extracted/s0010218017302912_mmc1/single_press_36bar_17species_chem.inp,/home/icaurs/Combustion-chemical-kinetic-models/combustion_and_flame_mechanisms/unknown_fuel/2017/ciottoli_2017_unknown_fuel_83-93/_processing/extracted/s0010218017302912_mmc1/therm.dat,,/home/icaurs/Combustion-chemical-kinetic-models/combustion_and_flame_mechanisms/unknown_fuel/2017/ciottoli_2017_unknown_fuel_83-93/chem.inp,/home/icaurs/Combustion-chemical-kinetic-models/combustion_and_flame_mechanisms/unknown_fuel/2017/ciottoli_2017_unknown_fuel_83-93/therm.dat,,/home/icaurs/Combustion-chemical-kinetic-models/combustion_and_flame_mechanisms/unknown_fuel/2017/ciottoli_2017_unknown_fuel_83-93/mechanism.yaml,,,cantera_failed
"Simultaneous imaging of fuel, OH, and three component velocity fields in high pressure, liquid fueled, swirl stabilized flames at 5 kHz",Ianko Chterev; Nicholas Rock; Hanna Ek; Benjamin Emerson; Jerry Seitzman; Naibo Jiang; Sukesh Roy; Tonghun Lee; James Gord; Tim Lieuwen,10.1016/j.combustflame.2017.07.021,S0010218017302663,186,Dec,150-165,unknown_fuel,no,https://www.sciencedirect.com/science/article/pii/S0010218017302663,,,False,excluded_no_mechanism_signal,,,,,,,,,,,
A jet-stirred chamber for turbulent combustion experiments,Abbasali A. Davani; Paul D. Ronney,10.1016/j.combustflame.2017.07.009,S0010218017302547,185,Nov,117-128,unknown_fuel,no,https://www.sciencedirect.com/science/article/pii/S0010218017302547,,,False,excluded_no_mechanism_signal,,,,,,,,,,,
Robert S. Levine (1921 - 2016),James G. Quintiere,10.1016/j.combustflame.2017.06.012,S0010218017302274,183,Sep,A1-A2,unknown_fuel,no,https://www.sciencedirect.com/science/article/pii/S0010218017302274,,,False,excluded_no_mechanism_signal,,,,,,,,,,,
On the effect of injection timing on the ignition of lean PRF/air/EGR mixtures under direct dual fuel stratification conditions,Minh Bau Luong; Ramanan Sankaran; Gwang Hyeon Yu; Suk Ho Chung; Chun Sang Yoo,10.1016/j.combustflame.2017.05.023,S0010218017301980,183,Sep,309-321,unknown_fuel,no,https://www.sciencedirect.com/science/article/pii/S0010218017301980,,,False,excluded_no_mechanism_signal,,,,,,,,,,,
Sidewall quenching of atmospheric laminar premixed flames studied by laser-based diagnostics,Christopher Jainski; Martin Rißmann; Benjamin Böhm; Johannes Janicka; Andreas Dreizler,10.1016/j.combustflame.2017.05.020,S0010218017301955,183,Sep,271-282,unknown_fuel,no,https://www.sciencedirect.com/science/article/pii/S0010218017301955,,,False,excluded_no_mechanism_signal,,,,,,,,,,,
Microexplosions and ignition dynamics in engineered aluminum/polymer fuel particles,Mario A. Rubio; I. Emre Gunduz; Lori J. Groven; Travis R. Sippel; Chang Wan Han; Raymond R. Unocic; Volkan Ortalan; Steven F. Son,10.1016/j.combustflame.2016.10.008,S0010218016303078,176,Feb,162-171,aluminum,no,https://www.sciencedirect.com/science/article/pii/S0010218016303078,,,False,excluded_no_mechanism_signal,,,,,,,,,,,
"Pyrolysis of n-pentane, n-hexane and n-heptane in a single pulse shock tube",Kenji Yasunaga; Hiroshi Yamada; Hidekazu Oshita; Kenji Hattori; Yoshiaki Hidaka; Henry Curran,10.1016/j.combustflame.2017.07.027,S0010218017302729,185,Nov,335-345,pentane_n_heptane,no,https://www.sciencedirect.com/science/article/pii/S0010218017302729,,pending manual download; ScienceDirect PDF access triggered CAPTCHA or was not exposed,True,included,/home/icaurs/Combustion-chemical-kinetic-models/combustion_and_flame_mechanisms/pentane_n_heptane/2017/yasunaga_2017_pentane_n_heptane_335-345,/home/icaurs/Combustion-chemical-kinetic-models/combustion_and_flame_mechanisms/pentane_n_heptane/2017/yasunaga_2017_pentane_n_heptane_335-345/_processing/extracted/s0010218017302729_mmc2/Mech.rxn,/home/icaurs/Combustion-chemical-kinetic-models/combustion_and_flame_mechanisms/pentane_n_heptane/2017/yasunaga_2017_pentane_n_heptane_335-345/_processing/extracted/s0010218017302729_mmc2/Therm.dat,,/home/icaurs/Combustion-chemical-kinetic-models/combustion_and_flame_mechanisms/pentane_n_heptane/2017/yasunaga_2017_pentane_n_heptane_335-345/chem.inp,/home/icaurs/Combustion-chemical-kinetic-models/combustion_and_flame_mechanisms/pentane_n_heptane/2017/yasunaga_2017_pentane_n_heptane_335-345/therm.dat,,/home/icaurs/Combustion-chemical-kinetic-models/combustion_and_flame_mechanisms/pentane_n_heptane/2017/yasunaga_2017_pentane_n_heptane_335-345/mechanism.yaml,227,1734,ok
Flame resolved simulation of a turbulent premixed bluff-body burner experiment. Part II: A-priori and a-posteriori investigation of sub-grid scale wrinkling closures in the context of artificially thickened flame modeling,Fabian Proch; Pascale Domingo; Luc Vervisch; Andreas M. Kempf,10.1016/j.combustflame.2017.02.012,S0010218017300433,180,Jun,340-350,unknown_fuel,no,https://www.sciencedirect.com/science/article/pii/S0010218017300433,,,False,excluded_no_mechanism_signal,,,,,,,,,,,
Ignition and combustion characteristics of amorphous boron and coated boron particles in oxygen jet,Daolun Liang; Jianzhong Liu; Yunan Zhou; Junhu Zhou,10.1016/j.combustflame.2017.07.030,S0010218017302754,185,Nov,292-300,unknown_fuel,no,https://www.sciencedirect.com/science/article/pii/S0010218017302754,,,False,excluded_no_mechanism_signal,,,,,,,,,,,
An effective method to embed catalyst on AP and its effect on the burn rates of aluminized composite solid propellants,Gaurav Marothiya; Chaitanya Vijay; K. Ishitha; P.A. Ramakrishna,10.1016/j.combustflame.2017.04.010,S0010218017301372,182,Aug,114-121,unknown_fuel,no,https://www.sciencedirect.com/science/article/pii/S0010218017301372,,,False,excluded_no_mechanism_signal,,,,,,,,,,,
The effect of fuel oxidation on plasma decay in combustible mixtures excited by high-voltage nanosecond repetitively pulsed discharge,Eugene M. Anokhin; Maxim A. Popov; Andrey Yu. Starikovskiy; Nickolay L. Aleksandrov,10.1016/j.combustflame.2017.07.024,S0010218017302699,185,Nov,301-308,unknown_fuel,yes,https://www.sciencedirect.com/science/article/pii/S0010218017302699,,,False,excluded_no_mechanism_signal,,,,,,,,,,,
High temperature shock tube experiments and kinetic modeling study of diisopropyl ketone ignition and pyrolysis,Ghazal Barari; Owen Pryor; Batikan Koroglu; S. Mani Sarathy; Artëm E. Masunov; Subith S. Vasu,10.1016/j.combustflame.2016.12.003,S0010218016303662,177,Mar,207-218,unknown_fuel,no,https://www.sciencedirect.com/science/article/pii/S0010218016303662,,pending manual download; ScienceDirect PDF access triggered CAPTCHA or was not exposed,True,conversion_failed,/home/icaurs/Combustion-chemical-kinetic-models/combustion_and_flame_mechanisms/unknown_fuel/2017/barari_2017_unknown_fuel_207-218,/home/icaurs/Combustion-chemical-kinetic-models/combustion_and_flame_mechanisms/unknown_fuel/2017/barari_2017_unknown_fuel_207-218/_processing/raw_downloads/S0010218016303662_mmc1.txt,/home/icaurs/Combustion-chemical-kinetic-models/combustion_and_flame_mechanisms/unknown_fuel/2017/barari_2017_unknown_fuel_207-218/_processing/raw_downloads/S0010218016303662_mmc1.txt,,/home/icaurs/Combustion-chemical-kinetic-models/combustion_and_flame_mechanisms/unknown_fuel/2017/barari_2017_unknown_fuel_207-218/chem.inp,/home/icaurs/Combustion-chemical-kinetic-models/combustion_and_flame_mechanisms/unknown_fuel/2017/barari_2017_unknown_fuel_207-218/therm.dat,,/home/icaurs/Combustion-chemical-kinetic-models/combustion_and_flame_mechanisms/unknown_fuel/2017/barari_2017_unknown_fuel_207-218/mechanism.yaml,267,3208,cantera_failed
Hydrogen/air burner-stabilized flames at elevated pressures,V.V. Gubernov; V. Bykov; U. Maas,10.1016/j.combustflame.2017.07.001,S0010218017302444,185,Nov,44-52,hydrogen,no,https://www.sciencedirect.com/science/article/pii/S0010218017302444,,,False,excluded_no_mechanism_signal,,,,,,,,,,,
A multiple mapping conditioning mixing model with a mixture-fraction like reference variable. Part 1: Model derivation and ideal flow test cases,Achinta Varna; Matthew.J. Cleary; Evatt.R. Hawkes,10.1016/j.combustflame.2017.03.016,S0010218017301086,181,Jul,342-353,unknown_fuel,no,https://www.sciencedirect.com/science/article/pii/S0010218017301086,,,False,excluded_no_mechanism_signal,,,,,,,,,,,
A multiple mapping conditioning mixing model with a mixture-fraction like reference variable. Part 2: RANS implementation and validation against a turbulent jet flame,Achinta Varna; Matthew J. Cleary; Evatt R. Hawkes,10.1016/j.combustflame.2017.03.017,S0010218017301098,181,Jul,354-364,unknown_fuel,no,https://www.sciencedirect.com/science/article/pii/S0010218017301098,,,False,excluded_no_mechanism_signal,,,,,,,,,,,
Chemiluminescence imaging of an optically accessible non-premixed rotating detonation engine,Brent A. Rankin; Daniel R. Richardson; Andrew W. Caswell; Andrew G. Naples; John L. Hoke; Frederick R. Schauer,10.1016/j.combustflame.2016.09.020,S0010218016302693,176,Feb,12-22,unknown_fuel,no,https://www.sciencedirect.com/science/article/pii/S0010218016302693,,,False,excluded_no_mechanism_signal,,,,,,,,,,,
A new diagnostic for hydrocarbon fuels using 3.41-µm diode laser absorption,Shengkai Wang; Thomas Parise; Sarah E. Johnson; David F. Davidson; Ronald K. Hanson,10.1016/j.combustflame.2017.07.026,S0010218017302717,186,Dec,129-139,unknown_fuel,no,https://www.sciencedirect.com/science/article/pii/S0010218017302717,,,False,excluded_no_mechanism_signal,,,,,,,,,,,
"Spatio-temporal evolution of harmonic disturbances on laminar, non-premixed flames: Measurements and analysis",Nicholas Magina; William Steele; Benjamin Emerson; Timothy Lieuwen,10.1016/j.combustflame.2016.09.001,S0010218016302450,180,Jun,262-275,unknown_fuel,no,https://www.sciencedirect.com/science/article/pii/S0010218016302450,,,False,excluded_no_mechanism_signal,,,,,,,,,,,
Microgravity flammability boundary for PMMA rods in axial stagnation flow: Experimental results and energy balance analyses,Sandra L. Olson; Paul V. Ferkul,10.1016/j.combustflame.2017.03.001,S0010218017300846,180,Jun,217-229,unknown_fuel,no,https://www.sciencedirect.com/science/article/pii/S0010218017300846,,,False,excluded_no_mechanism_signal,,,,,,,,,,,
Atomization and hypergolic reactions of impinging streams of monomethylhydrazine and dinitrogen tetroxide,Hiroumi Tani; Yu Daimon; Masahiro Sasaki; Yoshiki Matsuura,10.1016/j.combustflame.2017.07.005,S001021801730250X,185,Nov,142-151,unknown_fuel,no,https://www.sciencedirect.com/science/article/pii/S001021801730250X,,,False,excluded_no_mechanism_signal,,,,,,,,,,,
Study of the low-temperature reactivity of large n-alkanes through cool diffusion flame extinction,Christopher B. Reuter; Minhyeok Lee; Sang Hee Won; Yiguang Ju,10.1016/j.combustflame.2017.01.028,S0010218017300287,179,May,23-32,alkane,no,https://www.sciencedirect.com/science/article/pii/S0010218017300287,,,False,excluded_no_mechanism_signal,,,,,,,,,,,
Influence of dimethyl ether and diethyl ether addition on the flame structure and pollutant formation in premixed iso-octane flames,Meirong Zeng; Julia Wullenkord; Isabelle Graf; Katharina Kohse-Höinghaus,10.1016/j.combustflame.2017.05.028,S0010218017302031,184,Oct,41-54,iso_octane_n_octane_dimethyl_ether_diethyl_ether,no,https://www.sciencedirect.com/science/article/pii/S0010218017302031,,,False,excluded_no_mechanism_signal,,,,,,,,,,,
A hierarchical method for Bayesian inference of rate parameters from shock tube data: Application to the study of the reaction of hydroxyl with 2-methylfuran,Daesang Kim; Iman El Gharamti; Mireille Hantouche; Ahmed E. Elwardany; Aamir Farooq; Fabrizio Bisetti; Omar Knio,10.1016/j.combustflame.2017.06.002,S0010218017302110,184,Oct,55-67,furan_2_methylfuran,no,https://www.sciencedirect.com/science/article/pii/S0010218017302110,,,True,excluded_no_mechanism_attachment,,,,,,,,,,,
DNS and approximate deconvolution as a tool to analyse one-dimensional filtered flame sub-grid scale modelling,Pascale Domingo; Luc Vervisch,10.1016/j.combustflame.2016.12.008,S0010218016303716,177,Mar,109-122,unknown_fuel,no,https://www.sciencedirect.com/science/article/pii/S0010218016303716,,,False,excluded_no_mechanism_signal,,,,,,,,,,,
Kinetics of plasma assisted pyrolysis and oxidation of ethylene. Part 1: Plasma flow reactor experiments,Nicholas Tsolas; Richard A. Yetter,10.1016/j.combustflame.2016.10.022,S0010218016303352,176,Feb,534-546,ethylene,yes,https://www.sciencedirect.com/science/article/pii/S0010218016303352,,,True,excluded_no_mechanism_attachment,,,,,,,,,,,
Abnormal combustion phenomena with different fuels in a spark ignition engine with direct fuel injection,Stefan Pischinger; Marco Günther; Oguz Budak,10.1016/j.combustflame.2016.09.010,S0010218016302589,175,Jan,123-137,unknown_fuel,no,https://www.sciencedirect.com/science/article/pii/S0010218016302589,,,False,excluded_no_mechanism_signal,,,,,,,,,,,
Hydroxylammonium nitrate (HAN)-based green propellant as alternative energy resource for potential hydrazine substitution: From lab scale to pilot plant scale-up,Rachid Amrousse; Toshiyuki Katsumi; Nobuyuki Azuma; Keiichi Hori,10.1016/j.combustflame.2016.11.011,S0010218016303510,176,Feb,334-348,ammonium_nitrate,no,https://www.sciencedirect.com/science/article/pii/S0010218016303510,,,False,excluded_no_mechanism_signal,,,,,,,,,,,
"Investigation of BAM:<mml:math xmlns:mml=""http://www.w3.org/1998/Math/MathML"" altimg=""si2.gif"" overflow=""scroll""><mml:msup><mml:mrow><mml:mtext>Eu</mml:mtext></mml:mrow><mml:mrow><mml:mn>2</mml:mn><mml:mo>+</mml:mo></mml:mrow></mml:msup></mml:math> particles as a tracer for temperature imaging in flames",Zhiyao Yin; Benoit Fond; Georg Eckel; Christopher Abram; Wolfgang Meier; Isaac Boxx; Frank Beyrau,10.1016/j.combustflame.2017.06.005,S0010218017302201,184,Oct,249-251,unknown_fuel,no,https://www.sciencedirect.com/science/article/pii/S0010218017302201,,,False,excluded_no_mechanism_signal,,,,,,,,,,,
Vaporization and gas-phase combustion of electrosprayed heptane in a small chamber,F.J. Higuera; J.M. Tejera,10.1016/j.combustflame.2016.12.015,S0010218016303789,177,Mar,144-154,n_heptane,no,https://www.sciencedirect.com/science/article/pii/S0010218016303789,,,False,excluded_no_mechanism_signal,,,,,,,,,,,
A sectional PAH model with reversible PAH chemistry for CFD soot simulations,C. Eberle; P. Gerlinger; M. Aigner,10.1016/j.combustflame.2017.01.019,S0010218017300196,179,May,63-73,pah,no,https://www.sciencedirect.com/science/article/pii/S0010218017300196,,,False,excluded_no_mechanism_signal,,,,,,,,,,,
Combustion plasma electrical conductivity model development for oxy-fuel MHD applications,Clinton R. Bedick; Lauren Kolczynski; C. Rigel Woodside,10.1016/j.combustflame.2017.04.001,S001021801730127X,181,Jul,225-238,unknown_fuel,yes,https://www.sciencedirect.com/science/article/pii/S001021801730127X,,,False,excluded_no_mechanism_signal,,,,,,,,,,,
2D-imaging of sampling-probe perturbations in laminar premixed flames using Kr X-ray fluorescence,Nils Hansen; Robert S. Tranter; Kai Moshammer; John B. Randazzo; James P.A. Lockhart; Paul G. Fugazzi; Tao Tao; Alan L. Kastengren,10.1016/j.combustflame.2017.03.024,S0010218017301177,181,Jul,214-224,unknown_fuel,no,https://www.sciencedirect.com/science/article/pii/S0010218017301177,,,False,excluded_no_mechanism_signal,,,,,,,,,,,
Ignition of a hydrogen–air mixture by low voltage electrical contact arcs,Rajiv Shekhar; Lorenz R. Boeck; Carsten Uber; Udo Gerlach,10.1016/j.combustflame.2017.08.006,S0010218017303036,186,Dec,236-246,hydrogen,no,https://www.sciencedirect.com/science/article/pii/S0010218017303036,,,False,excluded_no_mechanism_signal,,,,,,,,,,,
Pressure effects on real-gas laminar counterflow,Albert Jordà Juanós; William A. Sirignano,10.1016/j.combustflame.2017.01.030,S0010218017300949,181,Jul,54-70,unknown_fuel,no,https://www.sciencedirect.com/science/article/pii/S0010218017300949,,,False,excluded_no_mechanism_signal,,,,,,,,,,,
Emission and laser absorption spectroscopy of flat flames in aluminum suspensions,Michael Soo; Samuel Goroshin; Nick Glumac; Keishi Kumashiro; James Vickery; David L. Frost; Jeffrey M. Bergthorson,10.1016/j.combustflame.2017.03.006,S0010218017300986,180,Jun,230-238,aluminum,no,https://www.sciencedirect.com/science/article/pii/S0010218017300986,,,False,excluded_no_mechanism_signal,,,,,,,,,,,
The influence of acoustic impedance on gaseous layered detonations bounded by an inert gas,Ryan W. Houim; Robert T. Fievisohn,10.1016/j.combustflame.2017.02.001,S0010218017300299,179,May,185-198,unknown_fuel,no,https://www.sciencedirect.com/science/article/pii/S0010218017300299,,,False,excluded_no_mechanism_signal,,,,,,,,,,,
Zr fine powder synthesized from a ZrO2–Mg-additives system and its burning stability when printed in thin layers,Hayk Nersisyan; Bung Uk Yoo; Suk Cheol Kwon; Dae Young Kim; Seul Ki Han; Jeong Hun Choi; Jong Hyeon Lee,10.1016/j.combustflame.2017.04.030,S0010218017301657,183,Sep,22-29,unknown_fuel,no,https://www.sciencedirect.com/science/article/pii/S0010218017301657,,,False,excluded_no_mechanism_signal,,,,,,,,,,,
Growth of polycyclic aromatic hydrocarbons (PAHs) by methyl radicals: Pyrene formation from phenanthrene,Evgenia Georganta; Ramees K. Rahman; Abhijeet Raj; Sourab Sinha,10.1016/j.combustflame.2017.07.011,S0010218017302560,185,Nov,129-141,pah_pyrene,no,https://www.sciencedirect.com/science/article/pii/S0010218017302560,,,True,excluded_no_mechanism_attachment,,,,,,,,,,,
Investigating repetitive reaction pathways for the formation of polycyclic aromatic hydrocarbons in combustion processes,Nils Hansen; Marina Schenk; Kai Moshammer; Katharina Kohse-Höinghaus,10.1016/j.combustflame.2016.09.013,S0010218016302620,180,Jun,250-261,pah,no,https://www.sciencedirect.com/science/article/pii/S0010218016302620,,,True,excluded_no_mechanism_attachment,,,,,,,,,,,
A parametric study of AC electric field-induced toroidal vortex formation in laminar nonpremixed coflow flames,Yuan Xiong; Suk Ho Chung; Min Suk Cha,10.1016/j.combustflame.2017.04.013,S0010218017301475,182,Aug,142-149,unknown_fuel,no,https://www.sciencedirect.com/science/article/pii/S0010218017301475,,,False,excluded_no_mechanism_signal,,,,,,,,,,,
Properties and relevance of the volatile flame of an isolated coal particle in conventional and oxy-fuel combustion conditions,Santiago Jiménez; Cristina Gonzalo-Tirado,10.1016/j.combustflame.2016.09.024,S0010218016302942,176,Feb,94-103,coal,no,https://www.sciencedirect.com/science/article/pii/S0010218016302942,,,False,excluded_no_mechanism_signal,,,,,,,,,,,
Evaluation of mixture-fraction-based turbulent-reaction-rate model assumptions for high-pressure reactive flows,Josette Bellan,10.1016/j.combustflame.2017.02.004,S0010218017300342,179,May,253-266,unknown_fuel,no,https://www.sciencedirect.com/science/article/pii/S0010218017300342,,,False,excluded_no_mechanism_signal,,,,,,,,,,,
Effect of pressure wave disturbance on auto-ignition mode transition and knocking intensity under enclosed conditions,Jiaying Pan; Haiqiao Wei; Gequn Shu; Rui Chen,10.1016/j.combustflame.2017.07.004,S0010218017302493,185,Nov,63-74,unknown_fuel,no,https://www.sciencedirect.com/science/article/pii/S0010218017302493,,,True,excluded_no_supplement_found,,,,,,,,,,,
Chemical kinetic modeling and shock tube study of methyl propanoate decomposition,Hongbo Ning; Junjun Wu; Liuhao Ma; Wei Ren; David F. Davidson; Ronald K. Hanson,10.1016/j.combustflame.2017.06.001,S0010218017302092,184,Oct,30-40,unknown_fuel,no,https://www.sciencedirect.com/science/article/pii/S0010218017302092,,,True,excluded_no_mechanism_attachment,,,,,,,,,,,
A general probabilistic approach for the quantitative assessment of LES combustion models,Ross Johnson; Hao Wu; Matthias Ihme,10.1016/j.combustflame.2017.05.004,S0010218017301712,183,Sep,88-101,unknown_fuel,no,https://www.sciencedirect.com/science/article/pii/S0010218017301712,,,False,excluded_no_mechanism_signal,,,,,,,,,,,
"Combustion and flammability chemistry for the refrigerant HFO-1234yf (2,3,3,3-tetrafluroropropene)",Craig D. Needham; Phillip R. Westmoreland,10.1016/j.combustflame.2017.06.004,S0010218017302195,184,Oct,176-185,propene,no,https://www.sciencedirect.com/science/article/pii/S0010218017302195,,,False,excluded_no_mechanism_signal,,,,,,,,,,,
Scalar dissipation rate based multi-zone model for early-injected and conventional diesel engine combustion,Bernhard Jochim; Metin Korkmaz; Heinz Pitsch,10.1016/j.combustflame.2016.08.003,S0010218016302140,175,Jan,138-154,diesel,no,https://www.sciencedirect.com/science/article/pii/S0010218016302140,,,False,excluded_no_mechanism_signal,,,,,,,,,,,
LES combustion modeling using the Eulerian stochastic field method coupled with tabulated chemistry,Amer Avdić; Guido Kuenne; Francesca di Mare; Johannes Janicka,10.1016/j.combustflame.2016.06.015,S0010218016301432,175,Jan,201-219,unknown_fuel,no,https://www.sciencedirect.com/science/article/pii/S0010218016301432,,,False,excluded_no_mechanism_signal,,,,,,,,,,,
The large-activation-energy analysis of extinction of counterflow diffusion flames with non-unity Lewis numbers of the fuel,Amable Liñán; Daniel Martínez-Ruiz; Marcos Vera; Antonio L. Sánchez,10.1016/j.combustflame.2016.06.030,S0010218016301687,175,Jan,91-106,unknown_fuel,no,https://www.sciencedirect.com/science/article/pii/S0010218016301687,,,False,excluded_no_mechanism_signal,,,,,,,,,,,
Visualizing turbulent flames using flamelet libraries,Marcus Herrmann,10.1016/j.combustflame.2016.08.028,S0010218016302528,175,Jan,237-242,unknown_fuel,no,https://www.sciencedirect.com/science/article/pii/S0010218016302528,,,False,excluded_no_mechanism_signal,,,,,,,,,,,
Thin reaction zone and distributed reaction zone regimes in turbulent premixed methane/air flames: Scalar distributions and correlations,Bo Zhou; Christian Brackmann; Zhenkan Wang; Zhongshan Li; Mattias Richter; Marcus Aldén; Xue-Song Bai,10.1016/j.combustflame.2016.06.016,S0010218016301444,175,Jan,220-236,methane,no,https://www.sciencedirect.com/science/article/pii/S0010218016301444,,,False,excluded_no_mechanism_signal,,,,,,,,,,,
A reduced reaction mechanism for the combustion of n-butane,Juan C. Prince; César Treviño; Forman A. Williams,10.1016/j.combustflame.2016.06.033,S0010218016301791,175,Jan,27-33,n_butane,no,https://www.sciencedirect.com/science/article/pii/S0010218016301791,,,True,excluded_no_supplement_found,,,,,,,,,,,
"Deflagrative, auto-ignitive, and detonative propagation regimes in engines",L. Bates; D. Bradley,10.1016/j.combustflame.2016.05.023,S0010218016301158,175,Jan,118-122,unknown_fuel,no,https://www.sciencedirect.com/science/article/pii/S0010218016301158,,,False,excluded_no_mechanism_signal,,,,,,,,,,,
Influence of the biofuel isomers diethyl ether and n-butanol on flame structure and pollutant formation in premixed n-butane flames,Luc-Sy Tran; Julia Pieper; Meirong Zeng; Yuyang Li; Xiaoyuan Zhang; Wei Li; Isabelle Graf; Fei Qi; Katharina Kohse-Höinghaus,10.1016/j.combustflame.2016.06.031,S0010218016301699,175,Jan,47-59,n_butane_butanol_diethyl_ether_biofuel,no,https://www.sciencedirect.com/science/article/pii/S0010218016301699,,,False,excluded_no_mechanism_signal,,,,,,,,,,,
A hysteresis phenomenon leading to spinning or standing azimuthal instabilities in an annular combustor,K. Prieur; D. Durox; T. Schuller; S. Candel,10.1016/j.combustflame.2016.05.021,S0010218016301134,175,Jan,283-291,unknown_fuel,no,https://www.sciencedirect.com/science/article/pii/S0010218016301134,,,False,excluded_no_mechanism_signal,,,,,,,,,,,
The turbulent flame speed for low-to-moderate turbulence intensities: Hydrodynamic theory vs. experiments,N. Fogla; F. Creta; M. Matalon,10.1016/j.combustflame.2016.06.023,S0010218016301511,175,Jan,155-169,unknown_fuel,no,https://www.sciencedirect.com/science/article/pii/S0010218016301511,,,False,excluded_no_mechanism_signal,,,,,,,,,,,
Transition to detonation of an expanding spherical flame,Leonid Kagan; Gregory Sivashinsky,10.1016/j.combustflame.2016.06.001,S0010218016301201,175,Jan,307-311,unknown_fuel,no,https://www.sciencedirect.com/science/article/pii/S0010218016301201,,,False,excluded_no_mechanism_signal,,,,,,,,,,,
Analysis of combustion noise of a turbulent premixed slot jet flame,S. Schlimpert; S.R. Koh; K. Pausch; M. Meinke; W. Schröder,10.1016/j.combustflame.2016.08.001,S0010218016302127,175,Jan,292-306,unknown_fuel,no,https://www.sciencedirect.com/science/article/pii/S0010218016302127,,,False,excluded_no_mechanism_signal,,,,,,,,,,,
Quasi-isobaric ignition near the flammability limits. Flame balls and self-extinguishing flames,P. Clavin,10.1016/j.combustflame.2016.05.019,S0010218016301110,175,Jan,80-90,unknown_fuel,no,https://www.sciencedirect.com/science/article/pii/S0010218016301110,,,False,excluded_no_mechanism_signal,,,,,,,,,,,
Consumption and hydrocarbon growth processes in a 2-methyl-2-butene flame,Lena Ruwe; Kai Moshammer; Nils Hansen; Katharina Kohse-Höinghaus,10.1016/j.combustflame.2016.06.032,S001021801630178X,175,Jan,34-46,1_butene,no,https://www.sciencedirect.com/science/article/pii/S001021801630178X,,,False,excluded_no_mechanism_signal,,,,,,,,,,,
In-situ tracking of mixture fraction gradient trajectories and unsteady flamelet analysis in turbulent non-premixed combustion,A. Scholtissek; F. Dietzsch; M. Gauding; C. Hasse,10.1016/j.combustflame.2016.07.011,S0010218016301717,175,Jan,243-258,unknown_fuel,no,https://www.sciencedirect.com/science/article/pii/S0010218016301717,,,False,excluded_no_mechanism_signal,,,,,,,,,,,
Rate-ratio asymptotic analysis of the influence of addition of carbon monoxide on the structure and mechanisms of extinction of nonpremixed methane flames with comparison to experiments,Kalyanasundaram Seshadri; Xue-Song Bai,10.1016/j.combustflame.2016.08.029,S001021801630253X,175,Jan,107-117,methane,no,https://www.sciencedirect.com/science/article/pii/S001021801630253X,,,False,excluded_no_mechanism_signal,,,,,,,,,,,
Automatic reduction and optimisation of chemistry for turbulent combustion modelling: Impact of the canonical problem,Nicolas Jaouen; Luc Vervisch; Pascale Domingo; Guillaume Ribert,10.1016/j.combustflame.2016.08.030,S0010218016302541,175,Jan,60-79,unknown_fuel,no,https://www.sciencedirect.com/science/article/pii/S0010218016302541,,,False,excluded_no_mechanism_signal,,,,,,,,,,,
Effect of the mixing fields on the stability and structure of turbulent partially premixed flames in a concentric flow conical nozzle burner,Mohy S. Mansour; Ayman M. Elbaz; William L. Roberts; Mohamed S. Senosy; Mohamed F. Zayed; Mrinal Juddoo; Assaad R. Masri,10.1016/j.combustflame.2016.08.032,S0010218016302590,175,Jan,180-200,unknown_fuel,no,https://www.sciencedirect.com/science/article/pii/S0010218016302590,,,False,excluded_no_mechanism_signal,,,,,,,,,,,
On the effect of ionic wind on structure and temperature of laminar premixed flames influenced by electric fields,Johannes Kuhl; Thomas Seeger; Lars Zigan; Stefan Will; Alfred Leipertz,10.1016/j.combustflame.2016.10.026,S001021801630339X,176,Feb,391-399,unknown_fuel,no,https://www.sciencedirect.com/science/article/pii/S001021801630339X,,,False,excluded_no_mechanism_signal,,,,,,,,,,,
An alternative approach to accommodate detailed ignition chemistry in combustion simulation,Mingyuan Tao; Dong Han; Peng Zhao,10.1016/j.combustflame.2016.11.009,S0010218016303492,176,Feb,400-408,unknown_fuel,no,https://www.sciencedirect.com/science/article/pii/S0010218016303492,,,False,excluded_no_mechanism_signal,,,,,,,,,,,
Ignition and extinction of strained nonpremixed cool flames at elevated pressures,Sili Deng; Dong Han; Chung K. Law,10.1016/j.combustflame.2016.10.015,S0010218016303224,176,Feb,143-150,unknown_fuel,no,https://www.sciencedirect.com/science/article/pii/S0010218016303224,,,False,excluded_no_mechanism_signal,,,,,,,,,,,
Flame–turbulence interaction of laminar premixed deflagrated flames,Joseph P. McGarry; Kareem A. Ahmed,10.1016/j.combustflame.2016.11.002,S001021801630342X,176,Feb,439-450,unknown_fuel,no,https://www.sciencedirect.com/science/article/pii/S001021801630342X,,,False,excluded_no_mechanism_signal,,,,,,,,,,,
Monte Carlo simulation of the effect of “hot” atoms on active species kinetics in combustible mixtures excited by high-voltage pulsed discharges,Nickolay L. Aleksandrov; Alexander A. Ponomarev; Andrey Yu. Starikovskiy,10.1016/j.combustflame.2016.10.006,S0010218016303054,176,Feb,181-190,unknown_fuel,no,https://www.sciencedirect.com/science/article/pii/S0010218016303054,,,False,excluded_no_mechanism_signal,,,,,,,,,,,
Hypergolicity and ignition delay study of pure and energized ethanol gel fuel with hydrogen peroxide,B.V.S. Jyoti; Muhammad Shoaib Naseem; Seung Wook Baek,10.1016/j.combustflame.2016.11.018,S0010218016303601,176,Feb,318-325,ethanol_hydrogen_peroxide_hydrogen,no,https://www.sciencedirect.com/science/article/pii/S0010218016303601,,,True,excluded_no_supplement_found,,,,,,,,,,,
Method for predicting hypergolic mixture flammability limits: Application for non-ionic liquid based systems,Jérémy Sabard; Laurent Catoire; Steven D. Chambreau; Ghanshyam L. Vaghjiani,10.1016/j.combustflame.2016.11.020,S0010218016303625,176,Feb,547-553,unknown_fuel,no,https://www.sciencedirect.com/science/article/pii/S0010218016303625,,,False,excluded_no_mechanism_signal,,,,,,,,,,,
An equivalent dissipation rate model for capturing history effects in non-premixed flames,Prithwish Kundu; Tarek Echekki; Yuanjiang Pei; Sibendu Som,10.1016/j.combustflame.2016.10.001,S0010218016303005,176,Feb,202-212,unknown_fuel,no,https://www.sciencedirect.com/science/article/pii/S0010218016303005,,,False,excluded_no_mechanism_signal,,,,,,,,,,,
Effect of turbulence–chemistry interactions on chemical pathways for turbulent hydrogen–air premixed flames,Debolina Dasgupta; Wenting Sun; Marc Day; Tim Lieuwen,10.1016/j.combustflame.2016.09.029,S0010218016302991,176,Feb,191-201,hydrogen,no,https://www.sciencedirect.com/science/article/pii/S0010218016302991,,,False,excluded_no_mechanism_signal,,,,,,,,,,,
Experimental and kinetic modeling study of butene isomer pyrolysis: Part II. Isobutene,Kun Wang; Stephanie M. Villano; Anthony M. Dean,10.1016/j.combustflame.2016.07.036,S0010218016302103,176,Feb,23-37,1_butene,no,https://www.sciencedirect.com/science/article/pii/S0010218016302103,,,True,excluded_no_mechanism_attachment,,,,,,,,,,,
A big data framework to validate thermodynamic data for chemical species,Philipp Buerger; Jethro Akroyd; Jacob W. Martin; Markus Kraft,10.1016/j.combustflame.2016.11.006,S0010218016303467,176,Feb,584-591,unknown_fuel,no,https://www.sciencedirect.com/science/article/pii/S0010218016303467,,,False,excluded_no_mechanism_signal,,,,,,,,,,,
Flame projection distance of horizontally oriented buoyant turbulent rectangular jet fires,Xiaolei Zhang; Longhua Hu; Xiaochun Zhang; Fei Tang; Yong Jiang; Yujie Lin,10.1016/j.combustflame.2016.10.016,S0010218016303236,176,Feb,370-376,unknown_fuel,no,https://www.sciencedirect.com/science/article/pii/S0010218016303236,,,False,excluded_no_mechanism_signal,,,,,,,,,,,
Flame extension lengths beneath an inclined ceiling induced by rectangular-source fires,Xiaochun Zhang; Haowen Tao; Wenbin Xu; Xiaozhou Liu; Xianda Li; Xiaolei Zhang; Longhua Hu,10.1016/j.combustflame.2016.11.004,S0010218016303443,176,Feb,349-357,unknown_fuel,no,https://www.sciencedirect.com/science/article/pii/S0010218016303443,,,False,excluded_no_mechanism_signal,,,,,,,,,,,
Propanol isomers: Investigation of ignition and pyrolysis time scales,Shirin Jouzdani; Apeng Zhou; Ben Akih-Kumgeh,10.1016/j.combustflame.2016.09.022,S0010218016302711,176,Feb,229-244,propanol,no,https://www.sciencedirect.com/science/article/pii/S0010218016302711,,,True,excluded_no_mechanism_attachment,,,,,,,,,,,
Nanoaluminum/Nitrocellulose microparticle additive for burn enhancement of liquid fuels,Philip M. Guerieri; Jeffery B. DeLisio; Michael R. Zachariah,10.1016/j.combustflame.2016.10.011,S0010218016303108,176,Feb,220-228,aluminum_nitrocellulose,no,https://www.sciencedirect.com/science/article/pii/S0010218016303108,,,False,excluded_no_mechanism_signal,,,,,,,,,,,
Premixed jet flame behavior in a hot vitiated crossflow of lean combustion products,J.A. Wagner; M.W. Renfro; B.M. Cetegen,10.1016/j.combustflame.2016.11.014,S0010218016303546,176,Feb,521-533,unknown_fuel,no,https://www.sciencedirect.com/science/article/pii/S0010218016303546,,,False,excluded_no_mechanism_signal,,,,,,,,,,,
Morphological variations of in-flame and exhaust soot particles associated with jet-to-jet variations and jet–jet interactions in a light-duty diesel engine,Renlin Zhang; Yilong Zhang; Sanghoon Kook,10.1016/j.combustflame.2016.11.003,S0010218016303431,176,Feb,377-390,diesel,no,https://www.sciencedirect.com/science/article/pii/S0010218016303431,,,False,excluded_no_mechanism_signal,,,,,,,,,,,
Analytical prediction of syngas induction times,P. Boivin; A.L. Sánchez; F.A. Williams,10.1016/j.combustflame.2016.11.008,S0010218016303480,176,Feb,489-499,syngas,no,https://www.sciencedirect.com/science/article/pii/S0010218016303480,,,False,excluded_no_mechanism_signal,,,,,,,,,,,
The impact of reactants composition and temperature on the flow structure in a wake stabilized laminar lean premixed CH4/H2/air flames; mechanism and scaling,D. Michaels; S.J. Shanbhogue; A.F. Ghoniem,10.1016/j.combustflame.2016.10.007,S0010218016303066,176,Feb,151-161,methane_hydrogen,no,https://www.sciencedirect.com/science/article/pii/S0010218016303066,,,False,excluded_no_mechanism_signal,,,,,,,,,,,
"Measurements and modelling of nitrogen species in CH4/O2/N2 flames doped with NO, NH3, or NH3+NO",Nathalie Lamoureux; Katarzyna Marschallek-Watroba; Pascale Desgroux; Jean-François Pauwels; Marame D Sylla; Laurent Gasnot,10.1016/j.combustflame.2016.10.019,S0010218016303261,176,Feb,48-59,ammonia_methane,no,https://www.sciencedirect.com/science/article/pii/S0010218016303261,,,False,excluded_no_mechanism_signal,,,,,,,,,,,
Combustion characteristics of high energy Ti–Al–B nanopowders in a decane spray flame,Michael R. Weismiller; Zachary J. Huba; Steven G. Tuttle; Albert Epshteyn; Brian T. Fisher,10.1016/j.combustflame.2016.10.025,S0010218016303388,176,Feb,361-369,n_decane,no,https://www.sciencedirect.com/science/article/pii/S0010218016303388,,,False,excluded_no_mechanism_signal,,,,,,,,,,,
Modelling PAH curvature in laminar premixed flames using a detailed population balance model,Edward K.Y. Yapp; Clive G. Wells; Jethro Akroyd; Sebastian Mosbach; Rong Xu; Markus Kraft,10.1016/j.combustflame.2016.10.004,S0010218016303030,176,Feb,172-180,pah,no,https://www.sciencedirect.com/science/article/pii/S0010218016303030,,,False,excluded_no_mechanism_signal,,,,,,,,,,,
Regularized deconvolution method for turbulent combustion modeling,Qing Wang; Matthias Ihme,10.1016/j.combustflame.2016.09.023,S0010218016302929,176,Feb,125-142,unknown_fuel,no,https://www.sciencedirect.com/science/article/pii/S0010218016302929,,,False,excluded_no_mechanism_signal,,,,,,,,,,,
The opposite influences of flame suppressants on the ignition of combustible mixtures behind shock waves,Alexander Drakon; Alexander Eremin; Natalia Matveeva; Ekaterina Mikheyeva,10.1016/j.combustflame.2016.11.001,S0010218016303418,176,Feb,592-598,unknown_fuel,no,https://www.sciencedirect.com/science/article/pii/S0010218016303418,,,False,excluded_no_mechanism_signal,,,,,,,,,,,
Direct numerical simulation of a high-pressure turbulent reacting temporal mixing layer,Josette Bellan,10.1016/j.combustflame.2016.09.026,S0010218016302966,176,Feb,245-262,unknown_fuel,no,https://www.sciencedirect.com/science/article/pii/S0010218016302966,,,False,excluded_no_mechanism_signal,,,,,,,,,,,
A priori filtered chemical source term modeling for LES of high Karlovitz number premixed flames,Simon Lapointe; Guillaume Blanquart,10.1016/j.combustflame.2016.11.015,S0010218016303558,176,Feb,500-510,unknown_fuel,no,https://www.sciencedirect.com/science/article/pii/S0010218016303558,,,False,excluded_no_mechanism_signal,,,,,,,,,,,
Philippe Dagaut retires as Editor,Fokion N. Egolfopoulos,10.1016/j.combustflame.2016.12.017,S0010218016303868,176,Feb,599,unknown_fuel,no,https://www.sciencedirect.com/science/article/pii/S0010218016303868,,,False,excluded_no_mechanism_signal,,,,,,,,,,,
Average molecular characterization of the soluble organic fraction of mature diesel particulate matter,Arnaldo Álvarez; Juan P. Hernández; Andrés F. López; John R. Agudelo,10.1016/j.combustflame.2017.05.022,S0010218017301979,183,Sep,299-308,diesel,no,https://www.sciencedirect.com/science/article/pii/S0010218017301979,,,False,excluded_no_mechanism_signal,,,,,,,,,,,
Low-frequency AC electric field induced thermoacoustic oscillation of a premixed stagnation flame,Yihua Ren; Shuiqing Li; Wei Cui; Yiyang Zhang; Lin Ma,10.1016/j.combustflame.2016.11.013,S0010218016303534,176,Feb,479-488,unknown_fuel,no,https://www.sciencedirect.com/science/article/pii/S0010218016303534,,,False,excluded_no_mechanism_signal,,,,,,,,,,,
Effects of molecular transport in LES/PDF of piloted turbulent dimethyl ether/air jet flames,Jiaping You; Yue Yang; Stephen B. Pope,10.1016/j.combustflame.2016.11.007,S0010218016303479,176,Feb,451-461,dimethyl_ether,no,https://www.sciencedirect.com/science/article/pii/S0010218016303479,,,False,excluded_no_mechanism_signal,,,,,,,,,,,
Experimental and modeling study of the pyrolysis and combustion of 2-methyl-tetrahydrofuran,Ruben De Bruycker; Luc-Sy Tran; Hans-Heinrich Carstensen; Pierre-Alexandre Glaude; Fabiola Monge; Maria U. Alzueta; Frédérique Battin-Leclerc; Kevin M. Van Geem,10.1016/j.combustflame.2016.11.017,S0010218016303571,176,Feb,409-428,furan_tetrahydrofuran,no,https://www.sciencedirect.com/science/article/pii/S0010218016303571,,pending manual download; ScienceDirect PDF access triggered CAPTCHA or was not exposed,True,conversion_failed,/home/icaurs/Combustion-chemical-kinetic-models/combustion_and_flame_mechanisms/furan_tetrahydrofuran/2017/bruycker_2017_furan_tetrahydrofuran_409-428,/home/icaurs/Combustion-chemical-kinetic-models/combustion_and_flame_mechanisms/furan_tetrahydrofuran/2017/bruycker_2017_furan_tetrahydrofuran_409-428/_processing/extracted/s0010218016303571_mmc2/SM MTHF mechanism.inp,/home/icaurs/Combustion-chemical-kinetic-models/combustion_and_flame_mechanisms/furan_tetrahydrofuran/2017/bruycker_2017_furan_tetrahydrofuran_409-428/_processing/extracted/s0010218016303571_mmc2/SM MTHF mechanism.inp,,/home/icaurs/Combustion-chemical-kinetic-models/combustion_and_flame_mechanisms/furan_tetrahydrofuran/2017/bruycker_2017_furan_tetrahydrofuran_409-428/chem.inp,/home/icaurs/Combustion-chemical-kinetic-models/combustion_and_flame_mechanisms/furan_tetrahydrofuran/2017/bruycker_2017_furan_tetrahydrofuran_409-428/therm.dat,,/home/icaurs/Combustion-chemical-kinetic-models/combustion_and_flame_mechanisms/furan_tetrahydrofuran/2017/bruycker_2017_furan_tetrahydrofuran_409-428/mechanism.yaml,412,4962,cantera_failed
A study of the relationship between NO  and the ion current in a direct-injection diesel engine,Rahul Rao; Damon Honnery,10.1016/j.combustflame.2016.10.013,S0010218016303121,176,Feb,309-317,diesel,no,https://www.sciencedirect.com/science/article/pii/S0010218016303121,,,False,excluded_no_mechanism_signal,,,,,,,,,,,
Turbulent spray flames of intermediate density: Stability and near-field structure,Albyn Lowe; Agisilaos Kourmatzis; Assaad R. Masri,10.1016/j.combustflame.2016.10.024,S0010218016303376,176,Feb,511-520,unknown_fuel,no,https://www.sciencedirect.com/science/article/pii/S0010218016303376,,,False,excluded_no_mechanism_signal,,,,,,,,,,,
The high charge fraction of flame-generated particles in the size range below 3 nm measured by enhanced particle detectors,Yang Wang; Juha Kangasluoma; Michel Attoui; Jiaxi Fang; Heikki Junninen; Markku Kulmala; Tuukka Petäjä; Pratim Biswas,10.1016/j.combustflame.2016.10.003,S0010218016303029,176,Feb,72-80,unknown_fuel,no,https://www.sciencedirect.com/science/article/pii/S0010218016303029,,,False,excluded_no_mechanism_signal,,,,,,,,,,,
Experimental and numerical characterization of freely propagating ozone-activated dimethyl ether cool flames,Mohammadhadi Hajilou; Timothy Ombrello; Sang Hee Won; Erica Belmont,10.1016/j.combustflame.2016.11.005,S0010218016303455,176,Feb,326-333,dimethyl_ether,no,https://www.sciencedirect.com/science/article/pii/S0010218016303455,,,False,excluded_no_mechanism_signal,,,,,,,,,,,
Kinetics of plasma assisted pyrolysis and oxidation of ethylene. Part 2: Kinetic modeling studies,Nicholas Tsolas; Richard A. Yetter; Igor V. Adamovich,10.1016/j.combustflame.2016.10.023,S0010218016303364,176,Feb,462-478,ethylene,yes,https://www.sciencedirect.com/science/article/pii/S0010218016303364,,,True,excluded_no_mechanism_attachment,,,,/home/icaurs/Combustion-chemical-kinetic-models/combustion_and_flame_mechanisms/ethylene/2017/tsolas_2017_ethylene_462-478/_processing/extracted/s0010218016303364_mmc1/Supplemental Material [A.2].crs,,,,,,,
Physical and chemical characteristics of flue-gas particles in a large pulverized fuel-fired power plant boiler during co-combustion of coal and wood pellets,Fanni Mylläri; Panu Karjalainen; Raili Taipale; Pami Aalto; Anna Häyrinen; Jani Rautiainen; Liisa Pirjola; Risto Hillamo; Jorma Keskinen; Topi Rönkkö,10.1016/j.combustflame.2016.10.027,S0010218016303406,176,Feb,554-566,coal,no,https://www.sciencedirect.com/science/article/pii/S0010218016303406,,,False,excluded_no_mechanism_signal,,,,,,,,,,,
Modeling study of the acceleration of ignition in ethane–air and natural gas–air mixtures via photochemical excitation of oxygen molecules,A.M. Starik; A.V. Pelevkin; N.S. Titova,10.1016/j.combustflame.2016.10.005,S0010218016303042,176,Feb,81-93,ethane,no,https://www.sciencedirect.com/science/article/pii/S0010218016303042,,,False,excluded_no_mechanism_signal,,,,,,,,,,,
Self-heating behavior and ignition of shale rock,Francesco Restuccia; Nicolas Ptak; Guillermo Rein,10.1016/j.combustflame.2016.09.025,S0010218016302954,176,Feb,213-219,unknown_fuel,no,https://www.sciencedirect.com/science/article/pii/S0010218016302954,,,False,excluded_no_mechanism_signal,,,,,,,,,,,
Flame acceleration and deflagration-to-detonation transition in micro- and macro-channels: An integrated mechanistic study,Wenhu Han; Yang Gao; Chung K. Law,10.1016/j.combustflame.2016.10.010,S0010218016303091,176,Feb,285-298,unknown_fuel,no,https://www.sciencedirect.com/science/article/pii/S0010218016303091,,,False,excluded_no_mechanism_signal,,,,,,,,,,,
Comparison of multiple diagnostic techniques to study soot formation and morphology in a diffusion flame,Mohammad Reza Kholghy; Yashar Afarin; Anton D Sediako; Javier Barba; Magín Lapuerta; Carson Chu; Jason Weingarten; Bobby Borshanpour; Victor Chernov; Murray J Thomson,10.1016/j.combustflame.2016.11.012,S0010218016303522,176,Feb,567-583,unknown_fuel,no,https://www.sciencedirect.com/science/article/pii/S0010218016303522,,,False,excluded_no_mechanism_signal,,,,,,,,,,,
Ion current sensing-based lean blowout detection for a pulse combustor,Fangyan Li; Lijun Xu; Minglong Du; Lijun Yang; Zhang Cao,10.1016/j.combustflame.2016.10.017,S0010218016303248,176,Feb,263-271,unknown_fuel,no,https://www.sciencedirect.com/science/article/pii/S0010218016303248,,,False,excluded_no_mechanism_signal,,,,,,,,,,,
Spatially localized radiating diffusion flames,David Lo Jacono; Alain Bergeon; Edgar Knobloch,10.1016/j.combustflame.2016.10.002,S0010218016303017,176,Feb,117-124,unknown_fuel,no,https://www.sciencedirect.com/science/article/pii/S0010218016303017,,,False,excluded_no_mechanism_signal,,,,,,,,,,,
"Flame-temperature, light-attenuation, and CO measurements by spontaneous Raman scattering in non-sooting diesel-like jets",Thomas Raffius; Christian Schulz; Tamara Ottenwälder; Gerd Grünefeld; Hans-Jürgen Koß; Thorsten Brands; Stefan Pischinger,10.1016/j.combustflame.2016.09.027,S0010218016302978,176,Feb,104-116,diesel,no,https://www.sciencedirect.com/science/article/pii/S0010218016302978,,,False,excluded_no_mechanism_signal,,,,,,,,,,,
Thermal ignition revisited with two-dimensional molecular dynamics: Role of fluctuations in activated collisions,N. Sirmas; M.I. Radulescu,10.1016/j.combustflame.2016.12.010,S001021801630373X,177,Mar,79-88,unknown_fuel,no,https://www.sciencedirect.com/science/article/pii/S001021801630373X,,,False,excluded_no_mechanism_signal,,,,,,,,,,,
Outlier analysis for a silicon nanoparticle population balance model,Sebastian Mosbach; William J. Menz; Markus Kraft,10.1016/j.combustflame.2016.12.006,S0010218016303698,177,Mar,89-97,unknown_fuel,no,https://www.sciencedirect.com/science/article/pii/S0010218016303698,,,False,excluded_no_mechanism_signal,,,,,,,,,,,
"Fuel pyrolysis in a microflow tube reactor–Measurement and modeling uncertainties of ethane, n-butane, and n-dodecane pyrolysis",U. Shrestha; M.J. Rahimi; G.P. Simms; H.K. Chelliah,10.1016/j.combustflame.2016.11.019,S0010218016303613,177,Mar,10-23,ethane_n_butane_n_dodecane,no,https://www.sciencedirect.com/science/article/pii/S0010218016303613,,,True,excluded_no_mechanism_attachment,,,,,,,,,,,
Soot reduction effects of the addition of four butanol isomers on partially premixed flames of diesel surrogates,Beiling Chen; Xinlei Liu; Haifeng Liu; Hu Wang; Dimitrios C. Kyritsis; Mingfa Yao,10.1016/j.combustflame.2016.12.012,S0010218016303753,177,Mar,123-136,butanol_diesel,no,https://www.sciencedirect.com/science/article/pii/S0010218016303753,,,False,excluded_no_mechanism_signal,,,,,,,,,,,
Temporal evolution of auto-ignition of ethylene and methane jets propagating into a turbulent hot air co-flow vitiated with NO x,Felix Eitel; Jhon Pareja; Ayane Johchi; Benjamin Böhm; Dirk Geyer; Andreas Dreizler,10.1016/j.combustflame.2016.12.009,S0010218016303728,177,Mar,193-206,methane_ethylene,no,https://www.sciencedirect.com/science/article/pii/S0010218016303728,,,True,excluded_no_mechanism_attachment,,,,,,,,,,,
Dissociative influence of H 2 O vapour/spray on lean blowoff and NO x reduction for heavily carbonaceous syngas swirling flames,D.G. Pugh; P.J. Bowen; R. Marsh; A.P. Crayford; J. Runyon; S. Morris; A. Valera-Medina; A. Giles,10.1016/j.combustflame.2016.11.010,S0010218016303509,177,Mar,37-48,hydrogen_syngas,no,https://www.sciencedirect.com/science/article/pii/S0010218016303509,,,False,excluded_no_mechanism_signal,,,,,,,,,,,
Diffusion flames and diffusion flame-streets in three dimensional micro-channels,S. Mohan; M. Matalon,10.1016/j.combustflame.2016.12.004,S0010218016303674,177,Mar,155-170,unknown_fuel,no,https://www.sciencedirect.com/science/article/pii/S0010218016303674,,,False,excluded_no_mechanism_signal,,,,,,,,,,,
Study on ignition and flame development in gasoline partially premixed combustion using multiple optical diagnostics,Qinglong Tang; Haifeng Liu; Mingkun Li; Mingfa Yao; Zhongshan Li,10.1016/j.combustflame.2016.12.013,S0010218016303765,177,Mar,98-108,gasoline,no,https://www.sciencedirect.com/science/article/pii/S0010218016303765,,,False,excluded_no_mechanism_signal,,,,,,,,,,,
A mixing timescale model for TPDF simulations of turbulent premixed flames,Michael Kuron; Zhuyin Ren; Evatt R. Hawkes; Hua Zhou; Hemanth Kolla; Jacqueline H. Chen; Tianfeng Lu,10.1016/j.combustflame.2016.12.011,S0010218016303741,177,Mar,171-183,unknown_fuel,no,https://www.sciencedirect.com/science/article/pii/S0010218016303741,,,False,excluded_no_mechanism_signal,,,,,,,,,,,
Effect of iron and boron ultrafine powders on combustion of aluminized solid propellants,Alexander G. Korotkikh; Oleg G. Glotov; Vladimir A. Arkhipov; Vladimir E. Zarko; Alexander B. Kiskin,10.1016/j.combustflame.2017.01.004,S0010218017300044,178,Apr,195-204,iron,no,https://www.sciencedirect.com/science/article/pii/S0010218017300044,,,False,excluded_no_mechanism_signal,,,,,,,,,,,
Laminar burning velocity of diacetyl + air flames. Further assessment of combustion chemistry of ketene,Moah Christensen; Alexander A. Konnov,10.1016/j.combustflame.2016.12.026,S0010218016304023,178,Apr,97-110,unknown_fuel,no,https://www.sciencedirect.com/science/article/pii/S0010218016304023,,,True,excluded_no_mechanism_attachment,,,,,,,,,,,
A comprehensive iso-octane combustion model with improved thermochemistry and chemical kinetics,Nour Atef; Goutham Kukkadapu; Samah Y. Mohamed; Mariam Al Rashidi; Colin Banyon; Marco Mehl; Karl Alexander Heufer; Ehson F. Nasir; A. Alfazazi; Apurba K. Das; Charles K. Westbrook; William J. Pitz; Tianfeng Lu; Aamir Farooq; Chih-Jen Sung; Henry J. Curran; S. Mani Sarathy,10.1016/j.combustflame.2016.12.029,S0010218016304059,178,Apr,111-134,iso_octane_n_octane,no,https://www.sciencedirect.com/science/article/pii/S0010218016304059,,pending manual download; ScienceDirect PDF access triggered CAPTCHA or was not exposed,True,conversion_failed,/home/icaurs/Combustion-chemical-kinetic-models/combustion_and_flame_mechanisms/iso_octane_n_octane/2017/atef_2017_iso_octane_n_octane_111-134,/home/icaurs/Combustion-chemical-kinetic-models/combustion_and_flame_mechanisms/iso_octane_n_octane/2017/atef_2017_iso_octane_n_octane_111-134/_processing/extracted/s0010218016304059_mmc1/ic8-reduced-mech-flamespeed-CNF.inp; /home/icaurs/Combustion-chemical-kinetic-models/combustion_and_flame_mechanisms/iso_octane_n_octane/2017/atef_2017_iso_octane_n_octane_111-134/_processing/extracted/s0010218016304059_mmc1/ic8-detailed-mechanism-CNF-revised.txt,/home/icaurs/Combustion-chemical-kinetic-models/combustion_and_flame_mechanisms/iso_octane_n_octane/2017/atef_2017_iso_octane_n_octane_111-134/_processing/extracted/s0010218016304059_mmc1/updated_therm.txt,/home/icaurs/Combustion-chemical-kinetic-models/combustion_and_flame_mechanisms/iso_octane_n_octane/2017/atef_2017_iso_octane_n_octane_111-134/_processing/extracted/s0010218016304059_mmc1/trans.txt,/home/icaurs/Combustion-chemical-kinetic-models/combustion_and_flame_mechanisms/iso_octane_n_octane/2017/atef_2017_iso_octane_n_octane_111-134/chem.inp,/home/icaurs/Combustion-chemical-kinetic-models/combustion_and_flame_mechanisms/iso_octane_n_octane/2017/atef_2017_iso_octane_n_octane_111-134/therm.dat,/home/icaurs/Combustion-chemical-kinetic-models/combustion_and_flame_mechanisms/iso_octane_n_octane/2017/atef_2017_iso_octane_n_octane_111-134/tran.dat,,,,cantera_failed
Compositional effects on PAH and soot formation in counterflow diffusion flames of gasoline surrogate fuels,Sungwoo Park; Yu Wang; Suk Ho Chung; S. Mani Sarathy,10.1016/j.combustflame.2017.01.001,S0010218017300019,178,Apr,46-60,gasoline_pah,possible,https://www.sciencedirect.com/science/article/pii/S0010218017300019,,pending manual download; ScienceDirect PDF access triggered CAPTCHA or was not exposed,True,conversion_failed,/home/icaurs/Combustion-chemical-kinetic-models/combustion_and_flame_mechanisms/gasoline_pah/2017/park_2017_gasoline_pah_46-60,/home/icaurs/Combustion-chemical-kinetic-models/combustion_and_flame_mechanisms/gasoline_pah/2017/park_2017_gasoline_pah_46-60/_processing/extracted/s0010218017300019_mmc2/KAM_GS_chem.inp; /home/icaurs/Combustion-chemical-kinetic-models/combustion_and_flame_mechanisms/gasoline_pah/2017/park_2017_gasoline_pah_46-60/_processing/extracted/s0010218017300019_mmc2/KAM_GS_chem_high.inp,/home/icaurs/Combustion-chemical-kinetic-models/combustion_and_flame_mechanisms/gasoline_pah/2017/park_2017_gasoline_pah_46-60/_processing/extracted/s0010218017300019_mmc2/KAM_GS_therm.dat,/home/icaurs/Combustion-chemical-kinetic-models/combustion_and_flame_mechanisms/gasoline_pah/2017/park_2017_gasoline_pah_46-60/_processing/extracted/s0010218017300019_mmc2/KAM_GS_tran.dat,/home/icaurs/Combustion-chemical-kinetic-models/combustion_and_flame_mechanisms/gasoline_pah/2017/park_2017_gasoline_pah_46-60/chem.inp,/home/icaurs/Combustion-chemical-kinetic-models/combustion_and_flame_mechanisms/gasoline_pah/2017/park_2017_gasoline_pah_46-60/therm.dat,/home/icaurs/Combustion-chemical-kinetic-models/combustion_and_flame_mechanisms/gasoline_pah/2017/park_2017_gasoline_pah_46-60/tran.dat,,,,cantera_failed
Experimental and kinetic modeling study of 2-methyltetrahydrofuran oxidation under engine-relevant conditions,Y. Fenard; M.A. Boumehdi; G. Vanhove,10.1016/j.combustflame.2017.01.008,S0010218017300081,178,Apr,168-181,furan_tetrahydrofuran,possible,https://www.sciencedirect.com/science/article/pii/S0010218017300081,,pending manual download; ScienceDirect PDF access triggered CAPTCHA or was not exposed,True,conversion_failed,/home/icaurs/Combustion-chemical-kinetic-models/combustion_and_flame_mechanisms/furan_tetrahydrofuran/2017/fenard_2017_furan_tetrahydrofuran_168-181,/home/icaurs/Combustion-chemical-kinetic-models/combustion_and_flame_mechanisms/furan_tetrahydrofuran/2017/fenard_2017_furan_tetrahydrofuran_168-181/_processing/extracted/s0010218017300081_mmc1/2MTHF-mech.txt,/home/icaurs/Combustion-chemical-kinetic-models/combustion_and_flame_mechanisms/furan_tetrahydrofuran/2017/fenard_2017_furan_tetrahydrofuran_168-181/_processing/extracted/s0010218017300081_mmc1/2MTHF-thermo.txt,/home/icaurs/Combustion-chemical-kinetic-models/combustion_and_flame_mechanisms/furan_tetrahydrofuran/2017/fenard_2017_furan_tetrahydrofuran_168-181/_processing/extracted/s0010218017300081_mmc1/2MTHF-tran.txt,/home/icaurs/Combustion-chemical-kinetic-models/combustion_and_flame_mechanisms/furan_tetrahydrofuran/2017/fenard_2017_furan_tetrahydrofuran_168-181/chem.inp,/home/icaurs/Combustion-chemical-kinetic-models/combustion_and_flame_mechanisms/furan_tetrahydrofuran/2017/fenard_2017_furan_tetrahydrofuran_168-181/therm.dat,/home/icaurs/Combustion-chemical-kinetic-models/combustion_and_flame_mechanisms/furan_tetrahydrofuran/2017/fenard_2017_furan_tetrahydrofuran_168-181/tran.dat,,,,cantera_failed
Simulation of biomass particle evolution under pyrolysis conditions using lattice Boltzmann method,Yaoyu Pan; Song-Charng Kong,10.1016/j.combustflame.2016.12.020,S0010218016303960,178,Apr,21-34,unknown_fuel,no,https://www.sciencedirect.com/science/article/pii/S0010218016303960,,,False,excluded_no_mechanism_signal,,,,,,,,,,,
Experimental study of the effects of free stream turbulence on characteristics and flame structure of bluff-body stabilized conical lean premixed flames,Bikram Roy Chowdhury; Baki M. Cetegen,10.1016/j.combustflame.2016.12.019,S0010218016303947,178,Apr,311-328,unknown_fuel,no,https://www.sciencedirect.com/science/article/pii/S0010218016303947,,,False,excluded_no_mechanism_signal,,,,,,,,,,,
From elementary kinetics in perfectly stirred reactors to reduced kinetics utilizable in turbulent reactive flow simulations for combustion devices,Josette Bellan,10.1016/j.combustflame.2017.06.013,S0010218017302286,184,Oct,286-296,unknown_fuel,no,https://www.sciencedirect.com/science/article/pii/S0010218017302286,,,False,excluded_no_mechanism_signal,,,,,,,,,,,
Effects of oxidant stream composition on non-premixed laminar flames with heated and diluted coflows,Michael J. Evans; Paul R. Medwell; Zhao F. Tian; Jingjing Ye; Alessio Frassoldati; Alberto Cuoci,10.1016/j.combustflame.2016.12.023,S0010218016303996,178,Apr,297-310,unknown_fuel,no,https://www.sciencedirect.com/science/article/pii/S0010218016303996,,,False,excluded_no_mechanism_signal,,,,,,,,,,,
A numerical study on heat-recirculation assisted combustion for small scale jet diffusion flames at near-extinction condition,Jian Gao; Akter Hossain; Tsuneyoshi Matsuoka; Yuji Nakamura,10.1016/j.combustflame.2016.12.028,S0010218016304047,178,Apr,182-194,unknown_fuel,no,https://www.sciencedirect.com/science/article/pii/S0010218016304047,,,False,excluded_no_mechanism_signal,,,,,,,,,,,
Experimental and numerical study of a novel biofuel: 2-Butyltetrahydrofuran,Liming Cai; Heiko Minwegen; Joachim Beeckmann; Ultan Burke; Rupali Tripathi; Ajoy Ramalingam; Leif Christian Kröger; Alena Sudholt; Kai Leonhard; Jürgen Klankermayer; Karl Alexander Heufer; Heinz Pitsch,10.1016/j.combustflame.2016.12.021,S0010218016303972,178,Apr,257-267,furan_tetrahydrofuran_biofuel,no,https://www.sciencedirect.com/science/article/pii/S0010218016303972,,,False,excluded_no_mechanism_signal,,,,,,,,,,,
Quantum mechanics investigation of initial reaction pathways and early ring-opening reactions in thermal decomposition of liquid-phase RDX,Lalit Patidar; Stefan T. Thynell,10.1016/j.combustflame.2016.12.024,S001021801630400X,178,Apr,7-20,unknown_fuel,no,https://www.sciencedirect.com/science/article/pii/S001021801630400X,,,False,excluded_no_mechanism_signal,,,,,,,,,,,
Compact optical probe for flame temperature and carbon dioxide using interband cascade laser absorption near 4.2 µm,J.J. Girard; R.M. Spearrin; C.S. Goldenstein; R.K. Hanson,10.1016/j.combustflame.2017.01.007,S001021801730007X,178,Apr,158-167,unknown_fuel,no,https://www.sciencedirect.com/science/article/pii/S001021801730007X,,,False,excluded_no_mechanism_signal,,,,,,,,,,,
Large-activation-energy analysis of gaseous reacting flow in pipes,Daniel Moreno-Boza; Immaculada Iglesias; Antonio L. Sánchez,10.1016/j.combustflame.2017.01.010,S001021801730010X,178,Apr,217-224,unknown_fuel,no,https://www.sciencedirect.com/science/article/pii/S001021801730010X,,,False,excluded_no_mechanism_signal,,,,,,,,,,,
Different combustion modes caused by flame-shock interactions in a confined chamber with a perforated plate,Haiqiao Wei; Dongzhi Gao; Lei Zhou; Dengquan Feng; Rui Chen,10.1016/j.combustflame.2017.01.011,S0010218017300111,178,Apr,277-285,unknown_fuel,no,https://www.sciencedirect.com/science/article/pii/S0010218017300111,,,False,excluded_no_mechanism_signal,,,,,,,,,,,
Cycle-to-cycle variations of NO emissions in diesel engines under long ignition delay conditions,Panagiotis Kyrtatos; Antonio Zivolic; Clemens Brückner; Konstantinos Boulouchos,10.1016/j.combustflame.2016.12.025,S0010218016304011,178,Apr,82-96,diesel,no,https://www.sciencedirect.com/science/article/pii/S0010218016304011,,,True,excluded_no_supplement_found,,,,,,,,,,,
Turbulence effects on the autoignition of DME in a turbulent co-flowing jet,Tarek Echekki; Samer F. Ahmed,10.1016/j.combustflame.2016.12.022,S0010218016303984,178,Apr,70-81,dimethyl_ether,no,https://www.sciencedirect.com/science/article/pii/S0010218016303984,,,True,excluded_no_supplement_found,,,,,,,,,,,
Development of a reduced chemical mechanism targeted for a 5-component gasoline surrogate: A case study on the heat release nature in a GCI engine,Yulin Chen; Benjamin Wolk; Marco Mehl; Wai K. Cheng; Jyh-Yuan Chen; Robert W. Dibble,10.1016/j.combustflame.2016.12.018,S001021801630387X,178,Apr,268-276,gasoline,no,https://www.sciencedirect.com/science/article/pii/S001021801630387X,,,False,excluded_no_mechanism_signal,,,,,,,,,,,
Assessment of subgrid interpolation for the source term evaluation within premixed combustion simulations,Guido Kuenne; Amer Avdić; Johannes Janicka,10.1016/j.combustflame.2016.12.016,S0010218016303790,178,Apr,225-256,unknown_fuel,no,https://www.sciencedirect.com/science/article/pii/S0010218016303790,,,False,excluded_no_mechanism_signal,,,,,,,,,,,
Simulation and analysis of the soot particle size distribution in a turbulent nonpremixed flame,Marco Lucchesi; Ahmed Abdelgadir; Antonio Attili; Fabrizio Bisetti,10.1016/j.combustflame.2017.01.002,S0010218017300020,178,Apr,35-45,unknown_fuel,no,https://www.sciencedirect.com/science/article/pii/S0010218017300020,,,False,excluded_no_mechanism_signal,,,,,,,,,,,
Ignition delay time measurements of primary reference fuel blends,Mohammed AlAbbad; Tamour Javed; Fethi Khaled; Jihad Badra; Aamir Farooq,10.1016/j.combustflame.2016.12.027,S0010218016304035,178,Apr,205-216,unknown_fuel,no,https://www.sciencedirect.com/science/article/pii/S0010218016304035,,,True,excluded_no_mechanism_attachment,,,,,,,,,,,
Diffusive-thermal effect on local chemical structures in premixed hydrogen–air flames,Akira Matsugi; Hiroshi Terashima,10.1016/j.combustflame.2017.02.013,S0010218017300561,179,May,238-241,hydrogen,no,https://www.sciencedirect.com/science/article/pii/S0010218017300561,,,False,excluded_no_mechanism_signal,,,,,,,,,,,
Premixed flame chemistry of a gasoline primary reference fuel surrogate,Hatem Selim; Samah Y. Mohamed; Nils Hansen; S. Mani Sarathy,10.1016/j.combustflame.2017.02.008,S001021801730038X,179,May,300-311,gasoline,no,https://www.sciencedirect.com/science/article/pii/S001021801730038X,,,False,excluded_no_mechanism_signal,,,,,,,,,,,
Impact of the injector size on the transfer functions of premixed laminar conical flames,R. Gaudron; M. Gatti; C. Mirat; T. Schuller,10.1016/j.combustflame.2017.01.022,S0010218017300226,179,May,138-153,unknown_fuel,no,https://www.sciencedirect.com/science/article/pii/S0010218017300226,,,False,excluded_no_mechanism_signal,,,,,,,,,,,
Synthesis and reactive characterization of aluminum iodate hexahydrate crystals [Al(H2O)6](IO3)3(HIO3)2,Dylan K. Smith; Michael N. Bello; Daniel K. Unruh; Michelle L. Pantoya,10.1016/j.combustflame.2017.01.012,S0010218017300123,179,May,154-156,aluminum,no,https://www.sciencedirect.com/science/article/pii/S0010218017300123,,,False,excluded_no_mechanism_signal,,,,,,,,,,,
A study on the interaction between local flow and flame structure for mixing-controlled Diesel sprays,José M. García-Oliver; Louis-Marie Malbec; Hubert Baya Toda; Gilles Bruneaux,10.1016/j.combustflame.2017.01.023,S0010218017300238,179,May,157-171,diesel,no,https://www.sciencedirect.com/science/article/pii/S0010218017300238,,,False,excluded_no_mechanism_signal,,,,,,,,,,,
Experimental and numerical study on NO x formation in CH 4 –air mixtures diluted with exhaust gas components,Antonio C.A. Lipardi; Philippe Versailles; Graeme M.G. Watson; Gilles Bourque; Jeffrey M. Bergthorson,10.1016/j.combustflame.2017.02.009,S0010218017300391,179,May,325-337,methane,no,https://www.sciencedirect.com/science/article/pii/S0010218017300391,,,False,excluded_no_mechanism_signal,,,,,,,,,,,
A six-component surrogate for emulating the physical and chemical characteristics of conventional and alternative jet fuels and their blends,Doohyun Kim; Jason Martz; Andrew Abdul-Nour; Xin Yu; Marcis Jansons; Angela Violi,10.1016/j.combustflame.2017.01.025,S0010218017300251,179,May,86-94,jet_fuel,no,https://www.sciencedirect.com/science/article/pii/S0010218017300251,,,False,excluded_no_mechanism_signal,,,,,,,,,,,
Kinetics of Ethylene Glycol: The first validated reaction scheme and first measurements of ignition delay times and speciation data,Trupti Kathrotia; Clemens Naumann; Patrick Oßwald; Markus Köhler; Uwe Riedel,10.1016/j.combustflame.2017.01.018,S0010218017300184,179,May,172-184,ethylene,no,https://www.sciencedirect.com/science/article/pii/S0010218017300184,,pending manual download; ScienceDirect PDF access triggered CAPTCHA or was not exposed,True,conversion_failed,/home/icaurs/Combustion-chemical-kinetic-models/combustion_and_flame_mechanisms/ethylene/2017/kathrotia_2017_ethylene_172-184,/home/icaurs/Combustion-chemical-kinetic-models/combustion_and_flame_mechanisms/ethylene/2017/kathrotia_2017_ethylene_172-184/_processing/extracted/s0010218017300184_mmc1/mmc1/mmc2.inp; /home/icaurs/Combustion-chemical-kinetic-models/combustion_and_flame_mechanisms/ethylene/2017/kathrotia_2017_ethylene_172-184/_processing/extracted/s0010218017300184_mmc1/mmc1/mmc1.inp,/home/icaurs/Combustion-chemical-kinetic-models/combustion_and_flame_mechanisms/ethylene/2017/kathrotia_2017_ethylene_172-184/_processing/extracted/s0010218017300184_mmc1/mmc1/mmc3.dat; /home/icaurs/Combustion-chemical-kinetic-models/combustion_and_flame_mechanisms/ethylene/2017/kathrotia_2017_ethylene_172-184/_processing/extracted/s0010218017300184_mmc1/mmc1/mmc2.inp,/home/icaurs/Combustion-chemical-kinetic-models/combustion_and_flame_mechanisms/ethylene/2017/kathrotia_2017_ethylene_172-184/_processing/extracted/s0010218017300184_mmc1/mmc1/mmc4.dat; /home/icaurs/Combustion-chemical-kinetic-models/combustion_and_flame_mechanisms/ethylene/2017/kathrotia_2017_ethylene_172-184/_processing/extracted/s0010218017300184_mmc1/mmc1/mmc2.inp,/home/icaurs/Combustion-chemical-kinetic-models/combustion_and_flame_mechanisms/ethylene/2017/kathrotia_2017_ethylene_172-184/chem.inp,/home/icaurs/Combustion-chemical-kinetic-models/combustion_and_flame_mechanisms/ethylene/2017/kathrotia_2017_ethylene_172-184/therm.dat,/home/icaurs/Combustion-chemical-kinetic-models/combustion_and_flame_mechanisms/ethylene/2017/kathrotia_2017_ethylene_172-184/tran.dat,/home/icaurs/Combustion-chemical-kinetic-models/combustion_and_flame_mechanisms/ethylene/2017/kathrotia_2017_ethylene_172-184/mechanism.yaml,43,540,cantera_failed
"Simultaneous measurements of gas temperature, soot volume fraction and primary particle diameter in a sooting lifted turbulent ethylene/air non-premixed flame",Dahe Gu; Zhiwei Sun; Bassam B. Dally; Paul R. Medwell; Zeyad T. Alwahabi; Graham J. Nathan,10.1016/j.combustflame.2017.01.017,S0010218017300172,179,May,33-50,ethylene,no,https://www.sciencedirect.com/science/article/pii/S0010218017300172,,,False,excluded_no_mechanism_signal,,,,,,,,,,,
Large Eddy Simulation of a premixed bluff body stabilized flame using global and skeletal reaction mechanisms,N. Zettervall; K. Nordin-Bates; E.J.K. Nilsson; C. Fureby,10.1016/j.combustflame.2016.12.007,S0010218016303704,179,May,1-22,unknown_fuel,no,https://www.sciencedirect.com/science/article/pii/S0010218016303704,,,False,excluded_no_mechanism_signal,,,,,,,,,,,
Assessment of mixing time scales for a sparse particle method,Son Vo; O.T. Stein; A. Kronenburg; M.J. Cleary,10.1016/j.combustflame.2017.02.017,S0010218017300640,179,May,280-299,unknown_fuel,no,https://www.sciencedirect.com/science/article/pii/S0010218017300640,,,False,excluded_no_mechanism_signal,,,,,,,,,,,
Experimental investigation of turbulent flames in uniform dispersions of ethanol droplets,J. Kariuki; E. Mastorakos,10.1016/j.combustflame.2017.01.014,S0010218017300147,179,May,95-116,ethanol,no,https://www.sciencedirect.com/science/article/pii/S0010218017300147,,,False,excluded_no_mechanism_signal,,,,,,,,,,,
Improved combustion model of boron particles for ducted rocket combustion chambers,Bora Kalpakli; Emir Bedig Acar; Abdullah Ulas,10.1016/j.combustflame.2017.02.015,S0010218017300585,179,May,267-279,unknown_fuel,no,https://www.sciencedirect.com/science/article/pii/S0010218017300585,,,False,excluded_no_mechanism_signal,,,,,,,,,,,
On explosion limits of H2/CO/O2 mixtures,Wenkai Liang; Jie Liu; Chung K. Law,10.1016/j.combustflame.2017.01.024,S001021801730024X,179,May,130-137,hydrogen,no,https://www.sciencedirect.com/science/article/pii/S001021801730024X,,,False,excluded_no_mechanism_signal,,,,,,,,,,,
Large-eddy simulation of a supersonic lifted jet flame: Analysis of the turbulent flame base,Lisa Bouheraoua; Pascale Domingo; Guillaume Ribert,10.1016/j.combustflame.2017.01.020,S0010218017300202,179,May,199-218,unknown_fuel,no,https://www.sciencedirect.com/science/article/pii/S0010218017300202,,,False,excluded_no_mechanism_signal,,,,,,,,,,,
Experimental assessment of the sudden-reversal of the oxygen dilution effect on soot production in coflow ethylene flames,Qianlong Wang; Guillaume Legros; Jérôme Bonnety; Céline Morin; Alexis Matynia; Jean-Louis Consalvi; Fengshan Liu,10.1016/j.combustflame.2017.05.001,S0010218017301682,183,Sep,242-252,ethylene,no,https://www.sciencedirect.com/science/article/pii/S0010218017301682,,,False,excluded_no_mechanism_signal,,,,,,,,,,,
On defining progress variable for Raman/Rayleigh experiments in partially-premixed methane flames,Robert S. Barlow; Gaetano Magnotti; Hugh C. Cutcher; Assaad R. Masri,10.1016/j.combustflame.2017.01.027,S0010218017300275,179,May,117-129,methane,no,https://www.sciencedirect.com/science/article/pii/S0010218017300275,,,False,excluded_no_mechanism_signal,,,,,,,,,,,
Professor Howard Benedict Palmer (1925–2017),Jim Reuther,10.1016/j.combustflame.2017.03.005,S0010218017300950,179,May,A3-A4,unknown_fuel,no,https://www.sciencedirect.com/science/article/pii/S0010218017300950,,,False,excluded_no_mechanism_signal,,,,,,,,,,,
Homogeneous ignition during fuel-rich H 2 /O 2 /N 2 combustion in platinum-coated channels at elevated pressures,Ran Sui; Et-touhami Es-sebbar; John Mantzaras; Rolf Bombach,10.1016/j.combustflame.2017.02.033,S0010218017300809,180,Jun,184-195,hydrogen,no,https://www.sciencedirect.com/science/article/pii/S0010218017300809,,,False,excluded_no_mechanism_signal,,,,,,,,,,,
The effect of oxygenated fuel properties on diesel spray combustion and soot formation,Wonah Park; Seunghyun Park; Rolf D. Reitz; Eric Kurtz,10.1016/j.combustflame.2016.02.026,S0010218016300037,180,Jun,276-283,diesel,no,https://www.sciencedirect.com/science/article/pii/S0010218016300037,,,False,excluded_no_mechanism_signal,,,,,,,,,,,
Flame resolved simulation of a turbulent premixed bluff-body burner experiment. Part I: Analysis of the reaction zone dynamics with tabulated chemistry,Fabian Proch; Pascale Domingo; Luc Vervisch; Andreas M. Kempf,10.1016/j.combustflame.2017.02.011,S001021801730041X,180,Jun,321-339,unknown_fuel,no,https://www.sciencedirect.com/science/article/pii/S001021801730041X,,,False,excluded_no_mechanism_signal,,,,,,,,,,,
Effect of catalytically active Ce 0.8 Gd 0.2 O 1.9  coating on the heterogeneous combustion of methane within MgO stabilized ZrO 2  porous ceramics,Anthony C. Terracciano; Samuel De Oliveira; Demetrius Vazquez-Molina; Fernando J. Uribe-Romo; Subith S. Vasu; Nina Orlovskaya,10.1016/j.combustflame.2017.02.019,S0010218017300664,180,Jun,32-39,methane,no,https://www.sciencedirect.com/science/article/pii/S0010218017300664,,,False,excluded_no_mechanism_signal,,,,,,,,,,,
An exploration of inter-pulse coupling in nanosecond pulsed high frequency discharge ignition,Joseph K. Lefkowitz; Timothy Ombrello,10.1016/j.combustflame.2017.02.032,S0010218017300792,180,Jun,136-147,unknown_fuel,no,https://www.sciencedirect.com/science/article/pii/S0010218017300792,,,False,excluded_no_mechanism_signal,,,,,,,,,,,
Multi-parameter measurements of laminar sooting flames using thermophoretic sampling technique,Zuwei Xu; Haibo Zhao; Xiaobing Chen; Chun Lou,10.1016/j.combustflame.2017.03.003,S001021801730086X,180,Jun,158-166,unknown_fuel,no,https://www.sciencedirect.com/science/article/pii/S001021801730086X,,,False,excluded_no_mechanism_signal,,,,,,,,,,,
Assembly and encapsulation of aluminum NP's within AP/NC matrix and their reactive properties,Haiyang Wang; Rohit J. Jacob; Jeffery B. DeLisio; Michael R. Zachariah,10.1016/j.combustflame.2017.02.036,S0010218017300834,180,Jun,175-183,aluminum,no,https://www.sciencedirect.com/science/article/pii/S0010218017300834,,,False,excluded_no_mechanism_signal,,,,,,,,,,,
Professor Dudley Brian Spalding (1923–2016),W.P. Jones; A.D. Gosman,10.1016/j.combustflame.2017.08.002,S0010218017302997,185,Nov,A1-A3,unknown_fuel,no,https://www.sciencedirect.com/science/article/pii/S0010218017302997,,,False,excluded_no_mechanism_signal,,,,,,,,,,,
A study of detonation re-initiation through multiple reflections in a 90-degree bifurcation channel,Lei. Li; Jiun-Ming. Li; Van Bo. Nguyen; Chiang Juay. Teo; Po-Hsiung. Chang; Boo Cheong. Khoo,10.1016/j.combustflame.2017.03.004,S0010218017300871,180,Jun,207-216,unknown_fuel,no,https://www.sciencedirect.com/science/article/pii/S0010218017300871,,,False,excluded_no_mechanism_signal,,,,,,,,,,,
Measurements and interpretation of shock tube ignition delay times in highly CO2 diluted mixtures using multiple diagnostics,Owen Pryor; Samuel Barak; Batikan Koroglu; Erik Ninnemann; Subith S. Vasu,10.1016/j.combustflame.2017.02.020,S0010218017300676,180,Jun,63-76,unknown_fuel,no,https://www.sciencedirect.com/science/article/pii/S0010218017300676,,,True,excluded_no_supplement_found,,,,,,,,,,,
Compressibility and heat release effects in high-speed reactive mixing layers II. Structure of the stabilization zone and modeling issues relevant to turbulent combustion in supersonic flows,Pedro José Martínez Ferrer; Guillaume Lehnasch; Arnaud Mura,10.1016/j.combustflame.2016.09.009,S0010218016302577,180,Jun,304-320,unknown_fuel,no,https://www.sciencedirect.com/science/article/pii/S0010218016302577,,,False,excluded_no_mechanism_signal,,,,,,,,,,,
Compressibility and heat release effects in high-speed reactive mixing layers I.: Growth rates and turbulence characteristics,Pedro José Martínez Ferrer; Guillaume Lehnasch; Arnaud Mura,10.1016/j.combustflame.2016.09.008,S0010218016302565,180,Jun,284-303,unknown_fuel,no,https://www.sciencedirect.com/science/article/pii/S0010218016302565,,,False,excluded_no_mechanism_signal,,,,,,,,,,,
The influence of the structure heterogeneity on the characteristics and conditions of the coal–water fuel particles ignition in high temperature environment,Samen V. Syrodoy; Genii V. Kuznetsov; Arkadiy V. Zhakharevich; Nadezhda Y. Gutareva; Vladimir V. Salomatov,10.1016/j.combustflame.2017.02.003,S0010218017300317,180,Jun,196-206,coal_iron,no,https://www.sciencedirect.com/science/article/pii/S0010218017300317,,,False,excluded_no_mechanism_signal,,,,,,,,,,,
Mathematical modeling of reactants’ transport and chemistry during oxidation of a millimeter-sized coal-char particle in a hot air stream,An Marcel Beckmann; Jakub Bibrzycki; Marco Mancini; Andrzej Szlęk; Roman Weber,10.1016/j.combustflame.2017.02.026,S0010218017300731,180,Jun,2-9,coal,no,https://www.sciencedirect.com/science/article/pii/S0010218017300731,,,True,excluded_no_supplement_found,,,,,,,,,,,
Numerical study of soot formation in laminar coflow methane/air diffusion flames doped by n- heptane/toluene and iso-octane/toluene blends,Jean-Louis Consalvi; Fengshan Liu; M. Kashif; G. Legros,10.1016/j.combustflame.2017.03.002,S0010218017300858,180,Jun,167-174,methane_n_heptane_iso_octane_n_octane,no,https://www.sciencedirect.com/science/article/pii/S0010218017300858,,,False,excluded_no_mechanism_signal,,,,,,,,,,,
Flow Field and Scalar Measurements in a Series of Turbulent Partially-Premixed Dimethyl Ether/Air Jet Flames,Bruno Coriton; Seong-Kyun Im; Mirko Gamba; Jonathan H. Frank,10.1016/j.combustflame.2017.02.014,S0010218017300573,180,Jun,40-52,dimethyl_ether,no,https://www.sciencedirect.com/science/article/pii/S0010218017300573,,,False,excluded_no_mechanism_signal,,,,,,,,,,,
Spray breakup and structure of spray flames for low-volatility wet fuels,José E. Madero; Richard L. Axelbaum,10.1016/j.combustflame.2017.02.029,S0010218017300767,180,Jun,102-109,unknown_fuel,no,https://www.sciencedirect.com/science/article/pii/S0010218017300767,,,False,excluded_no_mechanism_signal,,,,,,,,,,,
Large eddy simulation of a turbulent swirling premixed flame coupling the TFLES model with a dynamic wrinkling formulation,Pedro S. Volpiani; Thomas Schmitt; Denis Veynante,10.1016/j.combustflame.2017.02.028,S0010218017300755,180,Jun,124-135,unknown_fuel,no,https://www.sciencedirect.com/science/article/pii/S0010218017300755,,,False,excluded_no_mechanism_signal,,,,,,,,,,,
A direct numerical simulation study of flame structure and stabilization of an experimental high Ka CH4/air premixed jet flame,Haiou Wang; Evatt R. Hawkes; Jacqueline H. Chen,10.1016/j.combustflame.2017.02.022,S001021801730069X,180,Jun,110-123,methane,no,https://www.sciencedirect.com/science/article/pii/S001021801730069X,,,False,excluded_no_mechanism_signal,,,,,,,,,,,
Autoignition and combustion characteristics of sodium borohydride-based non-toxic hypergolic fuel droplet at elevated temperatures,Hongjae Kang; Jonghan Won; Seung Wook Baek; Sejin Kwon,10.1016/j.combustflame.2017.03.021,S001021801730113X,181,Jul,149-156,unknown_fuel,no,https://www.sciencedirect.com/science/article/pii/S001021801730113X,,,True,excluded_no_supplement_found,,,,,,,,,,,
Effects of hydrodynamics and mixing on soot formation and growth in laminar coflow diffusion flames at elevated pressures,Ahmed Abdelgadir; Ihsan Allah Rakha; Scott A. Steinmetz; Antonio Attili; Fabrizio Bisetti; William L. Roberts,10.1016/j.combustflame.2017.01.003,S0010218017300032,181,Jul,39-53,unknown_fuel,no,https://www.sciencedirect.com/science/article/pii/S0010218017300032,,,False,excluded_no_mechanism_signal,,,,,,,,,,,
Flame chemiluminescence from CO2- and N2-diluted laminar CH4/air premixed flames,T.F. Guiberti; D. Durox; T. Schuller,10.1016/j.combustflame.2017.01.032,S0010218017300974,181,Jul,110-122,methane,no,https://www.sciencedirect.com/science/article/pii/S0010218017300974,,,False,excluded_no_mechanism_signal,,,,,,,,,,,
Comparative study between Conditional Moment Closure (CMC) and Conditional Source-term Estimation (CSE) applied to piloted jet flames,Jeffrey W. Labahn; Ivana Stanković; Cecile B. Devaud; Bart Merci,10.1016/j.combustflame.2017.03.022,S0010218017301141,181,Jul,172-187,unknown_fuel,no,https://www.sciencedirect.com/science/article/pii/S0010218017301141,,,False,excluded_no_mechanism_signal,,,,,,,,,,,
Ignition characterization of F-76 and algae-derived HRD-76 at elevated temperatures and pressures,Daniel J. Valco; Michael J. Tess; Jacob E. Temme; Matthew S. Kurman; Anna Oldani; Chol-Bum M. Kweon; Matthew A. Oehlschlaeger; Tonghun Lee,10.1016/j.combustflame.2017.03.018,S0010218017301104,181,Jul,157-163,unknown_fuel,no,https://www.sciencedirect.com/science/article/pii/S0010218017301104,,,False,excluded_no_mechanism_signal,,,,,,,,,,,
Dual-pump vibrational CARS measurements of temperature and species concentrations in turbulent premixed flames with CO2 addition,Dong Han; Aman Satija; Jupyoung Kim; Yifan Weng; Jay P. Gore; Robert P. Lucht,10.1016/j.combustflame.2017.03.027,S0010218017301220,181,Jul,239-250,unknown_fuel,no,https://www.sciencedirect.com/science/article/pii/S0010218017301220,,,False,excluded_no_mechanism_signal,,,,,,,,,,,
Investigation of mixing model performance in transported PDF calculations of turbulent lean premixed jet flames through Lagrangian statistics and sensitivity analysis,Hua Zhou; Shan Li; Zhuyin Ren; David H. Rowinski,10.1016/j.combustflame.2017.03.011,S0010218017301037,181,Jul,136-148,unknown_fuel,no,https://www.sciencedirect.com/science/article/pii/S0010218017301037,,,False,excluded_no_mechanism_signal,,,,,,,,,,,
Electromagnetic enhanced ignition,Amanda L. Higginbotham Duque; W. Lee Perry,10.1016/j.combustflame.2017.03.013,S0010218017301050,181,Jul,16-21,unknown_fuel,no,https://www.sciencedirect.com/science/article/pii/S0010218017301050,,,False,excluded_no_mechanism_signal,,,,,,,,,,,
Probing gas-to-particle transition in a moderately sooting atmospheric pressure ethylene/air laminar premixed flame. Part I: gas phase and soot ensemble characterization,Francesco Carbone; Kevin Gleason; Alessandro Gomez,10.1016/j.combustflame.2017.01.029,S0010218017300421,181,Jul,315-328,ethylene,no,https://www.sciencedirect.com/science/article/pii/S0010218017300421,,,False,excluded_no_mechanism_signal,,,,,,,,,,,
An investigation of coherent structures in laminar boundary layer flames,Colin H. Miller; Wei Tang; Mark A. Finney; Sara S. McAllister; Jason M. Forthofer; Michael J. Gollner,10.1016/j.combustflame.2017.03.007,S0010218017300998,181,Jul,123-135,unknown_fuel,no,https://www.sciencedirect.com/science/article/pii/S0010218017300998,,,False,excluded_no_mechanism_signal,,,,,,,,,,,
Three-dimensional reacting shock–bubble interaction,Felix Diegelmann; Stefan Hickel; Nikolaus A. Adams,10.1016/j.combustflame.2017.03.026,S0010218017301219,181,Jul,300-314,unknown_fuel,no,https://www.sciencedirect.com/science/article/pii/S0010218017301219,,,False,excluded_no_mechanism_signal,,,,,,,,,,,
Fuel effects on lean blow-out in a realistic gas turbine combustor,Lucas Esclapez; Peter C. Ma; Eric Mayhew; Rui Xu; Scott Stouffer; Tonghun Lee; Hai Wang; Matthias Ihme,10.1016/j.combustflame.2017.02.035,S0010218017300822,181,Jul,82-99,unknown_fuel,no,https://www.sciencedirect.com/science/article/pii/S0010218017300822,,,False,excluded_no_mechanism_signal,,,,,,,,,,,
"Comparative experimental and modeling study of the low- to moderate-temperature oxidation chemistry of 2,5-dimethylfuran, 2-methylfuran, and furan",Luc-Sy Tran; Zhandong Wang; Hans-Heinrich Carstensen; Christian Hemken; Frédérique Battin-Leclerc; Katharina Kohse-Höinghaus,10.1016/j.combustflame.2017.03.030,S0010218017301256,181,Jul,251-269,furan_2_methylfuran_dimethylfuran,no,https://www.sciencedirect.com/science/article/pii/S0010218017301256,,pending manual download; ScienceDirect PDF access triggered CAPTCHA or was not exposed,True,conversion_failed,/home/icaurs/Combustion-chemical-kinetic-models/combustion_and_flame_mechanisms/furan_2_methylfuran_dimethylfuran/2017/tran_2017_furan_2_methylfuran_dimethylfuran_251-269,/home/icaurs/Combustion-chemical-kinetic-models/combustion_and_flame_mechanisms/furan_2_methylfuran_dimethylfuran/2017/tran_2017_furan_2_methylfuran_dimethylfuran_251-269/_processing/raw_downloads/S0010218017301256_mmc3.txt,/home/icaurs/Combustion-chemical-kinetic-models/combustion_and_flame_mechanisms/furan_2_methylfuran_dimethylfuran/2017/tran_2017_furan_2_methylfuran_dimethylfuran_251-269/_processing/raw_downloads/S0010218017301256_mmc4.txt,/home/icaurs/Combustion-chemical-kinetic-models/combustion_and_flame_mechanisms/furan_2_methylfuran_dimethylfuran/2017/tran_2017_furan_2_methylfuran_dimethylfuran_251-269/_processing/raw_downloads/S0010218017301256_mmc5.txt,/home/icaurs/Combustion-chemical-kinetic-models/combustion_and_flame_mechanisms/furan_2_methylfuran_dimethylfuran/2017/tran_2017_furan_2_methylfuran_dimethylfuran_251-269/chem.inp,/home/icaurs/Combustion-chemical-kinetic-models/combustion_and_flame_mechanisms/furan_2_methylfuran_dimethylfuran/2017/tran_2017_furan_2_methylfuran_dimethylfuran_251-269/therm.dat,/home/icaurs/Combustion-chemical-kinetic-models/combustion_and_flame_mechanisms/furan_2_methylfuran_dimethylfuran/2017/tran_2017_furan_2_methylfuran_dimethylfuran_251-269/tran.dat,,,,cantera_failed
Exploring the high-temperature kinetics of diethyl carbonate (DEC) under pyrolysis and flame conditions,Wenyu Sun; Can Huang; Tao Tao; Feng Zhang; Wei Li; Nils Hansen; Bin Yang,10.1016/j.combustflame.2017.03.009,S0010218017301013,181,Jul,71-81,unknown_fuel,possible,https://www.sciencedirect.com/science/article/pii/S0010218017301013,,pending manual download; ScienceDirect PDF access triggered CAPTCHA or was not exposed,True,included,/home/icaurs/Combustion-chemical-kinetic-models/combustion_and_flame_mechanisms/unknown_fuel/2017/sun_2017_unknown_fuel_71-81,/home/icaurs/Combustion-chemical-kinetic-models/combustion_and_flame_mechanisms/unknown_fuel/2017/sun_2017_unknown_fuel_71-81/_processing/extracted/s0010218017301013_mmc1/SMM3.inp,/home/icaurs/Combustion-chemical-kinetic-models/combustion_and_flame_mechanisms/unknown_fuel/2017/sun_2017_unknown_fuel_71-81/_processing/extracted/s0010218017301013_mmc1/SMM4.dat,/home/icaurs/Combustion-chemical-kinetic-models/combustion_and_flame_mechanisms/unknown_fuel/2017/sun_2017_unknown_fuel_71-81/_processing/extracted/s0010218017301013_mmc1/SMM5.dat,/home/icaurs/Combustion-chemical-kinetic-models/combustion_and_flame_mechanisms/unknown_fuel/2017/sun_2017_unknown_fuel_71-81/chem.inp,/home/icaurs/Combustion-chemical-kinetic-models/combustion_and_flame_mechanisms/unknown_fuel/2017/sun_2017_unknown_fuel_71-81/therm.dat,/home/icaurs/Combustion-chemical-kinetic-models/combustion_and_flame_mechanisms/unknown_fuel/2017/sun_2017_unknown_fuel_71-81/tran.dat,/home/icaurs/Combustion-chemical-kinetic-models/combustion_and_flame_mechanisms/unknown_fuel/2017/sun_2017_unknown_fuel_71-81/mechanism.yaml,341,2184,ok
Probing gas-to-particle transition in a moderately sooting atmospheric pressure ethylene/air laminar premixed flame. Part II: Molecular clusters and nascent soot particle size distributions,Francesco Carbone; Sabrine Moslih; Alessandro Gomez,10.1016/j.combustflame.2017.02.021,S0010218017300688,181,Jul,329-341,ethylene,no,https://www.sciencedirect.com/science/article/pii/S0010218017300688,,,False,excluded_no_mechanism_signal,,,,,,,,,,,
Advances in modelling in CFD simulations of turbulent gaseous pool fires,Georgios Maragkos; Tarek Beji; Bart Merci,10.1016/j.combustflame.2017.03.012,S0010218017301049,181,Jul,22-38,unknown_fuel,no,https://www.sciencedirect.com/science/article/pii/S0010218017301049,,,False,excluded_no_mechanism_signal,,,,,,,,,,,
An extensive experimental and modeling study of 1-butene oxidation,Yang Li; Chong-Wen Zhou; Henry J. Curran,10.1016/j.combustflame.2017.03.023,S0010218017301153,181,Jul,198-213,1_butene,no,https://www.sciencedirect.com/science/article/pii/S0010218017301153,,pending manual download; ScienceDirect PDF access triggered CAPTCHA or was not exposed,True,included,/home/icaurs/Combustion-chemical-kinetic-models/combustion_and_flame_mechanisms/1_butene/2017/li_2017_1_butene_198-213,/home/icaurs/Combustion-chemical-kinetic-models/combustion_and_flame_mechanisms/1_butene/2017/li_2017_1_butene_198-213/_processing/extracted/s0010218017301153_mmc1/AramcoMech2.0.MECH,/home/icaurs/Combustion-chemical-kinetic-models/combustion_and_flame_mechanisms/1_butene/2017/li_2017_1_butene_198-213/_processing/extracted/s0010218017301153_mmc1/AramcoMech2.0.THERM,/home/icaurs/Combustion-chemical-kinetic-models/combustion_and_flame_mechanisms/1_butene/2017/li_2017_1_butene_198-213/_processing/extracted/s0010218017301153_mmc1/AramcoMech2.0.TRAN,/home/icaurs/Combustion-chemical-kinetic-models/combustion_and_flame_mechanisms/1_butene/2017/li_2017_1_butene_198-213/chem.inp,/home/icaurs/Combustion-chemical-kinetic-models/combustion_and_flame_mechanisms/1_butene/2017/li_2017_1_butene_198-213/therm.dat,/home/icaurs/Combustion-chemical-kinetic-models/combustion_and_flame_mechanisms/1_butene/2017/li_2017_1_butene_198-213/tran.dat,/home/icaurs/Combustion-chemical-kinetic-models/combustion_and_flame_mechanisms/1_butene/2017/li_2017_1_butene_198-213/mechanism.yaml,493,2716,ok
Pressure-dependent kinetics on the C4H7 potential energy surface and its effect on combustion model predictions,Can Huang; Bin Yang; Feng Zhang,10.1016/j.combustflame.2017.01.031,S0010218017300962,181,Jul,100-109,unknown_fuel,no,https://www.sciencedirect.com/science/article/pii/S0010218017300962,,,False,excluded_no_mechanism_signal,,,,,,,,,,,
Revisiting 1-hexene low-temperature oxidation,Xiangzan Meng; Anne Rodriguez; Olivier Herbinet; Tianyou Wang; Frédérique Battin-Leclerc,10.1016/j.combustflame.2017.03.031,S0010218017301268,181,Jul,283-299,hexene,no,https://www.sciencedirect.com/science/article/pii/S0010218017301268,,pending manual download; ScienceDirect PDF access triggered CAPTCHA or was not exposed,True,included,/home/icaurs/Combustion-chemical-kinetic-models/combustion_and_flame_mechanisms/hexene/2017/meng_2017_hexene_283-299,/home/icaurs/Combustion-chemical-kinetic-models/combustion_and_flame_mechanisms/hexene/2017/meng_2017_hexene_283-299/_processing/extracted/s0010218017301268_mmc4/Mech_1-hexene_PLOG.inp,/home/icaurs/Combustion-chemical-kinetic-models/combustion_and_flame_mechanisms/hexene/2017/meng_2017_hexene_283-299/_processing/extracted/s0010218017301268_mmc4/thermo_1-hexene_PLOG.DAT,,/home/icaurs/Combustion-chemical-kinetic-models/combustion_and_flame_mechanisms/hexene/2017/meng_2017_hexene_283-299/chem.inp,/home/icaurs/Combustion-chemical-kinetic-models/combustion_and_flame_mechanisms/hexene/2017/meng_2017_hexene_283-299/therm.dat,,/home/icaurs/Combustion-chemical-kinetic-models/combustion_and_flame_mechanisms/hexene/2017/meng_2017_hexene_283-299/mechanism.yaml,1113,4809,ok
Multi-environment probability density function approach for turbulent partially-premixed methane/air flame with inhomogeneous inlets,Namsu Kim; Yongmo Kim,10.1016/j.combustflame.2017.04.020,S0010218017301542,182,Aug,190-205,methane_iron,no,https://www.sciencedirect.com/science/article/pii/S0010218017301542,,,False,excluded_no_mechanism_signal,,,,,,,,,,,
Important role of volatile–char interactions in enhancing PM 1 emission during the combustion of volatiles from biosolid,Xujun Chen; Sui Boon Liaw; Hongwei Wu,10.1016/j.combustflame.2017.04.005,S0010218017301323,182,Aug,90-101,unknown_fuel,no,https://www.sciencedirect.com/science/article/pii/S0010218017301323,,,False,excluded_no_mechanism_signal,,,,,,,,,,,
Low-power focused-laser-assisted remote ignition of nanoenergetic materials and application to a disposable membrane actuator,Nam-Su Jang; Sung-Hun Ha; Kang-Hyun Kim; Myung Hoon Cho; Soo Hyung Kim; Jong-Man Kim,10.1016/j.combustflame.2017.04.021,S0010218017301566,182,Aug,58-63,unknown_fuel,no,https://www.sciencedirect.com/science/article/pii/S0010218017301566,,,False,excluded_no_mechanism_signal,,,,,,,,,,,
Study of aluminum particle combustion in solid propellant plumes using digital in-line holography and imaging pyrometry,Yi Chen; Daniel R. Guildenbecher; Kathryn N.G. Hoffmeister; Marcia A. Cooper; Howard L. Stauffacher; Michael S. Oliver; Ephraim B. Washburn,10.1016/j.combustflame.2017.04.016,S0010218017301505,182,Aug,225-237,aluminum,no,https://www.sciencedirect.com/science/article/pii/S0010218017301505,,,False,excluded_no_mechanism_signal,,,,,,,,,,,
A thermomechanical explanation for the topology of crack patterns observed on the surface of charred wood and particle fibreboard,Djebar Baroudi; Andrea Ferrantelli; Kai Yuan Li; Simo Hostikka,10.1016/j.combustflame.2017.04.017,S0010218017301517,182,Aug,206-215,unknown_fuel,no,https://www.sciencedirect.com/science/article/pii/S0010218017301517,,,False,excluded_no_mechanism_signal,,,,,,,,,,,
Experimental validation and analysis of seven different chemical kinetic mechanisms for n-dodecane using a Rapid Compression-Expansion Machine,José M. Desantes; J. Javier López; José M. García-Oliver; Darío López-Pintor,10.1016/j.combustflame.2017.04.004,S0010218017301311,182,Aug,76-89,n_dodecane,no,https://www.sciencedirect.com/science/article/pii/S0010218017301311,,,True,excluded_no_supplement_found,,,,,,,,,,,
The role of non-thermal electrons in flame acceleration,Daniel C. Murphy; Mario Sánchez-Sanz; Carlos Fernandez-Pello,10.1016/j.combustflame.2017.04.018,S0010218017301529,182,Aug,48-57,unknown_fuel,no,https://www.sciencedirect.com/science/article/pii/S0010218017301529,,,False,excluded_no_mechanism_signal,,,,,,,,,,,
The effects of large scale perturbation-generating obstacles on the propagation of detonation filled with methane–oxygen mixture,Bo Zhang; Hong Liu,10.1016/j.combustflame.2017.04.025,S0010218017301608,182,Aug,279-287,methane,no,https://www.sciencedirect.com/science/article/pii/S0010218017301608,,,False,excluded_no_mechanism_signal,,,,,,,,,,,
Mechanisms on the size partitioning of sodium in particulate matter from pulverized coal combustion,Qian Huang; Shuiqing Li; Gengda Li; Qiang Yao,10.1016/j.combustflame.2017.04.026,S001021801730161X,182,Aug,313-323,coal,no,https://www.sciencedirect.com/science/article/pii/S001021801730161X,,,False,excluded_no_mechanism_signal,,,,,,,,,,,
Combustion mechanism of composite solid propellant sandwiches containing nano-aluminium,Kanagaraj Gnanaprakash; Satyanarayanan R Chakravarthy; Ramanujam Sarathi,10.1016/j.combustflame.2017.04.024,S0010218017301591,182,Aug,64-75,aluminum,no,https://www.sciencedirect.com/science/article/pii/S0010218017301591,,,False,excluded_no_mechanism_signal,,,,,,,,,,,
High-pressure oxidation of ethane,Hamid Hashemi; Jon G. Jacobsen; Christian T. Rasmussen; Jakob M. Christensen; Peter Glarborg; Sander Gersen; Martijn van Essen; Howard B. Levinsky; Stephen J. Klippenstein,10.1016/j.combustflame.2017.03.028,S0010218017301232,182,Aug,150-166,ethane,no,https://www.sciencedirect.com/science/article/pii/S0010218017301232,,pending manual download; ScienceDirect PDF access triggered CAPTCHA or was not exposed,True,conversion_failed,/home/icaurs/Combustion-chemical-kinetic-models/combustion_and_flame_mechanisms/ethane/2017/hashemi_2017_ethane_150-166,/home/icaurs/Combustion-chemical-kinetic-models/combustion_and_flame_mechanisms/ethane/2017/hashemi_2017_ethane_150-166/_processing/extracted/chemistry/chem.inp,/home/icaurs/Combustion-chemical-kinetic-models/combustion_and_flame_mechanisms/ethane/2017/hashemi_2017_ethane_150-166/_processing/extracted/chemistry/thermo.DAT,/home/icaurs/Combustion-chemical-kinetic-models/combustion_and_flame_mechanisms/ethane/2017/hashemi_2017_ethane_150-166/_processing/extracted/chemistry/trans.dat,/home/icaurs/Combustion-chemical-kinetic-models/combustion_and_flame_mechanisms/ethane/2017/hashemi_2017_ethane_150-166/chem.inp,/home/icaurs/Combustion-chemical-kinetic-models/combustion_and_flame_mechanisms/ethane/2017/hashemi_2017_ethane_150-166/therm.dat,/home/icaurs/Combustion-chemical-kinetic-models/combustion_and_flame_mechanisms/ethane/2017/hashemi_2017_ethane_150-166/tran.dat,/home/icaurs/Combustion-chemical-kinetic-models/combustion_and_flame_mechanisms/ethane/2017/hashemi_2017_ethane_150-166/mechanism.yaml,68,665,cantera_failed
Multi-channel nanosecond discharge plasma ignition of premixed propane/air under normal and sub-atmospheric pressures,Bing-xuan Lin; Yun Wu; Zhi-bo Zhang; Zheng Chen,10.1016/j.combustflame.2017.04.022,S0010218017301578,182,Aug,102-113,propane,yes,https://www.sciencedirect.com/science/article/pii/S0010218017301578,,,False,excluded_no_mechanism_signal,,,,,,,,,,,
Combustion of the waste-derived fuel compositions metallized by aluminium powder,Timur R. Valiullin; Roman I. Egorov; Pavel A. Strizhak,10.1016/j.combustflame.2017.04.009,S0010218017301360,182,Aug,14-19,aluminum,no,https://www.sciencedirect.com/science/article/pii/S0010218017301360,,,False,excluded_no_mechanism_signal,,,,,,,,,,,
Dynamics of premixed swirl flames under the influence of transverse acoustic fluctuations,Aditya Saurabh; Christian Oliver Paschereit,10.1016/j.combustflame.2017.04.014,S0010218017301487,182,Aug,298-312,unknown_fuel,no,https://www.sciencedirect.com/science/article/pii/S0010218017301487,,,False,excluded_no_mechanism_signal,,,,,,,,,,,
The contribution of intrinsic thermoacoustic feedback to combustion noise and resonances of a confined turbulent premixed flame,Camilo F. Silva; Malte Merk; Thomas Komarek; Wolfgang Polifke,10.1016/j.combustflame.2017.04.015,S0010218017301499,182,Aug,269-278,unknown_fuel,no,https://www.sciencedirect.com/science/article/pii/S0010218017301499,,,False,excluded_no_mechanism_signal,,,,,,,,,,,
Controlling of flame propagation in a composite solid energetic material: From stabilization to chaotic regimes,Vadim N. Kurdyumov; Vladimir V. Gubernov; Roman V. Fursenko,10.1016/j.combustflame.2017.04.019,S0010218017301530,182,Aug,167-178,unknown_fuel,no,https://www.sciencedirect.com/science/article/pii/S0010218017301530,,,False,excluded_no_mechanism_signal,,,,,,,,,,,
Analysis of 3D combustion measurements using CH-based tomographic VLIF (volumetric laser induced fluorescence),Wenjiang Xu; Campbell D. Carter; Stephen Hammack; Lin Ma,10.1016/j.combustflame.2017.04.012,S0010218017301463,182,Aug,179-189,unknown_fuel,no,https://www.sciencedirect.com/science/article/pii/S0010218017301463,,,False,excluded_no_mechanism_signal,,,,,,,,,,,
Quantification of combustion regime transitions in premixed turbulent DME flames,F. Hampp; R.P. Lindstedt,10.1016/j.combustflame.2017.04.006,S0010218017301335,182,Aug,248-268,dimethyl_ether,no,https://www.sciencedirect.com/science/article/pii/S0010218017301335,,,False,excluded_no_mechanism_signal,,,,,,,,,,,
Theoretical kinetic studies for low temperature oxidation of two typical methylcyclohexyl radicals,Lili Xing; Lidong Zhang; Feng Zhang; Jun Jiang,10.1016/j.combustflame.2017.03.025,S0010218017301207,182,Aug,216-224,unknown_fuel,no,https://www.sciencedirect.com/science/article/pii/S0010218017301207,,,False,excluded_no_mechanism_signal,,,,,,,,,,,
The potential of on- and off-resonant formaldehyde imaging combined with bootstrapping in diesel sprays,P.C. Bakker; Noud Maes; Nico Dam,10.1016/j.combustflame.2017.03.032,S0010218017301293,182,Aug,20-27,formaldehyde_diesel,no,https://www.sciencedirect.com/science/article/pii/S0010218017301293,,,False,excluded_no_mechanism_signal,,,,,,,,,,,
Assessing the predictions of a NO x kinetic mechanism on recent hydrogen and syngas experimental data,Yingjia Zhang; Olivier Mathieu; Eric L. Petersen; Gilles Bourque; Henry J. Curran,10.1016/j.combustflame.2017.03.019,S0010218017301116,182,Aug,122-141,hydrogen_syngas,no,https://www.sciencedirect.com/science/article/pii/S0010218017301116,,,True,excluded_no_supplement_found,,,,,,,,,,,
LES of explosions in venting chamber: A test case for premixed turbulent combustion models,Olivier Vermorel; Pierre Quillatre; Thierry Poinsot,10.1016/j.combustflame.2017.05.014,S0010218017301815,183,Sep,207-223,unknown_fuel,no,https://www.sciencedirect.com/science/article/pii/S0010218017301815,,,False,excluded_no_mechanism_signal,,,,,,,,,,,
Measurement of reaction rate constants using RCM: A case study of decomposition of dimethyl carbonate to dimethyl ether,Peng Zhang; Shuang Li; Yingdi Wang; Weiqi Ji; Wenyu Sun; Bin Yang; Xin He; Zhi Wang; Chung K. Law; Feng Zhang,10.1016/j.combustflame.2017.05.006,S0010218017301736,183,Sep,30-38,dimethyl_ether_dimethyl_carbonate,no,https://www.sciencedirect.com/science/article/pii/S0010218017301736,,,False,excluded_no_mechanism_signal,,,,,,,,,,,
A methodology for derivation of RCCE-reduced mechanisms via CSP,Panos Koniavitis; Stelios Rigopoulos; W.P. Jones,10.1016/j.combustflame.2017.05.010,S0010218017301773,183,Sep,126-143,unknown_fuel,no,https://www.sciencedirect.com/science/article/pii/S0010218017301773,,,False,excluded_no_mechanism_signal,,,,,,,,,,,
Optical sensitisation of energetic crystals with gold nanoparticles for laser ignition,Xiao Fang; Mishminder Sharma; Christopher Stennett; Philip P. Gill,10.1016/j.combustflame.2017.05.002,S0010218017301694,183,Sep,15-21,unknown_fuel,no,https://www.sciencedirect.com/science/article/pii/S0010218017301694,,,False,excluded_no_mechanism_signal,,,,,,,,,,,
A study of the turbulent jet flow field in a methane fueled turbulent jet ignition (TJI) system,Masumeh Gholamisheeri; Indrek S. Wichman; Elisa Toulson,10.1016/j.combustflame.2017.05.008,S001021801730175X,183,Sep,194-206,methane,no,https://www.sciencedirect.com/science/article/pii/S001021801730175X,,,False,excluded_no_mechanism_signal,,,,,,,,,,,
Hypergolicity and ignition delay study of gelled ethanolamine fuel,Botchu Vara Siva Jyoti; Muhammad S. Naseem; Seung Wook Baek; Hyung Ju Lee; Sung June Cho,10.1016/j.combustflame.2017.05.007,S0010218017301748,183,Sep,102-112,ethanol,no,https://www.sciencedirect.com/science/article/pii/S0010218017301748,,,True,excluded_no_supplement_found,,,,,,,,,,,
Characteristics of turbulent n-heptane jet flames in a hot and diluted coflow,Jingjing Ye; Paul R. Medwell; Michael J. Evans; Bassam B. Dally,10.1016/j.combustflame.2017.05.027,S001021801730202X,183,Sep,330-342,n_heptane,no,https://www.sciencedirect.com/science/article/pii/S001021801730202X,,,False,excluded_no_mechanism_signal,,,,,,,,,,,
Cyclopentane combustion chemistry. Part I: Mechanism development and computational kinetics,Mariam J. Al Rashidi; Marco Mehl; William J. Pitz; Samah Mohamed; S. Mani Sarathy,10.1016/j.combustflame.2017.05.018,S0010218017301931,183,Sep,358-371,pentane_cyclopentane,no,https://www.sciencedirect.com/science/article/pii/S0010218017301931,,pending manual download; ScienceDirect PDF access triggered CAPTCHA or was not exposed,True,conversion_failed,/home/icaurs/Combustion-chemical-kinetic-models/combustion_and_flame_mechanisms/pentane_cyclopentane/2017/rashidi_2017_pentane_cyclopentane_358-371,/home/icaurs/Combustion-chemical-kinetic-models/combustion_and_flame_mechanisms/pentane_cyclopentane/2017/rashidi_2017_pentane_cyclopentane_358-371/_processing/raw_downloads/S0010218017301931_mmc5.txt; /home/icaurs/Combustion-chemical-kinetic-models/combustion_and_flame_mechanisms/pentane_cyclopentane/2017/rashidi_2017_pentane_cyclopentane_358-371/_processing/raw_downloads/S0010218017301931_mmc4.txt; /home/icaurs/Combustion-chemical-kinetic-models/combustion_and_flame_mechanisms/pentane_cyclopentane/2017/rashidi_2017_pentane_cyclopentane_358-371/_processing/raw_downloads/S0010218017301931_mmc3.txt,/home/icaurs/Combustion-chemical-kinetic-models/combustion_and_flame_mechanisms/pentane_cyclopentane/2017/rashidi_2017_pentane_cyclopentane_358-371/_processing/raw_downloads/S0010218017301931_mmc2.txt,,/home/icaurs/Combustion-chemical-kinetic-models/combustion_and_flame_mechanisms/pentane_cyclopentane/2017/rashidi_2017_pentane_cyclopentane_358-371/chem.inp,/home/icaurs/Combustion-chemical-kinetic-models/combustion_and_flame_mechanisms/pentane_cyclopentane/2017/rashidi_2017_pentane_cyclopentane_358-371/therm.dat,,,,,cantera_failed
Two-stage heat release in nitromethane/air flame and its impact on laminar flame speed measurement,Mahdi Faghih; Zheng Chen,10.1016/j.combustflame.2017.05.013,S0010218017301803,183,Sep,157-165,nitromethane,no,https://www.sciencedirect.com/science/article/pii/S0010218017301803,,,True,excluded_no_supplement_found,,,,,,,,,,,
The effect of decorated graphene addition on the burning rate of ammonium perchlorate composite propellants,S. Isert; L. Xin; J. Xie; S.F. Son,10.1016/j.combustflame.2017.05.024,S0010218017301992,183,Sep,322-329,unknown_fuel,no,https://www.sciencedirect.com/science/article/pii/S0010218017301992,,,False,excluded_no_mechanism_signal,,,,,,,,,,,
Effect of pressure on the lean limit flames of H2-CH4-air mixture in tubes,Zhen Zhou; Yuriy Shoshin; Francisco E. Hernández-Pérez; Jeroen A. van Oijen; Laurentius P.H. de Goey,10.1016/j.combustflame.2017.05.011,S0010218017301785,183,Sep,113-125,methane_hydrogen,no,https://www.sciencedirect.com/science/article/pii/S0010218017301785,,,False,excluded_no_mechanism_signal,,,,,,,,,,,
Cyclopentane combustion. Part II. Ignition delay measurements and mechanism validation,Mariam J. Al Rashidi; Juan C. Mármol; Colin Banyon; Muhammad B. Sajid; Marco Mehl; William J. Pitz; Samah Mohamed; Adamu Alfazazi; Tianfeng Lu; Henry J. Curran; Aamir Farooq; S. Mani Sarathy,10.1016/j.combustflame.2017.05.017,S001021801730192X,183,Sep,372-385,pentane_cyclopentane,no,https://www.sciencedirect.com/science/article/pii/S001021801730192X,,,True,excluded_no_mechanism_attachment,,,,,,,,,,,
Detailed modeling of CO2 addition effects on the evolution of soot particle size distribution functions in premixed laminar ethylene flames,Ali Naseri; Armin Veshkini; Murray J. Thomson,10.1016/j.combustflame.2017.04.028,S0010218017301633,183,Sep,75-87,ethylene,no,https://www.sciencedirect.com/science/article/pii/S0010218017301633,,,False,excluded_no_mechanism_signal,,,,,,,,,,,
Sensitivity of predictions to chemical kinetics models in a temporally evolving turbulent non-premixed flame,Suo Yang; Reetesh Ranjan; Vigor Yang; Wenting Sun; Suresh Menon,10.1016/j.combustflame.2017.05.016,S0010218017301839,183,Sep,224-241,unknown_fuel,no,https://www.sciencedirect.com/science/article/pii/S0010218017301839,,,True,excluded_no_mechanism_attachment,,,,,,,,,,,
On the development and application of a droplet flamelet-generated manifold for use in two-phase turbulent combustion simulations,Brian T. Bojko; Paul E. DesJardin,10.1016/j.combustflame.2017.04.029,S0010218017301645,183,Sep,50-65,unknown_fuel,no,https://www.sciencedirect.com/science/article/pii/S0010218017301645,,,False,excluded_no_mechanism_signal,,,,,,,,,,,
"Effect of prompt dissociation of formyl radical on 1,3,5-trioxane and CH2O laminar flame speeds with CO2 dilution at elevated pressure",Hao Zhao; Jiapeng Fu; Francis M. Haas; Yiguang Ju,10.1016/j.combustflame.2017.05.005,S0010218017301724,183,Sep,253-260,unknown_fuel,no,https://www.sciencedirect.com/science/article/pii/S0010218017301724,,,False,excluded_no_mechanism_signal,,,,,,,,,,,
Scale Adaptive Simulation of a thermoacoustic instability in a partially premixed lean swirl combustor,J.-M. Lourier; M. Stöhr; B. Noll; S. Werner; A. Fiolitakis,10.1016/j.combustflame.2017.02.024,S0010218017300718,183,Sep,343-357,unknown_fuel,no,https://www.sciencedirect.com/science/article/pii/S0010218017300718,,,False,excluded_no_mechanism_signal,,,,,,,,,,,
Reconstruction of chemical structure of real fuel by surrogate formulation based upon combustion property targets,Sang Hee Won; Francis M. Haas; Stephen Dooley; Tim Edwards; Frederick L. Dryer,10.1016/j.combustflame.2017.04.032,S0010218017301670,183,Sep,39-49,unknown_fuel,no,https://www.sciencedirect.com/science/article/pii/S0010218017301670,,,False,excluded_no_mechanism_signal,,,,,,,,,,,
Study on inversion of morphological parameters of soot aggregates in hydrocarbon flames,Mengting Si; Qiang Cheng; Jinlin Song; Yang Liu; Mengjie Tao; Chun Lou,10.1016/j.combustflame.2017.05.019,S0010218017301943,183,Sep,261-270,unknown_fuel,no,https://www.sciencedirect.com/science/article/pii/S0010218017301943,,,False,excluded_no_mechanism_signal,,,,,,,,,,,
Importance of turbulence-chemistry interactions at low temperature engine conditions,Prithwish Kundu; Muhsin M Ameen; Sibendu Som,10.1016/j.combustflame.2017.05.025,S0010218017302006,183,Sep,283-298,unknown_fuel,no,https://www.sciencedirect.com/science/article/pii/S0010218017302006,,,False,excluded_no_mechanism_signal,,,,,,,,,,,
Flame thickness and conditional scalar dissipation rate in a premixed temporal turbulent reacting jet,Swetaprovo Chaudhuri; Hemanth Kolla; Himanshu L. Dave; Evatt R. Hawkes; Jacqueline H. Chen; Chung K. Law,10.1016/j.combustflame.2017.02.027,S0010218017300743,184,Oct,273-285,unknown_fuel,no,https://www.sciencedirect.com/science/article/pii/S0010218017300743,,,False,excluded_no_mechanism_signal,,,,,,,,,,,
"Initiation mechanism of 1,3-butadiene combustion and its effect on soot precursors",Can Huang; Bin Yang; Feng Zhang,10.1016/j.combustflame.2017.06.003,S0010218017302183,184,Oct,167-175,butadiene,no,https://www.sciencedirect.com/science/article/pii/S0010218017302183,,,False,excluded_no_mechanism_signal,,,,,,,,,,,
Origin and reactivity of hot-spots in end-gas autoignition with effects of negative temperature coefficients: Relevance to pressure wave developments,Hiroshi Terashima; Akira Matsugi; Mitsuo Koshi,10.1016/j.combustflame.2017.06.016,S0010218017302377,184,Oct,324-334,unknown_fuel,no,https://www.sciencedirect.com/science/article/pii/S0010218017302377,,,True,excluded_no_supplement_found,,,,,,,,,,,
Simulations of droplet combustion under gas turbine conditions,Andrea Giusti; Jennifer A.M. Sidey; Giulio Borghesi; Epaminondas Mastorakos,10.1016/j.combustflame.2017.01.026,S0010218017300263,184,Oct,101-116,unknown_fuel,no,https://www.sciencedirect.com/science/article/pii/S0010218017300263,,,False,excluded_no_mechanism_signal,,,,,,,,,,,
The role of gasification reactions during pulverized solid fuel combustion: A detailed char combustion model based on measurements of char structure and kinetics for coal and pre-treated biomass,Ulrich Kleinhans; Stefan Halama; Hartmut Spliethoff,10.1016/j.combustflame.2017.05.033,S0010218017302080,184,Oct,117-135,coal,no,https://www.sciencedirect.com/science/article/pii/S0010218017302080,,,False,excluded_no_mechanism_signal,,,,,,,,,,,
Plasma-combustion coupling in a dielectric-barrier discharge actuated fuel jet,Luca Massa; Jonathan B. Freund,10.1016/j.combustflame.2017.06.008,S0010218017302237,184,Oct,208-232,unknown_fuel,yes,https://www.sciencedirect.com/science/article/pii/S0010218017302237,,,False,excluded_no_mechanism_signal,,,,,,,,,,,
"Investigation on laminar burning velocities of benzene, toluene and ethylbenzene up to 20 atm",Guoqing Wang; Yuyang Li; Wenhao Yuan; Zhenbiao Zhou; Yu Wang; Zizhou Wang,10.1016/j.combustflame.2017.06.017,S0010218017302389,184,Oct,312-323,benzene_toluene_ethylbenzene,no,https://www.sciencedirect.com/science/article/pii/S0010218017302389,,,True,excluded_no_mechanism_attachment,,,,,,,,,,,
Observation of deflagration wave in energetic materials using reactive molecular dynamics,Kaushik Joshi; Santanu Chaudhuri,10.1016/j.combustflame.2017.05.009,S0010218017301761,184,Oct,20-29,unknown_fuel,no,https://www.sciencedirect.com/science/article/pii/S0010218017301761,,,False,excluded_no_mechanism_signal,,,,,,,,,,,
Extinction of AP monopropellant by rapid depressurization: Computational and experimental studies,Nagendra Kumar; Raj Alexander Y.; Ramakrishna P.A.,10.1016/j.combustflame.2017.05.030,S0010218017302055,184,Oct,90-100,unknown_fuel,no,https://www.sciencedirect.com/science/article/pii/S0010218017302055,,,False,excluded_no_mechanism_signal,,,,,,,,,,,
A multi-timescale and correlated dynamic adaptive chemistry and transport (CO-DACT) method for computationally efficient modeling of jet fuel combustion with detailed chemistry and transport,Weiqi Sun; Yiguang Ju,10.1016/j.combustflame.2017.05.032,S0010218017302079,184,Oct,297-311,jet_fuel,no,https://www.sciencedirect.com/science/article/pii/S0010218017302079,,,False,excluded_no_mechanism_signal,,,,,,,,,,,
Insights into combustion mechanisms of variable aluminum-based iron oxide/-hydroxide nanothermites,Jakob Hübner; Martin Klaumünzer; Marc Comet; Cédric Martin; Loїc Vidal; Michael Schäfer; Carola Kryschi; Denis Spitzer,10.1016/j.combustflame.2017.06.006,S0010218017302213,184,Oct,186-194,iron_aluminum,no,https://www.sciencedirect.com/science/article/pii/S0010218017302213,,,False,excluded_no_mechanism_signal,,,,,,,,,,,
Visualization of ionic wind in laminar jet flames,Dae Geun Park; Suk Ho Chung; Min Suk Cha,10.1016/j.combustflame.2017.06.011,S0010218017302262,184,Oct,246-248,unknown_fuel,no,https://www.sciencedirect.com/science/article/pii/S0010218017302262,,,False,excluded_no_mechanism_signal,,,,,,,,,,,
Pyrolysis-gas chromatography mass spectroscopy and pipe combustor analysis of the ignition and mass regression characteristics of a sulfur doped polysulfide ramjet fuel,Brian McDonald; Jeremy Rice; Chris Marshall; Kayla Seymour; John Stewart,10.1016/j.combustflame.2017.06.009,S0010218017302249,184,Oct,252-260,jet_fuel,no,https://www.sciencedirect.com/science/article/pii/S0010218017302249,,,True,excluded_no_supplement_found,,,,,,,,,,,
Comparative study of the soot formation process in a “nucleation” and a “sooting” low pressure premixed methane flame,Pascale Desgroux; Alessandro Faccinetto; Xavier Mercier; Thomas Mouton; Damien Aubagnac Karkar; Abderrahman El Bakali,10.1016/j.combustflame.2017.05.034,S0010218017302109,184,Oct,153-166,methane,no,https://www.sciencedirect.com/science/article/pii/S0010218017302109,,,False,excluded_no_mechanism_signal,,,,,,,,,,,
Numerical analysis and model development for laminar flame speed of stratified methane/air mixtures,Xian Shi; Jyh-Yuan Chen,10.1016/j.combustflame.2017.06.010,S0010218017302250,184,Oct,233-245,methane,no,https://www.sciencedirect.com/science/article/pii/S0010218017302250,,,True,excluded_no_mechanism_attachment,,,,,,,,,,,
A consistent Artificially Thickened Flame approach for spray combustion using LES and the FGM chemistry reduction method: Validation in Lean Partially Pre-vaporized flames,Fernando Luiz Sacomano Filho; Guido Kuenne; Mouldi Chrigui; Amsini Sadiki; Johannes Janicka,10.1016/j.combustflame.2017.05.031,S0010218017302067,184,Oct,68-89,unknown_fuel,no,https://www.sciencedirect.com/science/article/pii/S0010218017302067,,,False,excluded_no_mechanism_signal,,,,,,,,,,,
Two dimensional advective heat flux estimation from velocity measurements,Stephen W. Grib; Michael W. Renfro,10.1016/j.combustflame.2017.06.014,S0010218017302298,184,Oct,261-272,unknown_fuel,no,https://www.sciencedirect.com/science/article/pii/S0010218017302298,,,False,excluded_no_mechanism_signal,,,,,,,,,,,
Fuel-rich n-heptane oxidation: A shock tube and laser absorption study,Zachary E. Loparo; Joseph G. Lopez; Sneha Neupane; William P. Partridge; Konstantin Vodopyanov; Subith S. Vasu,10.1016/j.combustflame.2017.07.016,S0010218017302614,185,Nov,220-233,n_heptane,no,https://www.sciencedirect.com/science/article/pii/S0010218017302614,,,True,excluded_no_mechanism_attachment,,,,,,,,,,,
The soot particle formation process inside the piston bowl of a small-bore diesel engine,Yilong Zhang; Dongchan Kim; Lingzhe Rao; Renlin Zhang; Sanghoon Kook; Kenneth S. Kim; Chol-Bum Kweon,10.1016/j.combustflame.2017.07.028,S0010218017302730,185,Nov,278-291,diesel,no,https://www.sciencedirect.com/science/article/pii/S0010218017302730,,,False,excluded_no_mechanism_signal,,,,,,,,,,,
Thermal modes of heterogeneous exothermic reactions. Solid-phase interaction,Valeriy Yu. Filimonov; Konstantin B. Koshelev; Alexander A. Sytnikov,10.1016/j.combustflame.2017.06.020,S0010218017302419,185,Nov,93-104,unknown_fuel,no,https://www.sciencedirect.com/science/article/pii/S0010218017302419,,,False,excluded_no_mechanism_signal,,,,,,,,,,,
A chemical kinetic study of the oxidation of dibutyl-ether in a jet-stirred reactor,Sébastien Thion; Casimir Togbé; Zeynep Serinyel; Guillaume Dayma; Philippe Dagaut,10.1016/j.combustflame.2017.06.019,S0010218017302407,185,Nov,4-15,unknown_fuel,no,https://www.sciencedirect.com/science/article/pii/S0010218017302407,,pending manual download; ScienceDirect PDF access triggered CAPTCHA or was not exposed,True,included,/home/icaurs/Combustion-chemical-kinetic-models/combustion_and_flame_mechanisms/unknown_fuel/2017/thion_2017_unknown_fuel_4-15,/home/icaurs/Combustion-chemical-kinetic-models/combustion_and_flame_mechanisms/unknown_fuel/2017/thion_2017_unknown_fuel_4-15/_processing/extracted/s0010218017302407_mmc2/DBE_10atm.inp; /home/icaurs/Combustion-chemical-kinetic-models/combustion_and_flame_mechanisms/unknown_fuel/2017/thion_2017_unknown_fuel_4-15/_processing/extracted/s0010218017302407_mmc2/DBE_1atm_Flame.inp; /home/icaurs/Combustion-chemical-kinetic-models/combustion_and_flame_mechanisms/unknown_fuel/2017/thion_2017_unknown_fuel_4-15/_processing/extracted/s0010218017302407_mmc2/DBE_1atm.inp,/home/icaurs/Combustion-chemical-kinetic-models/combustion_and_flame_mechanisms/unknown_fuel/2017/thion_2017_unknown_fuel_4-15/_processing/extracted/s0010218017302407_mmc2/Therm.dat,/home/icaurs/Combustion-chemical-kinetic-models/combustion_and_flame_mechanisms/unknown_fuel/2017/thion_2017_unknown_fuel_4-15/_processing/extracted/s0010218017302407_mmc2/Tran.dat,/home/icaurs/Combustion-chemical-kinetic-models/combustion_and_flame_mechanisms/unknown_fuel/2017/thion_2017_unknown_fuel_4-15/chem.inp,/home/icaurs/Combustion-chemical-kinetic-models/combustion_and_flame_mechanisms/unknown_fuel/2017/thion_2017_unknown_fuel_4-15/therm.dat,/home/icaurs/Combustion-chemical-kinetic-models/combustion_and_flame_mechanisms/unknown_fuel/2017/thion_2017_unknown_fuel_4-15/tran.dat,/home/icaurs/Combustion-chemical-kinetic-models/combustion_and_flame_mechanisms/unknown_fuel/2017/thion_2017_unknown_fuel_4-15/mechanism.yaml,328,2447,ok
Numerical prediction of combustion instability limit cycle oscillations for a combustor with a long flame,Jingxuan Li; Yu Xia; Aimee S. Morgans; Xingsi Han,10.1016/j.combustflame.2017.06.018,S0010218017302390,185,Nov,28-43,unknown_fuel,no,https://www.sciencedirect.com/science/article/pii/S0010218017302390,,,False,excluded_no_mechanism_signal,,,,,,,,,,,
Flame spread over inclined electrical wires with AC electric fields,Seung J. Lim; Sun H. Park; Jeong Park; Osamu Fujita; Sang I. Keel; Suk H. Chung,10.1016/j.combustflame.2017.07.010,S0010218017302559,185,Nov,82-92,unknown_fuel,no,https://www.sciencedirect.com/science/article/pii/S0010218017302559,,,False,excluded_no_mechanism_signal,,,,,,,,,,,
"Single-step combustion process for the synthesis of 1-D, 2-D, and 3-D hierarchically grown AlN structures",Hayk H. Nersisyan; Seong Hun Lee; Jeong Hun Choi; Bung Uk Yoo; Jong Hyeon Lee,10.1016/j.combustflame.2017.07.015,S0010218017302602,185,Nov,210-219,unknown_fuel,no,https://www.sciencedirect.com/science/article/pii/S0010218017302602,,,False,excluded_no_mechanism_signal,,,,,,,,,,,
Intrinsic flame instabilities in combustors: Analytic description of a 1-D resonator model,Nalini Kanta Mukherjee; Victor Shrira,10.1016/j.combustflame.2017.07.012,S0010218017302572,185,Nov,188-209,unknown_fuel,no,https://www.sciencedirect.com/science/article/pii/S0010218017302572,,,False,excluded_no_mechanism_signal,,,,,,,,,,,
A kinetic modeling study on octane rating and fuel sensitivity in advanced compression ignition engines,Mingyuan Tao; Tong Wu; Haiwen Ge; Dan DelVescovo; Peng Zhao,10.1016/j.combustflame.2017.07.020,S0010218017302651,185,Nov,234-244,n_octane,no,https://www.sciencedirect.com/science/article/pii/S0010218017302651,,,True,excluded_no_mechanism_attachment,,,,,,,,,,,
Kinetic modeling of ammonia/air weak flames in a micro flow reactor with a controlled temperature profile,Hisashi Nakamura; Susumu Hasegawa; Takuya Tezuka,10.1016/j.combustflame.2017.06.021,S0010218017302420,185,Nov,16-27,ammonia,no,https://www.sciencedirect.com/science/article/pii/S0010218017302420,,,True,excluded_no_supplement_found,,,,,,,,,,,
Generalised correlations of blow-off and flame quenching for sub-sonic and choked jet flames,Adriana Palacios; Derek Bradley,10.1016/j.combustflame.2017.07.019,S001021801730264X,185,Nov,309-318,unknown_fuel,no,https://www.sciencedirect.com/science/article/pii/S001021801730264X,,,False,excluded_no_mechanism_signal,,,,,,,,,,,
Ignition of fuel–air mixtures from a hot circular cylinder,Lorenz R. Boeck; Maxime Meijers; Andreas Kink; Remy Mével; Joseph E. Shepherd,10.1016/j.combustflame.2017.07.007,S0010218017302523,185,Nov,265-277,unknown_fuel,no,https://www.sciencedirect.com/science/article/pii/S0010218017302523,,,False,excluded_no_mechanism_signal,,,,,,,,,,,
Tabulation of combustion chemistry via Artificial Neural Networks (ANNs): Methodology and application to LES-PDF simulation of Sydney flame L,Lucas L.C. Franke; Athanasios K. Chatzopoulos; Stelios Rigopoulos,10.1016/j.combustflame.2017.07.014,S0010218017302596,185,Nov,245-260,unknown_fuel,no,https://www.sciencedirect.com/science/article/pii/S0010218017302596,,,False,excluded_no_mechanism_signal,,,,,,,,,,,
Correlation effects between turbulence and the conversion rate of pulverized char particles,Jonas Krüger; Nils Erland L. Haugen; Terese Løvås,10.1016/j.combustflame.2017.07.008,S0010218017302535,185,Nov,160-172,unknown_fuel,no,https://www.sciencedirect.com/science/article/pii/S0010218017302535,,,False,excluded_no_mechanism_signal,,,,,,,,,,,
Ignition studies of two low-octane gasolines,Tamour Javed; Ahfaz Ahmed; Leonardo Lovisotto; Gani Issayev; Jihad Badra; S. Mani Sarathy; Aamir Farooq,10.1016/j.combustflame.2017.07.006,S0010218017302511,185,Nov,152-159,n_octane_gasoline,no,https://www.sciencedirect.com/science/article/pii/S0010218017302511,,,False,excluded_no_mechanism_signal,,,,,,,,,,,
Extended flammability limits of n-heptane/air mixtures with cool flames,Wenkai Liang; Chung K. Law,10.1016/j.combustflame.2017.06.015,S0010218017302365,185,Nov,75-81,n_heptane,no,https://www.sciencedirect.com/science/article/pii/S0010218017302365,,,False,excluded_no_mechanism_signal,,,,,,,,,,,
"Dynamics and mechanisms of pressure, heat release rate, and fuel spray coupling during intermittent thermoacoustic oscillations in a model aeronautical combustor at elevated pressure",Sina Kheirkhah; J. D. Maxim Cirtwill; Pankaj Saini; Krishna Venkatesan; Adam M. Steinberg,10.1016/j.combustflame.2017.07.017,S0010218017302626,185,Nov,319-334,unknown_fuel,no,https://www.sciencedirect.com/science/article/pii/S0010218017302626,,,False,excluded_no_mechanism_signal,,,,,,,,,,,
Experimental and modeling efforts towards a better understanding of the high-temperature combustion kinetics of C3C5 ethyl esters,Wenyu Sun; Tao Tao; Ruzheng Zhang; Handong Liao; Can Huang; Feng Zhang; Xiaoyuan Zhang; Yan Zhang; Bin Yang,10.1016/j.combustflame.2017.07.013,S0010218017302584,185,Nov,173-187,unknown_fuel,possible,https://www.sciencedirect.com/science/article/pii/S0010218017302584,,pending manual download; ScienceDirect PDF access triggered CAPTCHA or was not exposed,True,included,/home/icaurs/Combustion-chemical-kinetic-models/combustion_and_flame_mechanisms/unknown_fuel/2017/sun_2017_unknown_fuel_173-187,/home/icaurs/Combustion-chemical-kinetic-models/combustion_and_flame_mechanisms/unknown_fuel/2017/sun_2017_unknown_fuel_173-187/_processing/extracted/s0010218017302584_mmc1/aa/SMM3_kinetic.inp,/home/icaurs/Combustion-chemical-kinetic-models/combustion_and_flame_mechanisms/unknown_fuel/2017/sun_2017_unknown_fuel_173-187/_processing/extracted/s0010218017302584_mmc1/aa/SMM4_therm.dat,/home/icaurs/Combustion-chemical-kinetic-models/combustion_and_flame_mechanisms/unknown_fuel/2017/sun_2017_unknown_fuel_173-187/_processing/extracted/s0010218017302584_mmc1/aa/SMM5_tran.dat,/home/icaurs/Combustion-chemical-kinetic-models/combustion_and_flame_mechanisms/unknown_fuel/2017/sun_2017_unknown_fuel_173-187/chem.inp,/home/icaurs/Combustion-chemical-kinetic-models/combustion_and_flame_mechanisms/unknown_fuel/2017/sun_2017_unknown_fuel_173-187/therm.dat,/home/icaurs/Combustion-chemical-kinetic-models/combustion_and_flame_mechanisms/unknown_fuel/2017/sun_2017_unknown_fuel_173-187/tran.dat,/home/icaurs/Combustion-chemical-kinetic-models/combustion_and_flame_mechanisms/unknown_fuel/2017/sun_2017_unknown_fuel_173-187/mechanism.yaml,281,1736,ok
Flammability limit of moderate- and low-stretched premixed flames stabilized in planar channel,Sergey N. Mokrin; Egor S. Odintsov; Georgii V. Uriupin; Takuya Tezuka; Sergey S. Minaev; Kaoru Maruta,10.1016/j.combustflame.2017.07.023,S0010218017302687,185,Nov,261-264,unknown_fuel,no,https://www.sciencedirect.com/science/article/pii/S0010218017302687,,,False,excluded_no_mechanism_signal,,,,,,,,,,,
Experimental study and analysis on the interaction between two slot-burner buoyant turbulent diffusion flames at various burner pitches,Longhua Hu; Lili Huang; Qiang Wang; Kazunori Kuwana,10.1016/j.combustflame.2017.07.033,S001021801730278X,186,Dec,105-113,unknown_fuel,no,https://www.sciencedirect.com/science/article/pii/S001021801730278X,,,False,excluded_no_mechanism_signal,,,,,,,,,,,
The critical conditions for thermal explosion in a system heated at a constant rate,Daniel Sánchez-Rodriguez; Jordi Farjas; Pera Roura,10.1016/j.combustflame.2017.08.008,S001021801730305X,186,Dec,211-219,unknown_fuel,no,https://www.sciencedirect.com/science/article/pii/S001021801730305X,,,False,excluded_no_mechanism_signal,,,,,,,,,,,
Autoignition characteristics of oxygenated gasolines,Changyoul Lee; Ahfaz Ahmed; Ehson F. Nasir; Jihad Badra; Gautam Kalghatgi; S. Mani Sarathy; Henry Curran; Aamir Farooq,10.1016/j.combustflame.2017.07.034,S0010218017302900,186,Dec,114-128,gasoline,no,https://www.sciencedirect.com/science/article/pii/S0010218017302900,,,True,excluded_no_mechanism_attachment,,,,,,,,,,,
A comprehensive experimental and kinetic modeling study of n-propylbenzene combustion,Wenhao Yuan; Yuyang Li; Philippe Dagaut; Yizun Wang; Zhandong Wang; Fei Qi,10.1016/j.combustflame.2017.08.010,S0010218017303073,186,Dec,178-192,benzene_n_propylbenzene,no,https://www.sciencedirect.com/science/article/pii/S0010218017303073,,pending manual download; ScienceDirect PDF access triggered CAPTCHA or was not exposed,True,included,/home/icaurs/Combustion-chemical-kinetic-models/combustion_and_flame_mechanisms/benzene_n_propylbenzene/2017/yuan_2017_benzene_n_propylbenzene_178-192,/home/icaurs/Combustion-chemical-kinetic-models/combustion_and_flame_mechanisms/benzene_n_propylbenzene/2017/yuan_2017_benzene_n_propylbenzene_178-192/_processing/extracted/s0010218017303073_mmc2/mmc2/SMM#2 Reaction Mechanism.txt,/home/icaurs/Combustion-chemical-kinetic-models/combustion_and_flame_mechanisms/benzene_n_propylbenzene/2017/yuan_2017_benzene_n_propylbenzene_178-192/_processing/extracted/s0010218017303073_mmc2/mmc2/SMM#3 Thermodynamic data.txt,/home/icaurs/Combustion-chemical-kinetic-models/combustion_and_flame_mechanisms/benzene_n_propylbenzene/2017/yuan_2017_benzene_n_propylbenzene_178-192/_processing/extracted/s0010218017303073_mmc2/mmc2/SMM#4 Transport data.txt,/home/icaurs/Combustion-chemical-kinetic-models/combustion_and_flame_mechanisms/benzene_n_propylbenzene/2017/yuan_2017_benzene_n_propylbenzene_178-192/chem.inp,/home/icaurs/Combustion-chemical-kinetic-models/combustion_and_flame_mechanisms/benzene_n_propylbenzene/2017/yuan_2017_benzene_n_propylbenzene_178-192/therm.dat,/home/icaurs/Combustion-chemical-kinetic-models/combustion_and_flame_mechanisms/benzene_n_propylbenzene/2017/yuan_2017_benzene_n_propylbenzene_178-192/tran.dat,/home/icaurs/Combustion-chemical-kinetic-models/combustion_and_flame_mechanisms/benzene_n_propylbenzene/2017/yuan_2017_benzene_n_propylbenzene_178-192/mechanism.yaml,340,2083,ok
Laser-diagnostic mapping of temperature and soot statistics in a 2-m diameter turbulent pool fire,Sean P. Kearney; Thomas W. Grasser,10.1016/j.combustflame.2017.07.018,S0010218017302638,186,Dec,32-44,unknown_fuel,no,https://www.sciencedirect.com/science/article/pii/S0010218017302638,,,False,excluded_no_mechanism_signal,,,,,,,,,,,
Turbulent jet ignition assisted combustion in a rapid compression machine,AbdoulAhad Validi; Harold Schock; Farhad Jaberi,10.1016/j.combustflame.2017.07.032,S0010218017302778,186,Dec,65-82,unknown_fuel,no,https://www.sciencedirect.com/science/article/pii/S0010218017302778,,,True,excluded_no_supplement_found,,,,,,,,,,,
Approximate analytical solutions for temperature based transient mass flux and ignition time of a translucent solid at high radiant heat flux considering in-depth absorption,Junhui Gong; Yabo Li; Jinghong Wang; Jing Li; Yixuan Chen; Juncheng Jiang; Zhirong Wang,10.1016/j.combustflame.2017.08.004,S0010218017303012,186,Dec,166-177,unknown_fuel,no,https://www.sciencedirect.com/science/article/pii/S0010218017303012,,,False,excluded_no_mechanism_signal,,,,,,,,,,,
Uncertainty quantification of a newly optimized methanol and formaldehyde combustion mechanism,Carsten Olm; Tamás Varga; Éva Valkó; Henry J. Curran; Tamás Turányi,10.1016/j.combustflame.2017.07.029,S0010218017302742,186,Dec,45-64,methanol_ethanol_formaldehyde,no,https://www.sciencedirect.com/science/article/pii/S0010218017302742,,,False,excluded_no_mechanism_signal,,,,,,,,,,,
Numerical analysis of laminar methane–air side-wall-quenching,Sebastian Ganter; Arne Heinrich; Thorsten Meier; Guido Kuenne; Christopher Jainski; Martin C. Rißmann; Andreas Dreizler; Johannes Janicka,10.1016/j.combustflame.2017.08.017,S0010218017303140,186,Dec,299-310,methane,no,https://www.sciencedirect.com/science/article/pii/S0010218017303140,,,False,excluded_no_mechanism_signal,,,,,,,,,,,
Flamelet regime characterization for non-premixed turbulent combustion simulations,Wai Lee Chan; Matthias Ihme,10.1016/j.combustflame.2017.08.003,S0010218017303000,186,Dec,220-235,unknown_fuel,no,https://www.sciencedirect.com/science/article/pii/S0010218017303000,,,False,excluded_no_mechanism_signal,,,,,,,,,,,
"Measurement of the size distribution, volume fraction and optical properties of soot in an 80 kW propane flame",Daniel Bäckström; Adrian Gunnarsson; Dan Gall; Xiangyu Pei; Robert Johansson; Klas Andersson; Ravi Kant Pathak; Jan B.C. Pettersson,10.1016/j.combustflame.2017.08.023,S0010218017303206,186,Dec,325-334,propane,no,https://www.sciencedirect.com/science/article/pii/S0010218017303206,,,False,excluded_no_mechanism_signal,,,,,,,,,,,
Lagrangian analysis of high-speed turbulent premixed reacting flows: Thermochemical trajectories in hydrogen–air flames,Peter E. Hamlington; Ryan Darragh; Clarissa A. Briner; Colin A.Z. Towery; Brian D. Taylor; Alexei Y. Poludnenko,10.1016/j.combustflame.2017.08.001,S0010218017302948,186,Dec,193-207,hydrogen,no,https://www.sciencedirect.com/science/article/pii/S0010218017302948,,,False,excluded_no_mechanism_signal,,,,,,,,,,,
Direct estimation of edge flame speeds of lifted laminar jet flames and a modified stabilization mechanism,Min-Kyu Jeon; Nam Il Kim,10.1016/j.combustflame.2017.08.007,S0010218017303048,186,Dec,140-149,unknown_fuel,no,https://www.sciencedirect.com/science/article/pii/S0010218017303048,,,False,excluded_no_mechanism_signal,,,,,,,,,,,
Raman/LIPF data of temperature and species concentrations in swirling hydrogen jet diffusion flames: Conditional analysis and comparison to laminar flamelets,T.S. Cheng; J.-Y. Chen; R.W. Pitz,10.1016/j.combustflame.2017.08.018,S0010218017303152,186,Dec,311-324,hydrogen,no,https://www.sciencedirect.com/science/article/pii/S0010218017303152,,,False,excluded_no_mechanism_signal,,,,,,,,,,,
Effects of the equivalence ratio on turbulent flame–shock interactions in a confined space,Haiqiao Wei; Jianfu Zhao; Lei Zhou; Dongzhi Gao; Zailong Xu,10.1016/j.combustflame.2017.08.009,S0010218017303061,186,Dec,247-262,unknown_fuel,no,https://www.sciencedirect.com/science/article/pii/S0010218017303061,,,False,excluded_no_mechanism_signal,,,,,,,,,,,
An investigation of a turbulent spray flame using Large Eddy Simulation with a stochastic breakup model,William P. Jones; Andrew J. Marquis; Dongwon Noh,10.1016/j.combustflame.2017.08.019,S0010218017303164,186,Dec,277-298,unknown_fuel,no,https://www.sciencedirect.com/science/article/pii/S0010218017303164,,,False,excluded_no_mechanism_signal,,,,,,,,,,,
Violation of collision limit in recently published reaction models,Dongping Chen; Kun Wang; Hai Wang,10.1016/j.combustflame.2017.08.005,S0010218017303024,186,Dec,208-210,unknown_fuel,no,https://www.sciencedirect.com/science/article/pii/S0010218017303024,,,False,excluded_no_mechanism_signal,,,,,,,,,,,
Large eddy simulation of explosion deflagrating flames using a dynamic wrinkling formulation,Pedro S. Volpiani; Thomas Schmitt; Olivier Vermorel; Pierre Quillatre; Denis Veynante,10.1016/j.combustflame.2017.07.022,S0010218017302675,186,Dec,17-31,unknown_fuel,no,https://www.sciencedirect.com/science/article/pii/S0010218017302675,,,False,excluded_no_mechanism_signal,,,,,,,,,,,
Shock tube study and RRKM calculations on thermal decomposition of 2-chloroethyl methyl ether,Parandaman A.; Rajakumar B.,10.1016/j.combustflame.2017.08.014,S0010218017303115,186,Dec,263-276,unknown_fuel,no,https://www.sciencedirect.com/science/article/pii/S0010218017303115,,,True,excluded_no_mechanism_attachment,,,,,,,,,,,
