THERMO ALL
  300.000  1000.000  5000.000
AR                      AR  1               G     200.0    6000.0  1000.0      1
          2.5E0          0.0E0          0.0E0          0.0E0          0.0E0    2
     -7.45375E2   4.37967491E0          2.5E0          0.0E0          0.0E0    3
          0.0E0          0.0E0     -7.45375E2   4.37967491E0                   4
N2                      N   2               G     200.0    6000.0  1000.0      1
   2.95257637E0   1.3969004E-3 -4.92631603E-7 7.86010195E-11-4.60755204E-15    2
  -9.23948688E2   5.87188762E0   3.53100528E0 -1.23660988E-4 -5.02999433E-7    3
  2.43530612E-9-1.40881235E-12  -1.04697628E3   2.96747038E0                   4
H2                      H   2               G     200.0    6000.0  1000.0      1
   2.93286575E0  8.26608026E-4 -1.46402364E-7 1.54100414E-11  -6.888048E-16    2
  -8.13065581E2  -1.02432865E0   2.34433112E0  7.98052075E-3  -1.9478151E-5    3
  2.01572094E-8-7.37611761E-12  -9.17935173E2  6.83010238E-1                   4
H                       H   1               G     200.0    6000.0  1000.0      1
          2.5E0          0.0E0          0.0E0          0.0E0          0.0E0    2
     2.547366E4  -4.4668285E-1          2.5E0          0.0E0          0.0E0    3
          0.0E0          0.0E0     2.547366E4  -4.4668285E-1                   4
O2                      O   2               G     200.0    6000.0  1000.0      1
   3.66096065E0  6.56365811E-4 -1.41149627E-7 2.05797935E-11-1.29913436E-15    2
  -1.21597718E3   3.41536279E0   3.78245636E0 -2.99673416E-3  9.84730201E-6    3
 -9.68129509E-9 3.24372837E-12  -1.06394356E3   3.65767573E0                   4
O                       O   1               G     200.0    6000.0  1000.0      1
   2.54363697E0 -2.73162486E-5  -4.1902952E-9 4.95481845E-12-4.79553694E-16    2
    2.9226012E4   4.92229457E0    3.1682671E0 -3.27931884E-3  6.64306396E-6    3
 -6.12806624E-9 2.11265971E-12   2.91222592E4   2.05193346E0                   4
H2O                     H   2O   1          G     200.0    6000.0  1000.0      1
    2.6770389E0   2.9731816E-3  -7.7376889E-7  9.4433514E-11 -4.2689991E-15    2
   -2.9885894E4      6.88255E0    4.1986352E0  -2.0364017E-3   6.5203416E-6    3
  -5.4879269E-9   1.771968E-12   -3.0293726E4  -8.4900901E-1                   4
OH                      H   1O   1          G     200.0    6000.0  1000.0      1
   2.83853033E0  1.10741289E-3 -2.94000209E-7 4.20698729E-11 -2.4228989E-15    2
   3.69780808E3   5.84494652E0   3.99198424E0 -2.40106655E-3  4.61664033E-6    3
 -3.87916306E-9 1.36319502E-12   3.36889836E3 -1.03998477E-1                   4
OHV                     H   1O   1          G     300.0    5000.0  1710.0      1
    2.8537604E0  1.02994334E-3 -2.32666477E-7 1.93750704E-11-3.15759847E-16    2
   5.03225473E4   5.76240468E0   3.41896226E0  3.19255801E-4 -3.08292717E-7    3
 3.64407494E-10-1.00195479E-13   5.00756946E4   2.51917016E0                   4
H2O2                    H   2O   2          G     200.0    6000.0  1000.0      1
   4.57977305E0  4.05326003E-3  -1.2984473E-6   1.982114E-10-1.13968792E-14    2
  -1.80071775E4  6.64970694E-1   4.31515149E0 -8.47390622E-4  1.76404323E-5    3
 -2.26762944E-8 9.08950158E-12  -1.77067437E4   3.27373319E0                   4
HO2                     H   1O   2          G     200.0    5000.0  1000.0      1
   4.17228741E0  1.88117627E-3 -3.46277286E-7 1.94657549E-11 1.76256905E-16    2
   3.10206839E1   2.95767672E0   4.30179807E0 -4.74912097E-3  2.11582905E-5    3
 -2.42763914E-8 9.29225225E-12   2.64018485E2    3.7166622E0                   4
HOCO                    C   1H   1O   2     G     200.0    6000.0  1000.0      1
   5.39206152E0  4.11221455E-3   -1.481949E-6  2.3987546E-10-1.43903104E-14    2
  -2.38606717E4  -2.23529091E0   2.92207919E0  7.62453859E-3  3.29884437E-6    3
 -1.07135205E-8 5.11587057E-12  -2.30281524E4   1.12925886E1                   4
CO                      C   1O   1          G     200.0    6000.0  1000.0      1
    3.0484859E0   1.3517281E-3  -4.8579405E-7  7.8853644E-11 -4.6980746E-15    2
   -1.4266117E4    6.0170977E0    3.5795335E0  -6.1035369E-4   1.0168143E-6    3
  9.0700586E-10 -9.0442449E-13   -1.4344086E4    3.5084093E0                   4
CO2                     C   1O   2          G     200.0    6000.0  1000.0      1
    4.6365111E0   2.7414569E-3  -9.9589759E-7  1.6038666E-10 -9.1619857E-15    2
   -4.9024904E4   -1.9348955E0     2.356813E0   8.9841299E-3  -7.1220632E-6    3
   2.4573008E-9 -1.4288548E-13   -4.8371971E4    9.9009035E0                   4
CH3O2H                  C   1H   4O   2     G     200.0    3000.0  1000.0      1
   4.20735213E0   1.5509466E-2 -7.66929578E-6  1.83432162E-9-1.72492118E-13    2
  -1.74303104E4   4.24021387E0   4.65854273E0  3.10653649E-4  4.25717961E-5    3
 -5.64767746E-8 2.26451339E-11  -1.70148766E4   4.93439159E0                   4
CH3O2                   C   1H   3O   2     G     200.0    3000.0  1000.0      1
   3.06355808E0  1.41402571E-2 -7.09719627E-6  1.72124732E-9-1.63773189E-13    2
  -1.24115232E2   1.06316786E1    5.5280458E0  -8.7739067E-3  5.35999599E-5    3
 -6.22370558E-8 2.35470499E-11  -1.16495256E2   1.56491488E0                   4
CH2O2H                  C   1H   3O   2     G     300.0    5000.0  1410.0      1
   9.24697852E0  4.60845541E-3 -1.53501472E-6  2.3443483E-10-1.34573106E-14    2
   4.11529953E3  -2.11503248E1   2.88976454E0  2.09465776E-2 -1.75190772E-5    3
  7.27819787E-9-1.18912344E-12    6.1239062E3   1.23802076E1                   4
CH4                     C   1H   4          G     200.0    6000.0  1000.0      1
   1.65326226E0  1.00263099E-2 -3.31661238E-6 5.36483138E-10-3.14696758E-14    2
  -1.00095936E4   9.90506283E0   5.14911468E0 -1.36622009E-2  4.91453921E-5    3
 -4.84246767E-8 1.66603441E-11  -1.02465983E4  -4.63848842E0                   4
CH3                     C   1H   3          G     200.0    6000.0  1000.0      1
    2.9781206E0    5.797852E-3    -1.97558E-6   3.072979E-10 -1.7917416E-14    2
    1.6509513E4    4.7224799E0    3.6571797E0   2.1265979E-3   5.4583883E-6    3
  -6.6181003E-9  2.4657074E-12    1.6422716E4    1.6735354E0                   4
CH2                     C   1H   2          G     200.0    6000.0  1000.0      1
   3.14631886E0  3.03671259E-3 -9.96474439E-7  1.5048358E-10-8.57335515E-15    2
   4.60412605E4   4.72341711E0   3.71757846E0   1.2739126E-3  2.17347251E-6    3
   -3.488585E-9 1.65208866E-12   4.58723866E4   1.75297945E0                   4
CH2(S)                  C   1H   2          G     200.0    6000.0  1000.0      1
   3.13501686E0  2.89593926E-3  -8.1666809E-7 1.13572697E-10-6.36262835E-15    2
   5.05040504E4   4.06030621E0   4.19331325E0 -2.33105184E-3  8.15676451E-6    3
 -6.62985981E-9 1.93233199E-12   5.03662246E4  -7.4673431E-1                   4
C                       C   1               G     200.0    6000.0  1000.0      1
     2.605583E0  -1.9593434E-4   1.0673722E-7  -1.642394E-11   8.187058E-16    2
    8.5411742E4    4.1923868E0    2.5542395E0  -3.2153772E-4   7.3379223E-7    3
 -7.3223487E-10  2.6652144E-13    8.5442681E4    4.5313085E0                   4
CH                      C   1H   1          G     200.0    6000.0  1000.0      1
    2.5209369E0   1.7653639E-3   -4.614766E-7  5.9289675E-11 -3.3474501E-15    2
    7.0946769E4    7.4051829E0    3.4897583E0    3.243216E-4  -1.6899751E-6    3
    3.162842E-9 -1.4061803E-12    7.0612646E4    2.0842841E0                   4
CHV                     C   1H   1          G     300.0    5000.0  1365.0      1
   2.21342975E0  2.15716841E-3 -5.73074267E-7 6.56809882E-11-2.67729778E-15    2
   1.04415563E5   9.20307557E0   3.50778851E0 -4.60811343E-4  1.32973337E-6    3
-5.15427373E-10 5.83223892E-14     1.039211E5   2.09978249E0                   4
CH3OH                   C   1H   4O   1     G     200.0    6000.0  1000.0      1
   3.52726795E0  1.03178783E-2 -3.62892944E-6 5.77448016E-10-3.42182632E-14    2
  -2.60028834E4   5.16758693E0   5.65851051E0 -1.62983419E-2  6.91938156E-5    3
 -7.58372926E-8  2.8042755E-11  -2.56119736E4 -8.97330508E-1                   4
CH3O                    C   1H   3O   1     G     200.0    6000.0  1000.0      1
   4.75779238E0  7.44142474E-3 -2.69705176E-6 4.38090504E-10-2.63537098E-14    2
    3.7811194E2  -1.96680028E0   3.71180502E0 -2.80463306E-3  3.76550971E-5    3
 -4.73072089E-8  1.8658842E-11    1.2956976E3   6.57240864E0                   4
CH2OH                   C   1H   3O   1     G     200.0    6000.0  1000.0      1
    5.0931437E0   5.9476126E-3  -2.0649746E-6 3.23008173E-10-1.88125902E-14    2
   -4.0340964E3  -1.84691493E0   4.47834367E0  -1.3507031E-3   2.7848498E-5    3
  -3.6486906E-8  1.4790745E-11   -3.5007289E3     3.309135E0                   4
HO2CHO                  C   1H   2O   3     G     300.0    5000.0  1378.0      1
   9.87503878E0  4.64663708E-3 -1.67230522E-6 2.68624413E-10-1.59595232E-14    2
  -3.80502496E4  -2.24939155E1   2.42464726E0   2.1970638E-2 -1.68705546E-5    3
  6.25612194E-9-9.11645843E-13  -3.54828006E4   1.75027796E1                   4
HOCH2O                  C   1H   3O   2     G     300.0    5000.0  1452.0      1
   6.39521515E0  7.43673043E-3 -2.50422354E-6 3.84879712E-10-2.21778689E-14    2
   -2.4110884E4  -6.63865583E0   4.11183145E0  7.53850697E-3   3.7733737E-6    3
 -5.38746005E-9 1.45615887E-12  -2.28023001E4   7.46807254E0                   4
O2CHO                   C   1H   1O   3     G     300.0    5000.0  1368.0      1
   7.24075139E0  4.63312951E-3 -1.63693995E-6 2.59706693E-10-1.52964699E-14    2
  -1.87027618E4  -6.49547212E0   3.96059309E0  1.06002279E-2 -5.25713351E-6    3
  1.01716726E-9-2.87487602E-14  -1.73599383E4   1.17807483E1                   4
HOCHO                   C   1H   2O   2     G     200.0    6000.0  1000.0      1
    4.6138316E0   6.4496364E-3  -2.2908251E-6  3.6716047E-10 -2.1873675E-14    2
    -4.751485E4   8.4788383E-1    3.8983616E0  -3.5587795E-3   3.5520538E-5    3
  -4.3849959E-8  1.7107769E-11   -4.6770609E4    7.3495397E0                   4
OCHO                    C   1H   1O   2     G     200.0    6000.0  1000.0      1
   4.14394211E0  5.59738818E-3 -1.99794019E-6 3.16179193E-10-1.85614483E-14    2
  -1.72459887E4   5.07778617E0   4.68825921E0 -4.14871834E-3   2.5506601E-5    3
   -2.844739E-8 1.04422559E-11  -1.69867041E4    4.2842648E0                   4
CH2O                    C   1H   2O   1     G     200.0    6000.0  1000.0      1
   3.16952665E0   6.1932056E-3 -2.25056366E-6  3.6597566E-10-2.20149458E-14    2
  -1.45486831E4   6.04207898E0   4.79372312E0 -9.90833322E-3   3.7321999E-5    3
 -3.79285237E-8 1.31772641E-11  -1.43791953E4  6.02798058E-1                   4
HCO                     C   1H   1O   1     G     200.0    6000.0  1000.0      1
   3.92001542E0  2.52279324E-3 -6.71004164E-7 1.05615948E-10-7.43798261E-15    2
   3.65342928E3   3.58077056E0    4.2375461E0 -3.32075257E-3  1.40030264E-5    3
 -1.34239995E-8 4.37416208E-12   3.87241185E3   3.30834869E0                   4
HCOH                    C   1H   2O   1     G     300.0    5000.0  1398.0      1
   9.18749272E0  1.52011152E-3 -6.27603516E-7 1.09727989E-10-6.89655128E-15    2
   7.81364593E3  -2.73434214E1  -2.82157421E0  3.57331702E-2  -3.8086158E-5    3
  1.86205951E-8-3.45957838E-12   1.12956672E4   3.48487757E1                   4
C2H5O2H                 C   2H   6O   2     G     200.0    3000.0  1000.0      1
    5.3698936E0  2.37894875E-2 -1.18319887E-5  2.84865959E-9-2.69529099E-13    2
  -2.23247897E4  1.97147446E-1   5.06694698E0  7.53007673E-3   4.8298334E-5    3
 -6.96260265E-8 2.86371917E-11  -2.15982512E4   5.41562645E0                   4
C2H5O2                  C   2H   5O   2     G     200.0    3000.0  1000.0      1
   4.70243558E0  2.19598579E-2 -1.10333734E-5  2.67891041E-9-2.55189141E-13    2
  -5.42484554E3   3.53031116E0   5.41024375E0 -6.93942023E-4  6.35336439E-5    3
 -8.37841039E-8 3.35867996E-11  -4.81407036E3   4.37174436E0                   4
C2H6                    C   2H   6          G     200.0    6000.0  1000.0      1
   4.04666411E0  1.53538802E-2 -5.47039485E-6 8.77826544E-10-5.23167531E-14    2
  -1.24473499E4 -9.68698313E-1   4.29142572E0 -5.50154901E-3  5.99438458E-5    3
 -7.08466469E-8 2.68685836E-11  -1.15222056E4   2.66678994E0                   4
C2H5                    C   2H   5          G     300.0    3500.0   700.0      1
  -1.10489358E0  2.43511913E-2 -1.39613152E-5  3.89870297E-9 -4.1728512E-13    2
   1.35030749E4   3.00146907E1   4.99501831E0  -1.0505448E-2  6.07314834E-5    3
 -6.72372957E-8 2.49884287E-11   1.26490872E4   2.76182763E0                   4
CHOCHO                  C   2H   2O   2     G     300.0    5000.0  1386.0      1
   9.75438561E0  4.97645947E-3 -1.74410483E-6 2.75586994E-10-1.61969892E-14    2
  -2.95832896E4  -2.61878329E1    1.8810512E0  2.36386368E-2 -1.83443295E-5    3
  6.84842963E-9-9.92733674E-13   -2.6928019E4   1.59154793E1                   4
C2H3OO                  C   2H   3O   2     G    298.15    2000.0  1000.0      1
   6.04483828E0  1.45511127E-2 -7.50974622E-6   1.8348828E-9-1.66689681E-13    2
   1.01699244E4  -3.71144913E0   1.09784776E0  2.95333237E-2  -2.2774436E-5    3
  7.20559155E-9-3.07929092E-13   1.13996101E4   2.13563583E1                   4
CHCHO                   C   2H   2O   1     G    298.15    2000.0  1000.0      1
    4.9263291E0  9.71712147E-3  -5.5485598E-6  1.53068537E-9-1.64742462E-13    2
   2.89499494E4  5.27874677E-1   2.33256751E0  1.62952986E-2 -9.72052177E-6    3
 5.15124155E-10 1.03836514E-12   2.96585452E4   1.39904923E1                   4
C2H4                    C   2H   4          G     200.0    3000.0  1000.0      1
   1.60864693E0  1.50609034E-2 -7.03415503E-6  1.60473454E-9-1.45035207E-13    2
   5.03481778E3   1.26522651E1   4.24760731E0 -9.92694869E-3  6.13390131E-5    3
 -7.26431229E-8 2.80785458E-11   5.01597556E3   2.91763124E0                   4
C2H3                    C   2H   3          G     200.0    3000.0  1000.0      1
   2.94703852E0  1.03773732E-2 -4.78133396E-6  1.07695608E-9-9.62134934E-14    2
   3.43648997E4   8.16989635E0   3.14512897E0  2.28305573E-3   2.3792141E-5    3
 -3.37614846E-8 1.40649792E-11    3.4566848E4   8.68163141E0                   4
C2O                     C   2O   1          G     200.0    6000.0  1000.0      1
   5.42468378E0  1.85393945E-3 -5.17932956E-7  6.7764623E-11-3.53315237E-15    2
   4.37161379E4  -3.69608405E0   2.86278214E0  1.19701204E-2 -1.80851222E-5    3
   1.5277773E-8-5.20063163E-12   4.43125964E4   8.89759099E0                   4
C2H2                    C   2H   2          G     200.0    6000.0  1000.0      1
   4.65878489E0  4.88396667E-3 -1.60828888E-6 2.46974544E-10-1.38605959E-14    2
   2.57594042E4  -3.99838194E0  8.08679682E-1  2.33615762E-2 -3.55172234E-5    3
  2.80152958E-8-8.50075165E-12   2.64289808E4   1.39396761E1                   4
C2H                     C   2H   1          G     200.0    6000.0  1000.0      1
   3.66270248E0  3.82492252E-3   -1.366325E-6  2.1345504E-10-1.23216848E-14    2
    6.7168379E4   3.92205792E0   2.89867676E0  1.32988489E-2 -2.80733327E-5    3
  2.89484755E-8-1.07502351E-11    6.7061605E4   6.18547632E0                   4
H2CC                    C   2H   2          G     200.0    6000.0  1000.0      1
     4.278034E0   4.7562804E-3  -1.6301009E-6  2.5462806E-10 -1.4886379E-14    2
    4.8316688E4   6.4023701E-1    3.2815483E0   6.9764791E-3  -2.3855244E-6    3
  -1.2104432E-9  9.8189545E-13    4.8621794E4     5.920391E0                   4
C2                      C   2               G     200.0    6000.0  1000.0      1
   3.25289233E0  1.23190307E-3 -4.50354156E-7 7.49356656E-11-4.57925077E-15    2
   9.83737348E4   3.95859964E0   3.69386038E0 -1.84767427E-3  5.23712984E-6    3
 -3.83965401E-9 8.61135711E-13   9.83822318E4   2.23677006E0                   4
O2C2H4OH                C   2H   5O   3     G     300.0    2500.0   800.0      1
    5.564182E-1   4.1251869E-2  -3.1064687E-5    1.229296E-8 -1.9969071E-12    2
    -2.204739E4    2.4998308E1    5.564182E-1   4.1251869E-2  -3.1064687E-5    3
    1.229296E-8 -1.9969071E-12    -2.204739E4    2.4998308E1                   4
C2H4O2H                 C   2H   5O   2     G     200.0    3000.0  1000.0      1
   6.78041359E0  1.83275444E-2 -8.91431995E-6  2.10717647E-9 -1.9640965E-13    2
   3.29131978E3  -4.72895313E0   7.21049238E0 -8.05223553E-4  5.64608626E-5    3
 -7.53070591E-8 3.05453325E-11    3.8411079E3  -3.13534586E0                   4
C2H4O1-2                C   2H   4O   1     G     200.0    6000.0  1000.0      1
    5.4887641E0    1.204619E-2  -4.3336931E-6  7.0028311E-10 -4.1949088E-14    2
   -9.1804251E3   -7.0799605E0    3.7590532E0   -9.441218E-3   8.0309721E-5    3
  -1.0080788E-7  4.0039921E-11   -7.5608143E3    7.8497475E0                   4
C2H3O1-2                C   2H   3O   1     G     200.0    6000.0  1000.0      1
   5.60158035E0  9.17613962E-3 -3.28028902E-6 5.27903888E-10-3.15362241E-14    2
   1.71446252E4  -5.47228512E0   3.58349017E0 -6.02275805E-3  6.32426867E-5    3
 -8.18540707E-8 3.30444505E-11   1.85681353E4   9.59725926E0                   4
C2H5OH                  C   2H   6O   1     G     300.0    5000.0  1402.0      1
   8.14483865E0  1.28314052E-2 -4.29052743E-6 6.55971721E-10-3.76506611E-14    2
  -3.24005526E4  -1.86241126E1  2.15805861E-1  2.95228396E-2 -1.68271048E-5    3
  4.49484797E-9-4.02451543E-13  -2.94851823E4   2.45725052E1                   4
C2H5O                   C   2H   5O   1     G     300.0    5000.0  1467.0      1
   8.19120635E0  1.10391986E-2 -3.75270536E-6 5.80275784E-10-3.35735146E-14    2
  -5.66847208E3  -1.90131344E1   2.90353584E0  1.77256708E-2 -2.69624757E-6    3
 -3.45830533E-9 1.25224784E-12   -3.2893029E3   1.13545591E1                   4
PC2H4OH                 C   2H   5O   1     G     200.0    6000.0  1000.0      1
   7.01348674E0  1.20204391E-2 -4.21992012E-6 6.70675981E-10-3.97135273E-14    2
  -6.16161779E3  -8.62052409E0   4.20954137E0  9.12964578E-3  2.47462263E-5    3
 -3.92945764E-8 1.66541312E-11  -4.91511371E3   8.30445413E0                   4
SC2H4OH                 C   2H   5O   1     G     300.0    5000.0  1385.0      1
   8.15007136E0  1.02549305E-2 -3.40137764E-6 5.17509965E-10-2.96128942E-14    2
  -1.05014386E4  -1.73134615E1   1.46281093E0  2.39193995E-2 -1.30667185E-5    3
  3.10615465E-9-1.85896007E-13  -8.00790323E3   1.92547092E1                   4
O2CH2CHO                C   2H   3O   3     G     300.0    5000.0  1393.0      1
   1.11807543E1  9.14479256E-3 -3.15089833E-6 4.91944238E-10 -2.8663918E-14    2
  -1.55790331E4   -2.8789274E1  -1.29465843E0  4.44936393E-2 -4.26577074E-5    3
   2.0739195E-8-3.96828771E-12  -1.18275628E4   3.60778797E1                   4
HO2CH2CO                C   2H   3O   3     G     300.0    5000.0  1386.0      1
   1.04146322E1  1.12680116E-2 -5.17494839E-6  1.00333285E-9-6.68165911E-14    2
  -1.40955672E4    -2.278944E1   2.22681686E0   3.5678138E-2 -3.26401909E-5    3
  1.47651988E-8 -2.6479438E-12  -1.18735095E4   1.91581197E1                   4
CH2CO2                  C   2H   2O   2     G     300.0    5000.0  1000.0      1
   7.65364625E0  8.11459788E-3 -3.27402215E-6  6.0472528E-10-4.19318185E-14    2
  -2.47039852E3  -1.29488037E1   1.58410663E0  2.55753337E-2 -1.92389918E-5    3
  4.43061572E-9 7.05951245E-13  -9.15619463E2   1.80375721E1                   4
CH3CHOHOJ               C   2H   5O   2     G     300.0    5000.0  1475.0      1
   1.17676393E1  1.08162215E-2 -3.83103211E-6 6.08854274E-10-3.59050266E-14    2
  -3.02788234E4  -3.48553283E1   6.81886048E0  1.12137609E-2  9.27132951E-6    3
 -1.14593687E-8 3.04523365E-12  -2.74487304E4  -4.32313391E0                   4
CH3CHO                  C   2H   4O   1     G     200.0    6000.0  1000.0      1
    5.4041108E0   1.1723059E-2  -4.2263137E-6  6.8372451E-10 -4.0984863E-14    2
   -2.2593122E4   -3.4807917E0    4.7294595E0  -3.1932858E-3   4.7534921E-5    3
  -5.7458611E-8  2.1931112E-11   -2.1572878E4    4.1030159E0                   4
CH3CO                   C   2H   3O   1     G     200.0    6000.0  1000.0      1
    5.3137165E0   9.1737793E-3  -3.3220386E-6  5.3947456E-10 -3.2452368E-14    2
   -3.6450414E3   -1.6757558E0    4.0358705E0   8.7729487E-4    3.071001E-5    3
  -3.9247565E-8  1.5296869E-11   -2.6820738E3    7.8617682E0                   4
CH2CHO                  C   2H   3O   1     G     298.0    3000.0  1000.0      1
    3.6302633E0  1.41239404E-2 -7.16478146E-6  1.76263004E-9-1.70391996E-13    2
   4.29875072E2   6.20577997E0  9.86311004E-1  2.24920216E-2 -1.64812936E-5    3
  5.86617239E-9-6.81551147E-13   1.07163704E3   1.95196726E1                   4
C2H3OH                  C   2H   4O   1     G     300.0    5000.0  1410.0      1
   8.32598158E0  8.03387281E-3 -2.63928405E-6 3.98410726E-10-2.26551155E-14    2
  -1.83221436E4  -2.02080305E1  -1.2797226E-1  3.38506073E-2 -3.30644935E-5    3
  1.64858739E-8-3.19935455E-12  -1.59914544E4   2.30438601E1                   4
C2H2OH                  C   2H   3O   1     G     300.0    5000.0  1401.0      1
   8.20268447E0  5.92989165E-3 -1.99194448E-6 3.05794341E-10-1.76114732E-14    2
   1.24881328E4  -1.89670436E1  6.41642616E-1  2.61903633E-2  -2.3038537E-5    3
  1.02804704E-8-1.81971416E-12   1.48276951E4   2.06750999E1                   4
SC2H2OH                 C   2H   3O   1     G     300.0    5000.0  1410.0      1
   7.99235139E0  5.83109353E-3 -1.89242965E-6 2.83129118E-10-1.59933287E-14    2
   9.51237374E3  -1.62058375E1   1.63791895E0  2.64968839E-2 -2.74821415E-5    3
  1.43110557E-8-2.85794966E-12   1.11467016E4   1.58714777E1                   4
CH2CO                   C   2H   2O   1     G     300.0    5000.0  1387.0      1
    6.3646703E0  5.45786699E-3 -1.84268576E-6 2.83411786E-10-1.63298616E-14    2
  -8.24720912E3  -9.42955479E0   4.99492822E0  7.27504908E-3 -2.16744674E-6    3
-9.25637041E-11  1.1264695E-13  -7.59099666E3  -1.51259007E0                   4
HCCO                    C   2H   1O   1     G     200.0    6000.0  1000.0      1
   5.91479333E0   3.7140873E-3  -1.3013701E-6 2.06473345E-10-1.21476759E-14    2
   1.93596301E4  -5.50567269E0   1.87607969E0  2.21205418E-2 -3.58869325E-5    3
  3.05402541E-8-1.01281069E-11    2.0163384E4    1.3696829E1                   4
HCCOH                   C   2H   2O   1     G     200.0    6000.0  1000.0      1
   6.37509678E0  5.49429011E-3 -1.88136576E-6 2.93803536E-10-1.71771901E-14    2
   8.93277676E3  -8.24498007E0   2.05541154E0  2.52003372E-2 -3.80821654E-5    3
  3.09890632E-8-9.89799902E-12   9.76872113E3   1.22271534E1                   4
CH2COOH                 C   2H   3O   2     G     100.0    5000.0  1058.0      1
    7.9836337E0  1.18141983E-2 -5.27086059E-6    1.043317E-9-7.61676344E-14    2
  -3.15520596E4   -1.6085263E1   2.92688293E0  1.79294703E-2   4.4942781E-6    3
 -1.67263265E-8 6.86762832E-12  -2.97543074E4   1.20349895E1                   4
CH3CCO                  C   3H   3O   1     G     100.0    5000.0  450.61      1
   4.07733162E0  1.56711833E-2 -6.97158858E-6  1.31787764E-9-9.17660519E-14    2
   1.95006394E4   7.83646777E0   3.34387132E0  1.74325291E-2  2.97569379E-6    3
 -3.67906168E-8 3.40290463E-11   1.96149582E4   1.13253443E1                   4
CH3COH                  C   2H   4O   1     G     100.0    5000.0 1002.18      1
   7.92846957E0   8.1587547E-3 -2.91410601E-6 5.15186396E-10-3.55331439E-14    2
   2.33088834E4  -1.53492432E1   2.84111291E0  2.24591992E-2 -1.53305901E-5    3
   2.7961625E-9 8.86886968E-13   2.46301178E4   1.07098389E1                   4
CH3CO3H                 C   2H   4O   3     G     300.0    5000.0  1391.0      1
   1.25060485E1  9.47789695E-3 -3.30402246E-6 5.19630793E-10-3.04233568E-14    2
  -4.59856703E4  -3.79195947E1   2.24135876E0  3.37963514E-2 -2.53887482E-5    3
  9.67583587E-9-1.49266157E-12  -4.24677831E4   1.70668133E1                   4
CH3CO3                  C   2H   3O   3     G     300.0    5000.0  1391.0      1
   1.12522498E1  8.33652672E-3  -2.8901453E-6 4.52781734E-10-2.64354456E-14    2
  -2.60238584E4  -2.96370457E1   3.60373432E0  2.70080341E-2 -2.08293438E-5    3
  8.50541104E-9 -1.4384611E-12  -2.34205171E4   1.12014914E1                   4
CH3CO2                  C   2H   3O   2     G     300.0    5000.0  1395.0      1
   8.54059736E0  8.32951214E-3  -2.8472201E-6 4.41927196E-10-2.56373394E-14    2
  -2.97290678E4  -2.03883545E1   1.37440768E0  2.49115604E-2 -1.74308894E-5    3
  6.24799508E-9-9.09516835E-13   -2.7233015E4   1.81405454E1                   4
CH3CCHO                 C   3H   4O   1     G     100.0    5000.0   936.0      1
   1.05962069E1  7.73832919E-3 -1.89913832E-6 3.08803446E-10-2.31638998E-14    2
   1.89349404E4  -2.87420455E1   2.65781507E0  2.15986318E-2  8.04306562E-6    3
 -2.96741688E-8 1.41019327E-11   2.12999358E4   1.37261686E1                   4
!CH3CCHO                 C   3H   4O   1     G    100.00   5000.00  883.64      1
! 2.98584084E+00 2.37247777E-02-1.24837190E-05 2.42903257E-09-1.68049827E-13    2
! 2.97296039E+04 1.32146618E+01 2.68347107E+00 2.93743982E-02-2.93408969E-05    3
! 2.06294433E-08-6.86839802E-12 2.96159099E+04 1.36903236E+01                   4
CH2CCO                  C   3H   2O   1     G    298.15    2000.0  1000.0      1
   4.40003435E0  1.25785246E-2 -5.91887918E-6  1.27758857E-9-9.45874595E-14    2
   1.33314103E4   4.29517065E0   3.60551892E0  1.45152309E-2 -6.96190546E-6    3
 7.31583992E-10 3.52252542E-13   1.35523812E4   8.43858717E0                   4
NC3H7O2H                C   3H   8O   2     G     200.0    3000.0  1000.0      1
   5.70339505E0  3.28158196E-2 -1.62801919E-5  3.91404915E-9-3.70006532E-13    2
  -2.51228391E4   1.45914358E0   6.73138747E0  7.17215968E-3  6.55879836E-5    3
 -8.95268374E-8  3.5818372E-11  -2.44958475E4   1.16746323E0                   4
NC3H7O2                 C   3H   7O   2     G     200.0    3000.0  1000.0      1
   4.91998559E0  3.15132726E-2 -1.58821725E-5  3.86554476E-9-3.68943114E-13    2
  -8.25948108E3   4.98449512E0   5.47042383E0  8.03725792E-3  6.23369337E-5    3
 -8.69404455E-8 3.51435174E-11   -7.5459419E3   6.93921239E0                   4
C3H6OOH1-2              C   3H   7O   2     G     200.0    3000.0  1000.0      1
    6.5069906E0  2.85213018E-2 -1.41417909E-5  3.39938293E-9-3.21373645E-13    2
  -1.45012873E3 -1.87717582E-1   6.34979532E0  8.11708872E-3   5.9405573E-5    3
 -8.44703358E-8 3.45623896E-11  -6.15937814E2   5.09764555E0                   4
C3H6OOH1-3              C   3H   7O   2     G     200.0    3000.0  1000.0      1
    7.2312653E0   2.7742981E-2 -1.37595857E-5  3.30768532E-9 -3.1271468E-13    2
  -4.43242263E2  -5.41152147E0   5.50078943E0  1.50499925E-2  4.54145213E-5    3
 -7.25615652E-8 3.08058933E-11   6.52616591E2    7.1582156E0                   4
C3H6OOH2-1              C   3H   7O   2     G     200.0    3000.0  1000.0      1
   8.51331015E0  2.56658986E-2 -1.24736987E-5  2.94899846E-9-2.75019865E-13    2
  -2.00090673E3  -1.31841385E1   7.62269432E0  1.11030055E-2  4.70014253E-5    3
 -7.11121549E-8 2.97645184E-11  -1.14650501E3  -5.02948467E0                   4
C3H6OOH1-3O2            C   3H   7O   4     G     200.0    3000.0  1000.0      1
    1.2607889E1  2.93092235E-2  -1.5084075E-5  3.73118698E-9-3.60788937E-13    2
  -1.96011992E4     -3.08301E1   7.24781475E0  3.28928441E-2  1.30495909E-5    3
 -4.36381462E-8  2.0651332E-11  -1.77709148E4  -9.1772504E-1                   4
C3KET12                 C   3H   6O   3     G     200.0    3000.0  1000.0      1
   9.32342424E0   2.6207395E-2 -1.33353001E-5  3.27346318E-9-3.14797458E-13    2
  -3.58698068E4  -1.60526738E1   4.41631201E0  3.07003361E-2  9.88578816E-6    3
 -3.89641249E-8 1.91158735E-11  -3.42762651E4   1.09624997E1                   4
C3KET13                 C   3H   6O   3     G     200.0    3000.0  1000.0      1
   8.58106638E0  2.73143185E-2 -1.39521051E-5  3.42955156E-9-3.29871443E-13    2
  -3.47726042E4  -1.11674324E1   7.59820874E0  2.30624183E-2   6.9084067E-6    3
 -2.23357702E-8 9.80969635E-12  -3.42038835E4  -4.50289938E0                   4
C3H6O1-2                C   3H   6O   1     G     200.0    6000.0  1000.0      1
   8.01491079E0  1.73919953E-2 -6.26027968E-6  1.01188256E-9-6.06239111E-14    2
  -1.51980838E4  -1.88279964E1   3.42806676E0  6.25176642E-3  6.13196311E-5    3
 -8.60387185E-8 3.51371393E-11  -1.28446646E4   1.04244994E1                   4
C3H6O1-3                C   3H   6O   1     G     200.0    6000.0  1000.0      1
   6.80716906E0  1.88824545E-2 -6.79082475E-6  1.09713919E-9-6.57154952E-14    2
  -1.36547629E4  -1.35382154E1   5.15283752E0 -1.86401716E-2  1.29980652E-4    3
 -1.58629974E-7 6.20668783E-11  -1.13243512E4   4.73561224E0                   4
SC3H5OO                 C   3H   5O   2     G     300.0    5000.0  1391.0      1
    1.3124657E1  1.17719171E-2 -4.06154905E-6  6.3436506E-10-3.69622374E-14    2
    3.1978525E3   -4.0625695E1   2.37869252E0  3.63937952E-2 -2.54689963E-5    3
  9.05375431E-9-1.30368839E-12   6.97002244E3   1.72448228E1                   4
TC3H5OO                 C   3H   5O   2     G     300.0    5000.0  1427.0      1
    1.1247595E1  1.18958685E-2 -3.79310732E-6 5.61099631E-10-3.14584401E-14    2
   1.36735441E3  -2.91220162E1   2.60844589E0  3.34570194E-2 -2.41496366E-5    3
   9.1633332E-9-1.39948285E-12   4.16164345E3    1.6671437E1                   4
CH3COCHO                C   3H   4O   2     G     300.0    5000.0  1381.0      1
    1.1437119E1  1.06773624E-2 -3.68967757E-6 5.77006752E-10-3.36532201E-14    2
  -3.78079398E4  -3.25054087E1   2.08731049E0  3.09032484E-2 -1.98794164E-5    3
  6.26174519E-9-7.69945504E-13  -3.43989451E4   1.82839639E1                   4
CH2CHOCHO               C   3H   4O   2     G     100.0    5000.0  833.56      1
   7.40521033E0  1.65570221E-2 -6.58007383E-6  1.24982151E-9-9.06572059E-14    2
  -3.48859419E4  -1.12708869E1   2.57245381E0  1.18819753E-2  5.19781973E-5    3
 -8.56898226E-8 3.80126901E-11  -3.31121756E4   1.69715365E1                   4
OCHCH2CH2O              C   3H   5O   2     G     298.0    6000.0  1000.0      1
   1.08162478E1  1.42673665E-2 -5.07333766E-6 8.11888154E-10-4.82713892E-14    2
  -1.75002033E4  -2.65683503E1 -5.00838068E-1  5.19868081E-2 -6.76895492E-5    3
  5.81287856E-8-2.11513136E-11  -1.42793836E4   3.13661013E1                   4
CH2CHOCO                C   3H   3O   2     G     100.0    5000.0  965.05      1
   1.31387981E1  6.74642536E-3 -2.14128875E-6 3.99152269E-10 -3.0580403E-14    2
  -1.46339038E4  -4.25616482E1   2.06242074E0  3.51363582E-2 -1.90366415E-5    3
 -6.74125163E-9 6.69243374E-12  -1.16802033E4   1.47083881E1                   4
C3H8                    C   3H   8          G     200.0    3000.0  1000.0      1
   1.40021346E0  3.18420793E-2  -1.5679464E-5  3.74038679E-9-3.50970704E-13    2
  -1.45995041E4   1.53772904E1   4.40544497E0  1.49882943E-3  6.81726683E-5    3
 -8.73518733E-8 3.42271755E-11  -1.45263856E4   4.75462035E0                   4
IC3H7                   C   3H   7          G     200.0    3000.0  1000.0      1
   1.28792104E0  2.88132087E-2 -1.42628492E-5  3.41663382E-9-3.21641287E-13    2
   8.77362364E3    1.9027698E1   6.26934547E0  -1.2046104E-2  9.04149102E-5    3
  -1.0586145E-7 4.01565711E-11    8.5531475E3 -5.55855157E-1                   4
NC3H7                   C   3H   7          G     200.0    3000.0  1000.0      1
   2.48159455E0  2.69835428E-2 -1.31599688E-5  3.11464891E-9-2.90368978E-13    2
   1.01221292E4   1.22920896E1   4.17115101E0  3.51564655E-3  5.75322599E-5    3
 -7.69319478E-8 3.08423388E-11   1.03875523E4   7.64185086E0                   4
CH3CHCHO                C   3H   5O   1     G     300.0    5000.0  1424.0      1
   1.06781476E1  1.12805711E-2 -3.89010759E-6 6.07617268E-10-3.54120848E-14    2
  -7.73234209E3  -3.24971238E1   1.47166733E0  2.69251618E-2 -1.00248013E-5    3
 -1.13421435E-9 1.03416658E-12  -4.04142023E3   1.88722472E1                   4
CH3CHCO                 C   3H   4O   1     G     300.0    5000.0  1400.0      1
   1.00219123E1    9.569663E-3 -3.26221644E-6 5.05231706E-10-2.92593257E-14    2
  -1.42482738E4  -2.77829973E1   1.48380119E0  3.22203013E-2 -2.70250033E-5    3
  1.20499164E-8-2.18365931E-12   -1.1527654E4   1.71552068E1                   4
C3H5O                   C   3H   5O   1     G     300.0    5000.0  1402.0      1
   1.02638186E1  1.17609932E-2 -3.89837957E-6 5.92650815E-10-3.38867417E-14    2
   7.25938472E3  -2.75108651E1  8.24068673E-1  3.46749909E-2 -2.51786795E-5    3
  9.56781953E-9-1.48085302E-12   1.04203725E4    2.2828307E1                   4
CH2CHOCH2               C   3H   5O   1     G     298.0    3000.0  1000.0      1
   5.97771354E0  2.02657041E-2 -1.01668826E-5  2.48262015E-9-2.38848507E-13    2
   8.26182922E3  -3.59465019E0  8.65182879E-1  3.69123607E-2 -2.91776933E-5    3
  1.10126628E-8-1.29220645E-12   9.46612939E3   2.20002011E1                   4
AC4H7OOH                C   4H   8O   2     G     300.0    5000.0  1395.0      1
   1.47661443E1  2.12235231E-2  -7.0940339E-6  1.08423759E-9-6.22145708E-14    2
  -1.35617411E4  -4.77449138E1   1.33470633E0   5.2783144E-2  -3.5886136E-5    3
  1.32495013E-8-2.06619289E-12  -8.87891782E3   2.43857336E1                   4
AC3H5OOH                C   3H   6O   2     G     298.0    6000.0  1000.0      1
   1.20838649E1  1.47946591E-2 -5.13212591E-6 8.07504999E-10-4.74394983E-14    2
  -1.02184463E4  -3.36434791E1   3.18124993E0  4.35233041E-2 -5.16277353E-5    3
  4.32011427E-8-1.57714983E-11  -7.63521503E3   1.21725683E1                   4
C3H6                    C   3H   6          G     200.0    3000.0  1000.0      1
   1.92108263E0  2.43339459E-2 -1.16770827E-5   2.7294451E-9-2.52017823E-13    2
   6.57712123E2   1.38966351E1   4.31009158E0 -1.07031844E-3  5.93972302E-5    3
 -7.47111922E-8 2.91295619E-11   7.63241094E2   5.72920478E0                   4
C3H5-A                  C   3H   5          G     200.0    3000.0  1000.0      1
   3.84791212E0  1.92587171E-2 -9.13273431E-6  2.11591054E-9-1.94087489E-13    2
   1.77129152E4   2.99184164E0   1.78802281E0  1.47355886E-2  2.49636779E-5    3
 -4.61392059E-8 2.05476345E-11   1.85843327E4   1.55955836E1                   4
C3H5-S                  C   3H   5          G     200.0    3000.0  1000.0      1
   2.96456222E0  2.00542186E-2 -9.69055932E-6  2.28759935E-9-2.13799962E-13    2
   3.02834725E4    9.8333426E0   3.82115034E0  5.68402338E-3  3.50202069E-5    3
  -4.8904445E-8 1.97810852E-11   3.05074273E4   7.99634709E0                   4
C3H5-T                  C   3H   5          G     200.0    3000.0  1000.0      1
   2.64305773E0  2.04953214E-2 -9.90039262E-6  2.32606764E-9-2.15631121E-13    2
   2.85305626E4   1.18330025E1   4.87989018E0 -1.62832401E-3  5.08381392E-5    3
 -6.33941027E-8 2.46528204E-11   2.85657279E4   3.82550151E0                   4
CC3H6                   C   3H   6          G     200.0    6000.0  1000.0      1
   6.21663437E0  1.65393591E-2 -5.90075838E-6 9.48095199E-10-5.65661522E-14    2
   2.95937491E3  -1.36041009E1   2.83278674E0 -5.21028618E-3   9.2958321E-5    3
 -1.22753194E-7 4.99191366E-11   5.19520048E3   1.08306333E1                   4
CC3H5                   C   3H   5          G     298.0    3000.0  1000.0      1
    2.9997496E0  2.13475726E-2  -1.0699075E-5  2.60932417E-9-2.50699404E-13    2
   3.31868952E4   7.36829306E0  -2.66197201E0  4.09354947E-2 -3.51846762E-5    3
  1.54618244E-8-2.54379883E-12   3.44620177E4   3.54220671E1                   4
SC3H4OH                 C   3H   5O   1     G     300.0    5000.0  1409.0      1
   9.47410666E0  1.30017461E-2 -5.98809406E-6  1.20693652E-9-8.36051867E-14    2
  -7.27956379E3   -2.4656701E1   2.44954369E0  3.28038175E-2 -2.74206705E-5    3
  1.16743989E-8    -2.0137E-12  -5.22438373E3   1.17912854E1                   4
C3H3O                   C   3H   3O   1     G     100.0    5000.0 1149.86      1
   6.82982476E0  1.21550955E-2 -5.01834477E-6 9.27996889E-10-6.42469482E-14    2
   1.97626136E4  -7.94216328E0    2.9430262E0  1.99368612E-2 -7.68290364E-6    3
 -1.86785397E-9 1.48736942E-12   2.10358789E4   1.30019586E1                   4
C2HCHO                  C   3H   2O   1     G     300.0    5000.0  2012.0      1
   7.99952054E0  7.07825497E-3 -2.63086819E-6 4.33073185E-10-2.62003284E-14    2
   8.71863156E3  -1.57226237E1   4.20776611E0  1.34382727E-2 -5.15442099E-6    3
-2.24570818E-11 2.74111284E-13   1.02117375E4   5.43871873E0                   4
CH2CHCH2OO              C   3H   5O   2     G     100.0    5000.0 1155.35      1
   5.58060891E0  2.31419381E-2 -1.00897341E-5   1.8929106E-9-1.31328362E-13    2
   8.55393412E3   2.61219293E0   2.56675611E0  3.35761853E-2 -2.36363706E-5    3
  9.70953623E-9-1.82269755E-12   9.25035685E3   1.75875518E1                   4
C3H4-P                  C   3H   4          G     200.0    6000.0  1000.0      1
      6.02524E0   1.1336542E-2  -4.0223391E-6  6.4376063E-10 -3.8299635E-14    2
   1.96286897E4  -8.59600927E0   1.88762824E0  2.25076683E-2 -1.71221335E-5    3
  9.88041746E-9-3.20867665E-12   2.08722476E4   1.30780797E1                   4
C3H4-A                  C   3H   4          G     200.0    3000.0  1000.0      1
   3.64971826E0  1.64691409E-2 -7.87384895E-6   1.8349251E-9-1.69011475E-13    2
    2.0877603E4   3.83085451E0   2.69751251E0  1.06292969E-2  2.19212936E-5    3
 -3.79372292E-8   1.660005E-11   2.14072429E4   1.04158509E1                   4
C3H3                    C   3H   3          G     200.0    6000.0  1000.0      1
   7.14221719E0  7.61902211E-3  -2.6746003E-6 4.24914904E-10-2.51475443E-14    2
   3.95710114E4  -1.25848129E1   1.34577946E0  3.27862233E-2 -4.75146967E-5    3
  3.77892551E-8-1.19201548E-11   4.07684638E4   1.52273792E1                   4
CC3H4                   C   3H   4          G     300.0    5000.0  1000.0      1
    6.6999931E0   1.0357372E-2  -3.4551167E-6  5.0652949E-10 -2.6682276E-14    2
    3.0199051E4    -1.337877E1  -2.4621047E-2   2.3197215E-2  -1.8474357E-6    3
  -1.5927593E-8  8.6846155E-12    3.2334137E4    2.2729762E1                   4
C3H2                    C   3H   2          G     298.0    3000.0  1000.0      1
   7.06992917E0   5.3930816E-3 -2.17231495E-6 4.25227595E-10-3.28500977E-14    2
    6.3437888E4  -9.64827316E0   6.45665171E0  8.89254866E-3 -8.95504077E-6    3
  5.94559895E-9-1.65668523E-12   6.35070148E4  -6.95417172E0                   4
H2CCC(S)                C   3H   2          G     298.0    3000.0  1000.0      1
   3.75675072E0  1.05198161E-2  -5.3118251E-6  1.30033932E-9 -1.2511389E-13    2
   6.49793615E4   5.13544552E0   3.65239437E0  9.12393407E-3  -2.7017186E-7    3
 -4.17863788E-9 1.81244845E-12   6.50833396E4   6.07330419E0                   4
C3H2(S)                 C   3H   2          G     200.0    6000.0  1000.0      1
   5.58092176E0  7.88374719E-3 -3.74325522E-6 8.68600548E-10-7.98340783E-14    2
    6.9846369E4    -4.217711E0   3.12747067E0  1.86432946E-2 -2.18682413E-5    3
  1.46536901E-8-4.04603382E-12    7.0308676E4   7.42959447E0                   4
C3H2C                   C   3H   2          G     200.0    5000.0  1500.0      1
     6.563268E0   5.2363256E-3   -1.754483E-6  2.6866106E-10 -1.5428509E-14    2
    5.6514618E4   -1.2000607E1    1.1295888E0   1.7287401E-2  -1.1366823E-5    3
   3.4569296E-9 -3.6615951E-13     5.841908E4    1.7331448E1                   4
TQC3H5OHI               C   3H   7O   3     G     300.0    5000.0  1526.0      1
   1.55469726E1  1.61841763E-2 -5.60787877E-6 8.78452695E-10 -5.1290404E-14    2
   -2.6316491E4  -4.81509679E1   5.58028765E0  3.00649782E-2  -6.3851991E-6    3
 -4.74322634E-9 1.89822226E-12  -2.19537872E4   8.64790031E0                   4
C3H4OH1KT2-3            C   3H   6O   4     G     100.0    5000.0 1031.36      1
   1.21668112E1  2.57987855E-2  -1.2073683E-5  2.34951487E-9-1.66874108E-13    2
  -5.65412046E4  -2.91489744E1  9.56415197E-1  6.92767922E-2 -7.53075242E-5    3
  4.32235003E-8-1.00746386E-11  -5.42288083E4   2.52808909E1                   4
CHOCOHCH3               C   3H   6O   2     G     300.0    5000.0  1379.0      1
   1.36133542E1  1.38716512E-2 -4.87445259E-6 7.70639716E-10-4.52818606E-14    2
  -4.85836793E4  -4.37863752E1  9.59562607E-1  4.04355781E-2 -2.52333819E-5    3
  7.47748757E-9-8.33450351E-13  -4.38727633E4   2.52653125E1                   4
HO2CH2CHO               C   2H   4O   3     G     300.0    5000.0  1391.0      1
   1.51554685E1      7.5724E-3 -2.72693024E-6 4.38217189E-10-2.60434287E-14    2
   -3.4141968E4  -5.01255068E1  -1.32768631E0  5.21618601E-2 -4.97327645E-5    3
  2.31272366E-8-4.20787867E-12  -2.90608844E4   3.61860491E1                   4
CJCYCCO                 C   3H   5O   1     G     100.0    5000.0  953.43      1
   1.00996414E1  1.11440584E-2 -3.42659252E-6 6.29351335E-10-4.78414922E-14    2
   8.77655527E3  -2.74707859E1   2.82495917E0  1.53719247E-2   3.1286598E-5    3
 -5.25667055E-8 2.14848636E-11    1.1358749E4   1.35453549E1                   4
CCYCCJO                 C   3H   5O   1     G     100.0    5000.0  845.09      1
   1.22079143E1  4.33359971E-3  3.34775776E-6-9.86782049E-10 7.70139818E-14    2
   6.96595582E3  -3.93809096E1   2.72129761E0  1.71937247E-2  3.73948061E-5    3
 -7.27109186E-8 3.45672307E-11   9.71355875E3    1.1559461E1                   4
CH3OCHCH2               C   3H   6O   1     G     100.0    5000.0 1199.81      1
   5.93521292E0  2.12292298E-2 -9.05068398E-6   1.6904445E-9-1.17054051E-13    2
  -1.62589485E4  -4.06563544E0   2.83097346E0  2.16009857E-2  2.95817087E-6    3
  -1.1913066E-8 4.16161471E-12  -1.47959054E4   1.44687385E1                   4
C3H6OH1-1               C   3H   7O   1     G     300.0    5000.0  1388.0      1
   1.14795375E1  1.45881429E-2  -4.8835938E-6 7.47606975E-10 -4.2960836E-14    2
  -1.46832088E4  -3.36825807E1   1.13614529E0  3.68850655E-2 -2.24073579E-5    3
  6.62398992E-9-7.32206246E-13  -1.09273174E4   2.24919343E1                   4
NC3H7O                  C   3H   7O   1     G     298.0    3000.0  1000.0      1
   3.71165592E0  2.98888018E-2 -1.50650214E-5  3.68054175E-9-3.53437601E-13    2
  -6.55169654E3   8.27016784E0   1.28341389E0  3.57266194E-2  -1.7696995E-5    3
  1.14202428E-9 1.40747781E-12  -5.88259252E3   2.09279823E1                   4
C3H5OH                  C   3H   6O   1     G     200.0    6000.0  1000.0      1
   8.72477114E0  1.63942712E-2 -5.90852993E-6 9.53262253E-10 -5.7031801E-14    2
  -1.90496618E4  -1.97198674E1   3.15011905E0  1.28538274E-2  4.28438434E-5    3
 -6.67818707E-8 2.80408237E-11  -1.66413668E4   1.35066359E1                   4
SC3H5OH                 C   3H   6O   1     G     298.0    3000.0  1000.0      1
   5.15026206E0  2.35923425E-2 -1.14263883E-5  2.70815158E-9-2.54145326E-13    2
  -2.06936916E4 -5.56559884E-1   2.73013612E0  3.03161502E-2 -1.65712529E-5    3
  2.50557776E-9 7.89611311E-13  -2.00786225E4   1.18162879E1                   4
CH2CCH2OH               C   3H   5O   1     G     300.0    5000.0  1375.0      1
   1.01414209E1  1.59074468E-2 -6.34171017E-6  1.07996859E-9-6.65243008E-14    2
   7.22325576E3  -2.88721491E1    6.3752653E0  1.12160109E-2  1.15640392E-5    3
 -1.20842737E-8 2.89498528E-12   1.01732852E4  -3.37208172E0                   4
C3H6OH2-1               C   3H   7O   1     G     298.0    3000.0  1000.0      1
   6.11414519E0   2.4212332E-2 -1.12344701E-5  2.55293277E-9-2.30128197E-13    2
  -1.06549215E4  -2.82887333E0   2.73544355E0  3.56240446E-2 -2.51973981E-5    3
  9.75845743E-9-1.50573587E-12   -9.8740265E3   1.39971825E1                   4
IC3H5OH                 C   3H   6O   1     G     300.0    5000.0  1374.0      1
   1.07381025E1  1.31698194E-2 -4.41529622E-6 6.77009837E-10-3.89608901E-14    2
  -2.47298321E4   -3.1363405E1   1.58376391E0  3.16215366E-2 -1.73664942E-5    3
  4.18927663E-9 -2.7989962E-13  -2.12643496E4   1.88313766E1                   4
CH3COCH2O2              C   3H   5O   3     G     300.0    5000.0  1397.0      1
   1.65756401E1  1.06465489E-2 -3.61368681E-6 5.59053564E-10-3.23832271E-14    2
  -2.42541401E4  -5.45304899E1   1.19378141E0  4.98027161E-2 -4.17999508E-5    3
  1.74527607E-8-2.88198761E-12  -1.93244224E4   2.67877493E1                   4
CH3COCH2O               C   3H   5O   2     G     300.0    5000.0  2002.0      1
   9.84061707E0  1.59181106E-2 -5.85164644E-6 9.56160073E-10-5.75477263E-14    2
  -2.11214823E4  -2.12330791E1   5.85960137E0  1.78954926E-2  7.41506398E-7    3
 -5.40032753E-9 1.47393197E-12  -1.90714739E4   2.70987883E0                   4
C3KET21                 C   3H   6O   3     G     300.0    5000.0  1394.0      1
   1.75768076E1  1.20311704E-2 -4.11633942E-6 6.40149366E-10-3.72127562E-14    2
  -4.15502347E4    -6.090971E1 -8.74352903E-1  6.12501498E-2 -5.51474542E-5    3
  2.48491014E-8-4.42613472E-12  -3.58060819E4   3.59306224E1                   4
CH3COCH2                C   3H   5O   1     G     300.0    5000.0  1387.0      1
   1.09524298E1  1.11458668E-2 -3.86262877E-6 6.05088857E-10-3.53293362E-14    2
  -9.60833727E3  -3.15622776E1   1.13381826E0  3.25095045E-2 -2.10424651E-5    3
  6.64421151E-9-8.12618901E-13  -6.04868361E3   2.17158655E1                   4
C2H3CHO                 C   3H   4O   1     G     298.0    3000.0  1000.0      1
   4.27745325E0  2.08995067E-2 -1.10621906E-5  2.80392911E-9-2.76871274E-13    2
  -1.01465486E4   2.26814496E0   1.30858881E0  2.90665687E-2 -1.85267312E-5    3
  5.10575873E-9 -3.1235785E-13  -9.34139504E3   1.75831373E1                   4
C2H3CO                  C   3H   3O   1     G     298.0    3000.0  1000.0      1
   4.57165627E0  1.67235781E-2 -8.58791816E-6  2.13315141E-9-2.07752945E-13    2
   9.48746848E3   3.10327903E0   1.67431562E0  2.53644779E-2 -1.74055511E-5    3
  5.43382478E-9-4.34352533E-13   1.02237218E4   1.78417413E1                   4
CH2OHCHCHO              C   3H   5O   2     G     300.0    5000.0  1396.0      1
   1.27437977E1  1.15560145E-2 -3.88004291E-6 5.95822049E-10-3.43333212E-14    2
   -2.6635711E4   -3.9015417E1  9.44869573E-1  3.63059024E-2 -2.15428734E-5    3
  5.14003613E-9-2.16818532E-13  -2.23844726E4   2.51372516E1                   4
CH2OHCH(OO)CHO          C   3H   5O   4     G     300.0    5000.0  1391.0      1
   1.95910335E1  1.10654899E-2 -3.94179601E-6 6.28952604E-10-3.71962339E-14    2
  -4.22579561E4  -6.82897376E1  6.60992971E-2  6.21337098E-2 -5.59434692E-5    3
  2.49402766E-8-4.39803725E-12  -3.60635502E4   3.45708696E1                   4
CH2OHCH(OOH)CO          C   3H   5O   4     G     300.0    5000.0  1392.0      1
   2.01742923E1  1.01859136E-2 -3.64793118E-6 5.84123359E-10-3.46295698E-14    2
  -4.05344544E4  -7.06109304E1  2.70381272E-2  6.34306968E-2  -5.8316459E-5    3
   2.6285147E-8-4.65884967E-12  -3.42139188E4   3.53060673E1                   4
QCH3CHCO3H              C   3H   5O   3     G     300.0    5000.0  1000.0      1
    -8.086215E0   4.7274951E-2  -1.9958652E-5   3.7090899E-9 -2.5444856E-13    2
   -1.8149234E4    8.2573456E1  -6.7136055E-1   5.4743364E-2  -5.0515457E-5    3
   2.0677424E-8  -1.607709E-12   -2.3084125E4    3.3845646E1                   4
CH3CH(OO)CHO            C   3H   5O   3     G     300.0    5000.0  1393.0      1
   1.43787605E1   1.3404919E-2  -4.9812814E-6 8.55523297E-10-5.36378095E-14    2
  -2.22169412E4  -4.39244104E1  5.13860198E-1  4.91794584E-2  -4.0971082E-5    3
  1.75184758E-8-3.02105145E-12  -1.77576548E4   2.93105958E1                   4
QCH3CH(OOH)CO           C   3H   5O   3     G     300.0    5000.0  1406.0      1
   1.54753787E1  1.19855535E-2 -3.88647969E-6 5.82170268E-10-3.29481797E-14    2
  -2.12076656E4   -4.8562401E1 -2.34265079E-1   5.8011447E-2 -5.58943334E-5    3
  2.70757029E-8-5.10696754E-12  -1.67362113E4   3.24136213E1                   4
O2CH2CH2CHO             C   3H   5O   3     G     300.0    5000.0  1364.0      1
   1.42466486E1  1.38774326E-2 -4.72236872E-6 7.31412674E-10-4.23878488E-14    2
  -2.07174808E4  -4.30478483E1   5.39789371E0  2.95513603E-2 -1.30041275E-5    3
  1.37239592E-9 3.19056347E-13   -1.7118821E4    6.2938906E0                   4
QHO2CH2CH2CO            C   3H   5O   3     G     300.0    5000.0  1392.0      1
   1.50059645E1  1.21594781E-2 -4.23029617E-6 6.95971213E-10-4.26164619E-14    2
   -1.9511326E4   -4.5494152E1    4.6845456E0  3.77336804E-2 -2.89670492E-5    3
  1.17687715E-8-1.96356371E-12   -1.6066218E4   9.43165355E0                   4
CYC2H3OCHO              C   3H   4O   2     G     300.0    5000.0  1374.0      1
   8.70566732E0   1.8197935E-2 -7.29434992E-6   1.2469133E-9-7.70180076E-14    2
  -2.55049125E4  -2.12921665E1   7.12499787E0  4.70671619E-3  2.20592122E-5    3
 -1.80381528E-8 4.05467913E-12  -2.28419321E4  -6.04871852E0                   4
C2H5CHO                 C   3H   6O   1     G     298.0    3000.0  1000.0      1
   2.18064033E0  2.86296012E-2 -1.46253971E-5   3.6159418E-9-3.50828195E-13    2
  -2.45475248E4    1.6564222E1   5.17478484E0  8.50643399E-3  2.98201309E-5    3
 -3.68849444E-8 1.28335527E-11  -2.48069163E4   3.98600787E0                   4
C2H5CO                  C   3H   5O   1     G     200.0    6000.0  1000.0      1
   6.52325448E0  1.54211952E-2 -5.50898157E-6 8.85889862E-10-5.28846399E-14    2
  -7.19631634E3  -5.19862218E0   6.25722402E0 -9.17612184E-3  7.61190493E-5    3
 -9.05514997E-8 3.46198215E-11  -5.91616484E3   2.23330599E0                   4
CH2CH2CHO               C   3H   5O   1     G     300.0    5000.0  1437.0      1
   1.00673122E1  1.14971005E-2 -3.90137798E-6 6.03029101E-10-3.48958224E-14    2
  -2.75080876E3  -2.58818404E1   2.55799036E0  2.23391941E-2 -4.89741478E-6    3
 -3.58874384E-9  1.4717503E-12   4.53127696E2   1.67016285E1                   4
CH2CHCHOH               C   3H   5O   1     G     300.0    5000.0  1378.0      1
   1.15297558E1  1.14381097E-2 -4.04415495E-6 6.41949269E-10-3.78242456E-14    2
  -3.45486444E3  -3.65385497E1  4.06368169E-1  3.70231405E-2 -2.72202689E-5    3
  1.05783475E-8-1.73632514E-12   5.27160824E2   2.34781848E1                   4
PC4H9O2                 C   4H   9O   2     G     300.0    5000.0  1391.0      1
   1.66120049E1  2.04752336E-2 -7.01415262E-6   1.0901051E-9-6.32913959E-14    2
  -1.57901735E4  -5.79272276E1   1.80541406E0   5.2649306E-2 -3.30870383E-5    3
  1.04593484E-8-1.32305701E-12  -1.03866773E4   2.24829685E1                   4
C4H8OOH1-2              C   4H   9O   2     G     300.0    5000.0  1389.0      1
   1.67810269E1  1.99677597E-2  -6.8525722E-6  1.06628911E-9-6.19616154E-14    2
   -9.1476276E3  -5.68667893E1   2.91878364E0  4.86143951E-2 -2.81342168E-5    3
  7.64456491E-9-7.32889491E-13  -3.94464787E3   1.89326241E1                   4
C4H8OOH1-3              C   4H   9O   2     G     300.0    5000.0  1396.0      1
   1.61247782E1   2.0242098E-2 -6.88631475E-6  1.06534945E-9-6.16599545E-14    2
  -9.16802012E3  -5.26575415E1   2.46292502E0  4.70131194E-2 -2.42145198E-5    3
   4.6540781E-9 1.62198662E-14  -3.95787917E3   2.24569578E1                   4
C4H8O1-2                C   4H   8O   1     G     300.0    5000.0  1463.0      1
   1.41886108E1   1.6316274E-2 -5.16581368E-6 7.60173986E-10-4.24548403E-14    2
  -2.02839382E4  -5.12817914E1  -4.29657099E0  6.75906816E-2 -5.89614134E-5    3
  2.59401158E-8-4.45926746E-12  -1.48799944E4   4.47755567E1                   4
C4H72-1OOH              C   4H   8O   2     G     300.0    5000.0  1394.0      1
   1.57821769E1  1.83478191E-2 -6.22052512E-6 9.60238594E-10-5.54947738E-14    2
  -1.71462438E4  -5.30236541E1  5.20573481E-1  5.42543796E-2 -3.85597337E-5    3
  1.42390245E-8-2.15289461E-12  -1.18857077E4   2.88267978E1                   4
NC4KET12                C   4H   8O   3     G     300.0    5000.0  1389.0      1
   2.17577434E1  1.64473301E-2 -5.79961988E-6 9.19149624E-10-5.41037382E-14    2
  -4.47115295E4  -8.37725285E1 -7.24231793E-1  7.26648886E-2  -6.0477919E-5    3
  2.54348857E-8-4.30152907E-12  -3.72936909E4   3.56276963E1                   4
NC4KET21                C   4H   8O   3     G     300.0    5000.0  1389.0      1
   2.10786402E1  1.61788162E-2 -5.53076294E-6 8.59641186E-10-4.99535144E-14    2
  -4.57563821E4  -7.88014765E1 -3.88449068E-1  6.92735051E-2 -5.58731127E-5    3
  2.25791086E-8-3.63900158E-12  -3.86875801E4    3.5294809E1                   4
C4H71-3OOH              C   4H   8O   2     G     300.0    5000.0  1402.0      1
   1.56878552E1  1.84587978E-2 -6.26237062E-6   9.668875E-10  -5.587879E-14    2
  -1.77050056E4  -5.22788542E1    1.5720543E0  5.09799175E-2 -3.46252518E-5    3
  1.21001485E-8-1.71484187E-12  -1.27789223E4   2.36553208E1                   4
C4H71-O                 C   4H   7O   1     G     300.0    5000.0  1395.0      1
   1.45580641E1  1.61030756E-2 -5.65736991E-6 8.94192859E-10-5.25294685E-14    2
   -1.5176109E2  -5.02288099E1   2.96004734E0  3.83211316E-2 -2.04859258E-5    3
  4.77379501E-9-3.32725518E-13   4.45054328E3   1.39372466E1                   4
C4H10                   C   4H  10          G     300.0    5000.0  1392.0      1
   1.24923813E1  2.15951935E-2 -7.34277611E-6  1.13529859E-9-6.56730149E-14    2
  -2.17598985E4  -4.41546866E1 -9.20862487E-2  4.69703816E-2 -2.54761945E-5    3
  6.35894738E-9-5.16005946E-13  -1.69556758E4   2.49101571E1                   4
PC4H9                   C   4H   9          G     300.0    5000.0  1393.0      1
   1.18547949E1  1.96962095E-2 -6.71054229E-6  1.03891144E-9-6.01513573E-14    2
   3.38182243E3  -3.72343446E1  4.09644702E-1  4.29511341E-2 -2.36582809E-5    3
  6.15744917E-9-5.64300671E-13    7.7431915E3   2.55312526E1                   4
SC4H9                   C   4H   9          G     300.0    5000.0  1682.0      1
   9.25139144E0  2.24301385E-2 -7.82648592E-6   1.2355946E-9-7.26249864E-14    2
   3.11148804E3  -2.16080436E1  9.42662332E-1   3.7741453E-2 -1.58911963E-5    3
  1.75489317E-9  2.8972575E-13   6.20542636E3   2.42126605E1                   4
TC3H6CHO                C   4H   7O   1     G     300.0    5000.0  1382.0      1
   1.28170473E1  1.63863074E-2 -5.58241271E-6 8.64342353E-10  -5.005167E-14    2
  -1.33106445E4  -4.19080121E1   4.10473726E0  3.17646401E-2 -1.35943689E-5    3
   1.3601426E-9 3.48270608E-13  -9.76048594E3   6.69198472E0                   4
IC3H5CHO                C   4H   6O   1     G     300.0    5000.0  1396.0      1
   1.33892118E1   1.3911542E-2 -4.75820958E-6 7.38736618E-10-4.28606559E-14    2
  -1.97917448E4  -4.60146004E1   1.09372823E0  4.43315368E-2 -3.41918451E-5    3
  1.39369607E-8 -2.3379146E-12  -1.56745978E4   1.94458467E1                   4
IC3H6CO                 C   4H   6O   1     G     300.0    5000.0  1397.0      1
   1.32548232E1  1.40142787E-2 -4.78910215E-6 7.42924342E-10-4.30737566E-14    2
  -2.00529779E4  -4.44810221E1   2.28039055E0  4.17016989E-2 -3.25089661E-5    3
  1.37243419E-8-2.40573132E-12  -1.63939712E4   1.38187714E1                   4
IC3H5CO                 C   4H   5O   1     G     300.0    5000.0  1396.0      1
   1.29634401E1  1.17954996E-2 -4.04361488E-6 6.28771516E-10-3.65209867E-14    2
  -8.26519462E2  -4.20562575E1    1.8730699E0  3.95188508E-2 -3.11404053E-5    3
  1.28844447E-8-2.18165308E-12   2.85270691E3   1.68774016E1                   4
IC3H4CHO-A              C   4H   5O   1     G     300.0    5000.0  1392.0      1
   1.41736959E1  1.09161978E-2 -3.69020878E-6 5.69228087E-10-3.29023246E-14    2
  -1.92867979E3   -5.0266374E1  7.64345054E-1  4.45242412E-2  -3.6103372E-5    3
  1.48295287E-8 -2.4380929E-12   2.44732544E3   2.08541848E1                   4
CCYCCO-T1               C   3H   5O   1     G     300.0    5000.0  1389.0      1
   1.03394781E1  1.15180335E-2 -3.87496644E-6 5.95744364E-10-3.43539552E-14    2
    7.1765897E3  -2.89687593E1  -1.39311392E0  3.81789194E-2 -2.62316288E-5    3
  8.74877238E-9-1.11296763E-12   1.12534953E4   3.41877003E1                   4
C4H5-2C2H               C   6H   6          G     300.0    5000.0  1392.0      1
   1.51418894E1  1.53451745E-2 -5.33604163E-6 8.37648226E-10-4.89739255E-14    2
   3.25198482E4  -5.51785698E1 -5.37624545E-1  5.68526169E-2 -5.05423991E-5    3
  2.47779427E-8-5.12990122E-12   3.76156523E4   2.75815403E1                   4
IC4H8                   C   4H   8          G     200.0    3000.0  1000.0      1
   2.59951995E0  3.30500495E-2 -1.59845905E-5  3.76087525E-9-3.49019653E-13    2
  -4.42749559E3   1.08165064E1   4.25619782E0  1.13628096E-2  4.71398093E-5    3
 -6.57197372E-8 2.60377549E-11  -4.18922195E3   6.06113167E0                   4
IC4H7                   C   4H   7          G     200.0    3000.0  1000.0      1
   4.11695304E0  2.85129941E-2 -1.37562429E-5  3.23914002E-9-3.01700354E-13    2
   1.34747999E4   3.05916151E0   1.35060422E0  2.48568416E-2  2.24583683E-5    3
 -4.92084539E-8 2.23537835E-11   1.45784895E4   1.95359293E1                   4
SC3H5CHO                C   4H   6O   1     G     300.0    5000.0  1396.0      1
   1.33892118E1   1.3911542E-2 -4.75820958E-6 7.38736618E-10-4.28606559E-14    2
  -1.97917448E4  -4.60146004E1   1.09372823E0  4.43315368E-2 -3.41918451E-5    3
  1.39369607E-8 -2.3379146E-12  -1.56745978E4   1.94458467E1                   4
SC3H5CO                 C   4H   5O   1     G     300.0    5000.0  1396.0      1
   1.29925654E1  1.22140721E-2 -4.19305277E-6 6.52697685E-10-3.79407376E-14    2
   -2.7478238E3   -4.5109247E1  7.76401404E-1  4.26828436E-2 -3.37881191E-5    3
  1.39128174E-8-2.33331638E-12   1.29903132E3   1.98102013E1                   4
C4H7O2-1                C   4H   7O   1     G     300.0    5000.0  1684.0      1
    1.1268569E1   2.0172482E-2 -7.41925667E-6  1.21275519E-9-7.30115348E-14    2
   2.13876442E3  -3.15208064E1   5.16434924E0  2.53427725E-2 -1.39669041E-6    3
 -6.00713944E-9 1.76696879E-12   5.03210693E3   4.37441148E0                   4
C4H71-1O2               C   4H   7O   2     G     300.0    5000.0  1390.0      1
   1.63738534E1  1.62685376E-2 -5.62192103E-6  8.7898252E-10-5.12510706E-14    2
  -1.06318473E3  -5.69005716E1   2.02223104E0  4.85577506E-2 -3.30293697E-5    3
  1.13406677E-8-1.57078109E-12   4.04143594E3   2.06106646E1                   4
C4H71-2O2               C   4H   7O   2     G     300.0    5000.0  1394.0      1
   1.63565639E1  1.61768136E-2 -5.56610316E-6 8.67700997E-10-5.04886444E-14    2
  -3.40245466E3  -5.75260769E1   1.42459973E0  5.20547601E-2 -3.89440869E-5    3
  1.51726193E-8-2.42611664E-12   1.68854104E3   2.23230947E1                   4
C4H71-3O2               C   4H   7O   2     G     200.0    3000.0  1000.0      1
   7.49930199E0  2.96168943E-2 -1.37612228E-5  3.07120467E-9-2.67351048E-13    2
   2.33126907E3  -7.00385154E0   6.97088616E0  7.93432309E-3  6.52868882E-5    3
 -9.04825562E-8 3.64492858E-11   3.39671301E3  8.10259145E-1                   4
C4H72-1O2               C   4H   7O   2     G     300.0    5000.0  1391.0      1
   1.49133658E1  1.68566945E-2 -5.68505081E-6 8.74627174E-10-5.04330107E-14    2
   4.66363025E1  -4.75165847E1   1.29712744E0  4.82156354E-2 -3.30645624E-5    3
  1.16680269E-8-1.67383807E-12   4.80097907E3   2.57387128E1                   4
C4H71-4O2               C   4H   7O   2     G     300.0    5000.0  1390.0      1
   1.50240251E1  1.72860962E-2 -5.94297061E-6  9.2586143E-10-5.38461748E-14    2
   1.92460667E2  -4.85941022E1   2.09042625E0   4.5713008E-2  -2.9481583E-5    3
  9.69604853E-9-1.30061388E-12   4.88932667E3   2.15456077E1                   4
C4H72OO1-3              C   4H   7O   2     G     300.0    5000.0  1421.0      1
   1.75191377E1  1.48932834E-2   -4.882541E-6 7.36884149E-10-4.19250867E-14    2
  -5.40121829E3  -7.12526209E1  -9.84713332E0  9.65294066E-2 -9.76557621E-5    3
  4.78425967E-8-8.98643297E-12   2.14570156E3   6.91264458E1                   4
C4H71OO2-3              C   4H   7O   2     G     300.0    5000.0  1425.0      1
   1.90464747E1  1.33395731E-2 -4.38619559E-6 6.63714136E-10 -3.7844349E-14    2
    3.7158854E3  -7.78860602E1  -6.05373523E0  8.56396716E-2 -8.37418673E-5    3
  3.96851771E-8-7.24057523E-12   1.08576151E4   5.17199728E1                   4
C4H7O2-3O-1             C   4H   7O   2     G     300.0    5000.0  1328.0      1
   1.18340469E1  2.13058862E-2 -8.41424444E-6  1.39720588E-9-7.87940325E-14    2
   -1.2157502E4  -3.31277006E1   -2.1052433E0  6.53309833E-2 -5.66161939E-5    3
  2.37692357E-8-3.90922691E-12   -9.0681124E3   3.66674717E1                   4
C4H7O1-2O-3             C   4H   7O   2     G     300.0    5000.0  1328.0      1
   1.18340469E1  2.13058862E-2 -8.41424444E-6  1.39720588E-9-7.87940325E-14    2
   -1.2157502E4  -3.45066638E1   -2.1052433E0  6.53309833E-2 -5.66161939E-5    3
  2.37692357E-8-3.90922691E-12   -9.0681124E3   3.52885084E1                   4
C4H71OO2-4              C   4H   7O   2     G     300.0    5000.0  1424.0      1
    1.8225643E1  1.41741767E-2 -4.61506918E-6 6.93628644E-10-3.93610811E-14    2
  -3.07301596E3   -7.4787453E1  -6.64386989E0  8.56333077E-2 -8.28845202E-5    3
  3.91182545E-8-7.12333661E-12   4.02180107E3   5.36920577E1                   4
C4H7O1-2O-4             C   4H   7O   2     G     300.0    5000.0  1673.0      1
   1.48654175E1  1.84983686E-2 -6.57303691E-6  1.05177235E-9-6.24441918E-14    2
  -1.22303998E4  -5.11975904E1  -1.16668372E0  5.61736585E-2  -3.8333859E-5    3
  1.24754702E-8-1.54252932E-12  -7.05306774E3   3.42838867E1                   4
C4H61KET43O             C   4H   5O   2     G     300.0    5000.0  1576.0      1
   1.40297317E1  1.40503932E-2 -4.96021975E-6 7.86557797E-10-4.63116539E-14    2
  -1.05436332E4  -4.31732706E1   8.19196692E0  1.50440855E-2  8.95205463E-6    3
 -1.21031469E-8 3.22361516E-12  -7.20905947E3  -7.25996721E0                   4
C4H61-3OOH4             C   4H   7O   2     G     200.0    3000.0  1000.0      1
   9.22381532E0  2.79078832E-2 -1.32157859E-5  3.04934991E-9-2.77876774E-13    2
    3.6238437E3  -1.64025914E1    1.0423102E1 -4.74450704E-3  9.17063011E-5    3
 -1.16764851E-7 4.60673408E-11   4.46122984E3  -1.61438612E1                   4
C4H8-1                  C   4H   8          G     200.0    3000.0  1000.0      1
   2.67205835E0  3.31975886E-2 -1.62151604E-5  3.86021045E-9-3.62768107E-13    2
  -2.41530492E3   1.19940362E1   4.36790433E0  6.84043075E-3  6.44986048E-5    3
 -8.77815388E-8 3.52265277E-11  -2.04458226E3   7.92974829E0                   4
C4H71-1                 C   4H   7          G     200.0    3000.0  1000.0      1
   4.22666203E0  2.77294238E-2 -1.32193951E-5  3.05575689E-9-2.78037652E-13    2
   2.70313078E4   5.21036873E0   3.95766099E0  1.31569933E-2  4.12154274E-5    3
 -6.31213175E-8 2.63056457E-11   2.76691152E4   9.83668527E0                   4
C4H71-2                 C   4H   7          G     200.0    3000.0  1000.0      1
    3.6313497E0  2.88554185E-2 -1.40806421E-5  3.35021613E-9-3.14995736E-13    2
   2.54970453E4   8.65004051E0   5.50662391E0  2.32021109E-3  6.59188745E-5    3
 -8.70483168E-8 3.47439538E-11   2.58107126E4   3.59966127E0                   4
C4H71-3                 C   4H   7          G     200.0    3000.0  1000.0      1
   3.77722957E0  2.90760185E-2 -1.40829363E-5  3.31992553E-9-3.08855186E-13    2
   1.36338509E4   5.79522029E0   4.55418873E0  4.72431475E-3   6.6555518E-5    3
 -9.07166484E-8 3.66640091E-11   1.42678295E4   6.56296176E0                   4
C4H71-4                 C   4H   7          G     200.0    3000.0  1000.0      1
   4.34333501E0  2.71993788E-2 -1.27617861E-5  2.90080389E-9-2.59294983E-13    2
   2.21379901E4   5.67731357E0   5.22887064E0  3.45242637E-3  6.48461016E-5    3
 -8.72394137E-8 3.51344518E-11   2.27129399E4   5.70156135E0                   4
C4H6-1                  C   4H   6          G    298.15    2000.0  1000.0      1
   3.94365744E0  2.61885493E-2 -1.30711417E-5  3.18676492E-9-3.05127218E-13    2
   1.76368506E4   4.59598196E0 -1.29199411E-1  4.22021279E-2 -3.66747365E-5    3
   1.8644646E-8 -4.1001353E-12   1.84653144E4   2.43146241E1                   4
C4H5-3                  C   4H   5          G     100.0    5000.0 1024.96      1
   7.56401606E0  1.54357161E-2 -5.85469236E-6  1.05459843E-9-7.28518041E-14    2
   3.52995766E4  -1.23384188E1   2.65549438E0  2.50205427E-2  -5.8748081E-6    3
 -8.04287765E-9 4.36829518E-12   3.68085307E4   1.39158852E1                   4
C4H5-4                  C   4H   5          G     300.0    5000.0  1371.0      1
    1.0592986E1  1.17740087E-2 -4.15137757E-6 6.57713838E-10-3.87005456E-14    2
   3.95597102E4   -2.9907862E1   2.58626163E0  2.70305859E-2 -1.46761252E-5    3
  3.82609532E-9-4.04404397E-13   4.27949682E4   1.45030678E1                   4
C2HCOCH3                C   4H   4O   1     G     100.0    5000.0 1466.02      1
   6.56229951E0  1.87842335E-2 -7.96415478E-6  1.46155571E-9-9.95365387E-14    2
    3.6202552E3  -6.29117586E0   2.69770434E0  2.93287316E-2 -1.87531024E-5    3
  6.36780643E-9-9.36201649E-13   4.75336524E3   1.38316515E1                   4
C2H5CCO                 C   4H   5O   1     G     300.0    5000.0  1399.0      1
   1.31499741E1  1.16367084E-2 -3.98760298E-6  6.1980786E-10-3.59872512E-14    2
   8.83180941E3  -4.13793237E1   1.39213635E0  4.32769072E-2  -3.7592416E-5    3
  1.70975109E-8-3.13039612E-12   1.25258987E4   2.03338315E1                   4
CH3C3H2O                C   4H   5O   1     G     300.0    5000.0  1406.0      1
   1.38562774E1  1.11394424E-2 -3.74584095E-6 5.74835092E-10-3.30782994E-14    2
   6.36649331E3  -4.80308094E1  -1.85113708E0  5.91874452E-2 -6.05049446E-5    3
  3.06718051E-8-5.99463684E-12    1.0692911E4   3.23107861E1                   4
C2H5CCHOH               C   4H   7O   1     G     300.0    5000.0  1405.0      1
   1.51051821E1  1.41475761E-2 -4.74333647E-6 7.26290184E-10 -4.1723191E-14    2
   -3.3017857E3  -5.29656729E1  -1.79945438E0  6.58134432E-2 -6.59804128E-5    3
  3.33691902E-8-6.54395456E-12    1.3875493E3   3.35628588E1                   4
C2H5CCHO                C   4H   6O   1     G     300.0    5000.0  1403.0      1
   1.40841355E1  1.31059523E-2 -4.43132758E-6 6.82502623E-10-3.93721277E-14    2
   1.51239987E4  -4.73477254E1   -2.0659464E0  6.17528566E-2 -6.14859288E-5    3
  3.08933126E-8-6.03411694E-12   1.96798663E4   3.55795201E1                   4
C2H5COCH                C   4H   6O   1     G     300.0    5000.0  1399.0      1
   1.45234641E1   1.2939844E-2 -4.41896466E-6 6.85184191E-10-3.97126993E-14    2
   1.91285529E4  -5.04728034E1 -1.58853499E-1  5.66434989E-2 -5.56054301E-5    3
   2.7932526E-8-5.49138196E-12   2.33684999E4   2.51804128E1                   4
C2H5COCHO               C   4H   6O   2     G     300.0    5000.0  1449.0      1
   1.74195699E1  1.37180486E-2 -4.94704368E-6 7.95692724E-10 -4.7316176E-14    2
  -4.33347051E4  -6.56279074E1   3.54205897E0   3.1884614E-2 -2.82590212E-6    3
 -9.70352116E-9  3.3650288E-12  -3.72369225E4   1.37178649E1                   4
C4H5O1-4                C   4H   5O   1     G     300.0    5000.0  1374.0      1
   1.29080711E1  1.23955707E-2 -4.37536222E-6 6.93735302E-10-4.08427746E-14    2
   2.19411693E4  -4.05657103E1   2.78409518E0  3.36026592E-2 -2.12772199E-5    3
  6.93093383E-9-9.62555862E-13   2.57927506E4   1.48289436E1                   4
C4H5-4O2H               C   4H   6O   2     G     300.0    5000.0  1391.0      1
   1.58611925E1  1.29399964E-2 -4.30962129E-6 6.57866965E-10-3.77422445E-14    2
   3.55873594E3  -5.39115368E1   2.76262515E0  4.62858649E-2 -3.73178653E-5    3
  1.56823154E-8-2.67032317E-12   7.81158385E3   1.54273072E1                   4
C4H5-4O2                C   4H   5O   2     G     300.0    5000.0  1388.0      1
   1.34186561E1   1.2745526E-2 -4.20871679E-6 6.38462607E-10-3.64602987E-14    2
   2.15648756E4  -3.97266693E1    3.7704089E0  3.72406457E-2 -2.88269764E-5    3
  1.21900351E-8-2.14132355E-12   2.47546947E4   1.14558474E1                   4
C4H8-2                  C   4H   8          G     200.0    3000.0  1000.0      1
   2.22705946E0  3.35927737E-2 -1.62945399E-5  3.84272021E-9-3.57393198E-13    2
  -3.57672912E3   1.31065161E1   6.13560736E0 -1.31767265E-3  7.50447067E-5    3
 -9.17853524E-8 3.49333312E-11  -3.62759613E3   -1.5986101E0                   4
C4H72-2                 C   4H   7          G     200.0    3000.0  1000.0      1
   2.95094841E0   2.9440473E-2 -1.41445545E-5  3.28207135E-9 -2.9842949E-13    2
   2.45899929E4   1.19463617E1    7.2287752E0 -7.51433266E-3  8.14405167E-5    3
 -9.63703432E-8 3.64458927E-11   2.44921177E4  -4.41015777E0                   4
CH2COHCHO               C   3H   4O   2     G     300.0    5000.0  1406.0      1
   1.40200417E1  7.95092924E-3 -2.63244516E-6 3.99896432E-10 -2.2853812E-14    2
  -3.76808145E4   -4.8045799E1  5.76639663E-2  5.16589617E-2 -5.49773816E-5    3
  2.83487148E-8-5.57464421E-12  -3.39594513E4   2.29757289E1                   4
C4H71-3OH               C   4H   8O   1     G     300.0    5000.0  1385.0      1
   1.42401634E1  1.83038695E-2 -6.37213444E-6   1.0009974E-9-5.85511411E-14    2
   -2.6818396E4  -4.83949774E1  7.16707858E-2  5.04772909E-2 -3.50356983E-5    3
  1.30539199E-8-2.07783174E-12  -2.16983717E4   2.82072724E1                   4
C4H63,1-3OH             C   4H   7O   1     G     300.0    5000.0  1380.0      1
   1.33633351E1  1.70222596E-2  -5.9524519E-6 9.37896168E-10-5.49767305E-14    2
  -9.90113178E3  -4.54753472E1  5.96155469E-1  4.35893351E-2 -2.65985265E-5    3
  8.14250262E-9-1.02316366E-12  -5.05630797E3   2.43923636E1                   4
SC4H8OH-1               C   4H   9O   1     G     300.0    5000.0  1405.0      1
   1.50517242E1  1.84748629E-2 -6.15327969E-6 9.38017339E-10-5.37214281E-14    2
  -1.71974443E4  -5.03733848E1   1.78282749E0  5.18872497E-2 -3.89600849E-5    3
  1.57818686E-8-2.64133852E-12  -1.28305019E4   2.00308244E1                   4
C4H71-1OH               C   4H   8O   1     G     300.0    5000.0  1402.0      1
   1.42586569E1  1.71932504E-2 -5.74956414E-6 8.79089774E-10-5.04586493E-14    2
  -2.78051048E4  -4.96581579E1 -4.65981165E-1  5.56573217E-2 -4.50578305E-5    3
  1.93726056E-8-3.38967639E-12  -2.31007894E4   2.79744544E1                   4
C4H71-4OH               C   4H   8O   1     G     300.0    5000.0  1396.0      1
   1.33437331E1  1.82063693E-2 -6.15150719E-6 9.47318576E-10-5.46543216E-14    2
  -2.48479001E4  -4.27998774E1 -2.12276307E-1  4.86358034E-2 -3.17241965E-5    3
  1.04986646E-8-1.39007078E-12  -2.00365173E4   3.04092052E1                   4
C4H72-1OH               C   4H   8O   1     G     300.0    5000.0  1367.0      1
   1.32893235E1  1.93843938E-2 -6.80733358E-6  1.07559847E-9-6.31698641E-14    2
  -2.58627911E4  -4.34782359E1   2.94637661E0  3.45852975E-2 -1.10024787E-5    3
 -1.33281467E-9 9.54964043E-13  -2.12241816E4   1.55037145E1                   4
C4H64,2-1OH             C   4H   7O   1     G     200.0    3000.0  1000.0      1
   6.99484305E0  2.71578662E-2 -1.26449922E-5  2.85998342E-9-2.55974783E-13    2
  -4.31506589E3  -6.80303691E0   2.30683531E0  4.98180321E-2 -5.76168051E-5    3
   4.4601628E-8-1.49979646E-11  -3.45354998E3   1.51779297E1                   4
CC5H9OH-A               C   5H  10O   1     G     300.0    5000.0  1401.0      1
   1.67027481E1  2.23706539E-2 -7.54212173E-6  1.15952204E-9-6.68109144E-14    2
  -2.99326799E4  -5.97485918E1 -6.99028359E-1  6.47245648E-2 -4.74429066E-5    3
  1.84315434E-8-2.95187402E-12  -2.40658443E4   3.30938023E1                   4
CC5H8OHA-B              C   5H   9O   1     G     300.0    5000.0  1399.0      1
   1.57722409E1  2.11268667E-2 -7.13325337E-6   1.0978353E-9-6.33065048E-14    2
  -1.35807398E4  -5.37136913E1 -2.23121688E-1  5.85988455E-2 -4.06829105E-5    3
  1.47632489E-8-2.19930762E-12  -8.04969601E3   3.21303656E1                   4
CC5H8OHA-BO             C   5H   9O   2     G     300.0    5000.0  1384.0      1
   2.30223115E1  1.84065959E-2 -6.48927839E-6  1.02827067E-9-6.05180103E-14    2
  -2.71148159E4  -9.40704417E1   2.49257829E0  6.35033542E-2 -4.29709381E-5    3
  1.38469575E-8-1.69239853E-12  -1.97551334E4   1.71106559E1                   4
C4H64,1-1OH             C   4H   7O   1     G     200.0    3000.0  1000.0      1
   8.10569131E0   2.5607355E-2  -1.1862886E-5  2.70463566E-9 -2.4570985E-13    2
  -8.05048007E2  -1.32630821E1   5.33564512E0  2.68284559E-2  7.94877621E-6    3
 -3.11509692E-8  1.5347178E-11   9.58839619E1   2.13176667E0                   4
CH2CYC3H4OH             C   4H   7O   1     G     200.0    3000.0  1000.0      1
   7.79228593E0  2.58973851E-2  -1.1998772E-5  2.73476484E-9-2.48011419E-13    2
    3.4849113E3  -1.23174861E1   2.88363775E0  3.00054963E-2  1.39997361E-5    3
 -4.40307385E-8 2.13195208E-11    5.0512039E3    1.4679507E1                   4
C4H64,1OH-2O2           C   4H   7O   3     G     300.0    5000.0  1410.0      1
   1.70073756E1  1.71168159E-2 -5.75336586E-6 8.82856098E-10-5.08074013E-14    2
  -1.94748454E4  -5.40055736E1   1.94392661E0  5.37682926E-2 -3.97517994E-5    3
  1.51409061E-8-2.32559491E-12  -1.44537763E4   2.62672284E1                   4
C4H64,OOH2-1O           C   4H   7O   3     G     300.0    5000.0  1403.0      1
   1.83720025E1  1.65585745E-2 -5.69290934E-6 8.87122626E-10-5.16087696E-14    2
  -1.02365756E4  -6.27585795E1   3.55665177E0  4.81101775E-2 -2.94987271E-5    3
  8.10017039E-9-6.99956946E-13  -4.87128324E3    1.7749789E1                   4
C4H54,1OHQ2-1           C   4H   7O   3     G     300.0    5000.0  1396.0      1
    1.8522277E1  1.61109322E-2 -5.56225965E-6   8.692527E-10-5.06719046E-14    2
  -1.52779873E4  -6.24930845E1   2.75799118E0  5.09275384E-2 -3.36514386E-5    3
  1.05577897E-8-1.22428971E-12  -9.67849503E3   2.27564974E1                   4
C4H5OH1O1-2             C   4H   6O   2     G     300.0    5000.0  1428.0      1
   1.58322744E1  1.41005546E-2 -4.76727655E-6 7.34828881E-10 -4.2433981E-14    2
  -2.91399057E4  -5.64012873E1  2.59539371E-3  5.18351431E-2 -3.82497308E-5    3
  1.37917593E-8-1.91812373E-12  -2.38552029E4   2.81156051E1                   4
C2H3COCHOH              C   4H   5O   2     G     100.0    5000.0 1727.15      1
   1.97181804E1  4.14232145E-4  4.02546052E-6-9.74065681E-10 6.95443647E-14    2
  -2.64682245E4  -7.43917296E1 -6.29620597E-1  6.98864279E-2 -7.57183674E-5    3
   3.7297904E-8 -6.5545753E-12  -2.27727021E4   2.52447146E1                   4
C4H63,1-1OH             C   4H   7O   1     G     300.0    5000.0  1401.0      1
   1.38675222E1   1.5479581E-2 -5.17720236E-6 7.91828077E-10-4.54656891E-14    2
  -1.07655481E4  -4.87820652E1 -5.96640682E-1  5.31885124E-2 -4.34791765E-5    3
  1.86514084E-8-3.23780972E-12  -6.15543596E3   2.74734171E1                   4
C4H5OH-13               C   4H   6O   1     G     200.0    3000.0  1000.0      1
   1.02463715E1  1.99358234E-2 -9.15446495E-6  2.08480471E-9-1.90113987E-13    2
   -1.1369834E4  -2.82361154E1   1.58209534E0  3.33282443E-2  1.67112966E-5    3
 -5.84105322E-8 2.97113166E-11  -8.88014077E3    1.7979037E1                   4
C4H6OHOOH1-4-3          C   4H   8O   3     G     300.0    5000.0  1409.0      1
   1.79247738E1  1.85441921E-2 -6.26318355E-6 9.64179854E-10-5.56110668E-14    2
  -3.66933215E4  -5.97996625E1   1.19834615E0  5.95917814E-2 -4.48335467E-5    3
   1.7416284E-8-2.73426434E-12  -3.11432319E4   2.92271146E1                   4
HOCH2COCH2              C   3H   5O   2     G     300.0    5000.0  1366.0      1
   1.23378279E1  1.20062416E-2 -4.05455337E-6 6.24739376E-10-3.60749061E-14    2
  -2.69692876E4  -3.38413471E1   4.96399769E0  2.53655424E-2 -1.15510125E-5    3
  1.55208411E-9 1.79127472E-13  -2.40032494E4   7.16506942E0                   4
HOCH2CHO                C   2H   4O   2     G     300.0    5000.0  1680.0      1
   7.99598542E0  1.20664034E-2 -4.43693399E-6 7.25167046E-10 -4.3653546E-14    2
  -4.09020567E4  -1.33754312E1   4.35084369E0  1.50412895E-2  -5.9508303E-7    3
 -3.75736217E-9 1.09353598E-12  -3.91654526E4   8.09610238E0                   4
HOCH2CO                 C   2H   3O   2     G     300.0    5000.0  1487.0      1
   9.43496508E0   7.6889734E-3  -2.7495928E-6 4.39772312E-10-2.60488233E-14    2
  -2.29700136E4  -2.04618579E1   5.12916864E0  9.07172819E-3  6.49228146E-6    3
 -8.56591893E-9 2.31070825E-12  -2.06151607E4   5.73007596E0                   4
HOCHCHO                 C   2H   3O   2     G     300.0    5000.0  1680.0      1
   9.99251726E0  7.77560619E-3 -2.94238616E-6 4.90136333E-10-2.98979778E-14    2
  -2.20440827E4  -2.73957153E1  5.42856274E-1  2.95295948E-2  -2.0831549E-5    3
  6.72777461E-9-8.06116446E-13  -1.89378452E4   2.31681075E1                   4
HOCH2COCH2O             C   3H   5O   3     G     100.0    5000.0 1010.42      1
   9.41818153E0  2.06961156E-2  -9.0018208E-6  1.69313357E-9-1.17964979E-13    2
  -3.50944281E4  -1.46458238E1   1.73479125E0  5.11128434E-2 -5.41565621E-5    3
    3.148596E-8 -7.4893878E-12  -3.35417434E4   2.25017123E1                   4
PC4H8OH-2               C   4H   9O   1     G     300.0    5000.0  1396.0      1
    1.4719862E1  1.93691825E-2 -6.59356634E-6  1.02018538E-9-5.90410746E-14    2
  -1.53023402E4  -4.85296396E1   1.89476538E0  4.87803114E-2  -3.2670298E-5    3
  1.17119949E-8-1.77100238E-12  -1.07455371E4   2.06226225E1                   4
IC3H6OHCHO              C   4H   8O   2     G     300.0    5000.0  1393.0      1
   1.60254376E1  1.85402212E-2 -6.36973877E-6 9.91732739E-10 -5.7647264E-14    2
  -5.50198923E4  -5.83074874E1   1.84080874E0  5.29601347E-2 -3.94261774E-5    3
   1.5906343E-8-2.69565279E-12  -5.01437169E4   1.75482756E1                   4
CYHEXDN13               C   6H   8          G     300.0    5000.0  1392.0      1
   1.50997866E1  2.12080269E-2 -7.33544206E-6  1.14760359E-9-6.69433814E-14    2
   4.44900608E3  -6.16788333E1  -4.82039387E0  6.70223856E-2 -4.73487895E-5    3
  1.69645503E-8-2.45944445E-12   1.14209741E4   4.55310016E1                   4
CYHEXDN14               C   6H   8          G     300.0    5000.0  1385.0      1
      1.57263E1  2.09982638E-2 -7.33474543E-6  1.15498418E-9-6.76769598E-14    2
   4.37984609E3  -6.64317549E1  -3.02043825E0  6.10388887E-2  -3.8683766E-5    3
  1.17505763E-8-1.35178604E-12   1.12646687E4   3.55809099E1                   4
C6H8                    C   6H   8          G     300.0    5000.0  1397.0      1
   1.69511085E1  1.86092892E-2 -6.39483993E-6 9.95781471E-10-5.78882385E-14    2
   1.19358759E4  -6.63328076E1  -2.80216545E0  7.45728595E-2 -6.92665672E-5    3
  3.34618343E-8-6.42278211E-12   1.79188255E4   3.64469277E1                   4
CYHEXEN-4J              C   6H   9          G     300.0    5000.0  1388.0      1
   1.45726981E1  2.41687737E-2 -8.34933859E-6  1.30512039E-9-7.60857953E-14    2
   1.40406544E4  -5.59995158E1  -3.84381292E0  5.99346158E-2 -3.11377445E-5    3
  5.82015177E-9 8.64222393E-14   2.11060274E4   4.53885355E1                   4
CYPENTN-4MJ             C   6H   9          G      10.0    3000.0  433.34      1
  -2.41048175E0  6.21591818E-2 -3.89684972E-5  1.17648713E-8-1.36838719E-12    2
   2.57204512E4   3.77632099E1   3.94469866E0  3.44171538E-3  1.64472094E-4    3
 -3.01509598E-7 1.79533574E-10   2.51701784E4   1.24235238E1                   4
CYPENTN-4M4J            C   6H   9          G      10.0    3000.0  528.91      1
  -3.37191907E0  6.18953322E-2 -3.77368199E-5   1.1013891E-8-1.23709218E-12    2
   2.17495406E4   4.18567684E1   4.00036055E0 -6.25727801E-4  1.58764283E-4    3
 -2.60854825E-7 1.38700145E-10    2.1064332E4   1.18801829E1                   4
CYPENTN-4M3J            C   6H   9          G      10.0    3000.0  451.07      1
  -3.01888829E0  6.53666245E-2 -4.25401593E-5  1.32583714E-8-1.58143371E-12    2
   1.74262118E4   3.99119184E1   3.94632666E0  3.28517048E-3  1.64955619E-4    3
 -2.94963183E-7 1.70105404E-10   1.68010595E4   1.18895739E1                   4
CH2CHCHCHO              C   4H   5O   1     G     300.0    5000.0  1400.0      1
   1.32551859E1  1.19066619E-2 -4.06547591E-6  6.3031261E-10-3.65301442E-14    2
   4.28822305E3  -4.47690775E1 -4.93209912E-1  5.26550104E-2 -5.15159642E-5    3
  2.57409661E-8-5.03442115E-12   8.26367547E3   2.61133171E1                   4
C2H3CHOHCH2             C   4H   7O   1     G     200.0    3000.0  1000.0      1
    7.3748472E0   2.5688806E-2 -1.18386351E-5  2.68864697E-9-2.43623078E-13    2
   2.90835343E3  -6.61404529E0    4.9130433E0  3.78035281E-2 -4.16812607E-5    3
  3.79102378E-8-1.52755065E-11   3.46131715E3   5.21552494E0                   4
C4H51,3OH2              C   4H   6O   1     G     200.0    6000.0  1000.0      1
    1.1756877E1  1.62957646E-2  -5.8674577E-6 9.47794368E-10-5.68012244E-14    2
  -1.33808588E4  -3.61322949E1  5.32202847E-1   3.4794444E-2  9.07363332E-6    3
 -4.26890292E-8  2.1364926E-11  -9.76102764E3   2.46259582E1                   4
C3H4CH2OH-3O            C   4H   7O   2     G     300.0    5000.0  1384.0      1
   1.67237902E1  1.62893097E-2 -5.69978133E-6 8.98524197E-10 -5.2688631E-14    2
  -1.90975797E4  -5.73256364E1   2.45139062E0  4.76173501E-2 -3.17417435E-5    3
  1.07287265E-8 -1.4871266E-12  -1.38958927E4   2.01150648E1                   4
C2H3COCH2OH             C   4H   6O   2     G     300.0    5000.0  1374.0      1
   1.45010066E1  1.57293771E-2 -5.52878496E-6 8.74135857E-10-5.13615582E-14    2
  -3.95492218E4  -4.65251707E1   3.52503727E0  3.70498105E-2 -2.04866837E-5    3
    5.380951E-9-5.47927324E-13   -3.5189419E4   1.41521904E1                   4
C2H3CHOHCO              C   4H   5O   2     G     100.0    5000.0 1012.54      1
   1.22183862E1  1.50723377E-2  -5.6800475E-6  1.04546487E-9 -7.4114612E-14    2
   -1.6047247E4  -2.91232338E1   1.77601559E0  4.18187765E-2 -2.38138682E-5    3
 -1.16348616E-9 3.96456102E-12  -1.31889862E4   2.50572266E1                   4
C3H4CH2OH-1OOH          C   4H   8O   3     G     300.0    5000.0  1371.0      1
   2.15067146E1  1.70137983E-2 -6.07647747E-6  9.7110852E-10-5.74910586E-14    2
  -3.70847019E4  -8.31229073E1   1.59519971E0  5.90033957E-2 -3.81243508E-5    3
  1.13106606E-8-1.20736662E-12  -2.97382895E4   2.53893714E1                   4
C3H4CH2OH-1O            C   4H   7O   2     G     300.0    5000.0  1502.0      1
   1.71974002E1  1.64461405E-2 -5.88477087E-6 9.41603116E-10-5.57896598E-14    2
  -1.83089012E4  -6.07872595E1   6.65239296E0  2.39519793E-2  8.12599943E-6    3
 -1.51386006E-8 4.29644312E-12  -1.29560218E4   1.89176185E0                   4
CHCHCH2OH               C   3H   5O   1     G     100.0    5000.0 1664.46      1
   8.29143129E0  1.38661702E-2 -5.11198835E-6 8.67755416E-10-5.61393878E-14    2
   1.01874357E4  -1.40532647E1   2.57027896E0  2.76150996E-2 -1.75023939E-5    3
  5.83047395E-9-8.01531913E-13    1.2091967E4   1.64629361E1                   4
CHOOCHCH2OH             C   3H   5O   3     G     100.0    5000.0 1005.82      1
   9.26488904E0  1.96712721E-2 -7.90816763E-6  1.42568186E-9-9.68510009E-14    2
  -1.09668211E4  -1.26210473E1   1.76383247E0  4.95030849E-2 -5.23987527E-5    3
  3.09156341E-8-7.42697446E-12  -9.45793932E3   2.36104423E1                   4
C2H3CHOCH2              C   4H   6O   1     G     300.0    5000.0  1431.0      1
    1.2676279E1  1.40819509E-2 -4.63473868E-6 7.01090838E-10-3.99438277E-14    2
  -4.08065264E3  -4.22515995E1  -3.59388437E0   5.7906345E-2 -4.97163294E-5    3
  2.15818682E-8-3.69199072E-12   8.58852628E2   4.28475443E1                   4
C4H4O                   C   4H   4O   1     G     200.0    6000.0  1000.0      1
   9.38935003E0  1.40291241E-2  -5.0775511E-6 8.24137332E-10-4.95319963E-14    2
  -8.68241814E3   -2.7916292E1  8.47469463E-1  1.31773796E-2  5.99735901E-5    3
 -9.71562904E-8 4.22733796E-11  -5.36785445E3   2.14945172E1                   4
C4H6O23                 C   4H   6O   1     G     200.0    5000.0  1000.0      1
   8.60658242E0  2.08310051E-2 -8.42229481E-6   1.5671764E-9-1.09391202E-13    2
  -1.32392815E4   -2.3246475E1   2.67053463E0   4.9258642E-3  8.86967406E-5    3
 -1.26219194E-7 5.23991321E-11  -1.02787872E4   1.45722395E1                   4
CPT                     C   5H  10          G     298.0    5000.0 1383.93      1
   5.91980186E0  3.74330669E-2 -1.57413711E-5  3.00551943E-9-2.14019306E-13    2
  -1.41686641E4  -1.19750998E1  -8.04275668E0  7.54034866E-2 -5.41554603E-5    3
  2.02835911E-8-3.16090573E-12  -1.01200965E4   6.06865539E1                   4
C4H6                    C   4H   6          G     200.0    3000.0  1000.0      1
    6.6182841E0  2.16524014E-2 -1.00808939E-5  2.30131063E-9-2.08591476E-13    2
   1.04264812E4  -1.19456637E1   3.47058046E0  3.11818008E-3  8.35374096E-5    3
 -1.20922242E-7 5.10785834E-11   1.21836478E4   9.77569638E0                   4
C4H5-I                  C   4H   5          G     200.0    3000.0  1000.0      1
    5.2123633E0  2.11904849E-2 -1.01452904E-5  2.37196412E-9-2.19380798E-13    2
   3.55412121E4  -1.49204241E0   2.33075629E0  2.14211871E-2  1.33107444E-5    3
 -3.53552783E-8 1.67027316E-11   3.65361778E4   1.47998934E1                   4
C4H5-N                  C   4H   5          G     200.0    3000.0  1000.0      1
   7.45536962E0  1.74045229E-2 -7.95862554E-6  1.77798873E-9-1.56947583E-13    2
   4.08746552E4  -1.38471684E1   1.92352714E0  1.92435082E-2  3.45401999E-5    3
 -6.99782564E-8 3.27933293E-11   4.26697358E4   1.69582267E1                   4
C4H5-2                  C   4H   5          G     300.0    5000.0  1385.0      1
   1.03230828E1  1.17625574E-2 -4.00004665E-6 6.18727929E-10 -3.5808353E-14    2
   3.25861413E4  -2.88794317E1   2.31011292E0  2.83747046E-2 -1.63836755E-5    3
  4.46251967E-9-4.30510879E-13   3.55842945E4   1.49105965E1                   4
C4H4                    C   4H   4          G     300.0    3000.0  1000.0      1
    6.6507092E0   1.6129434E-2  -7.1938875E-6   1.4981787E-9  -1.186411E-13    2
    3.1195992E4   -9.7952118E0   -1.9152479E0   5.2750878E-2  -7.1655944E-5    3
   5.5072423E-8 -1.7286228E-11    3.2978504E4    3.1419983E1                   4
C4H3-I                  C   4H   3          G     300.0    3000.0  1000.0      1
    9.0978165E0   9.2207119E-3  -3.3878441E-6  4.9160498E-10  -1.452978E-14    2
    5.6600574E4   -1.9802597E1    2.0830412E0   4.0834274E-2  -6.2159685E-5    3
   5.1679358E-8 -1.7029184E-11    5.8005129E4    1.3617462E1                   4
C4H3-N                  C   4H   3          G     300.0    3000.0  1000.0      1
    5.4328279E0   1.6860981E-2  -9.4313109E-6   2.5703895E-9 -2.7456309E-13    2
     6.160068E4   -1.5673981E0  -3.1684113E-1     4.69121E-2   -6.809381E-5    3
   5.3179921E-8 -1.6523005E-11    6.2476199E4    2.4622559E1                   4
C4H2                    C   4H   2          G     100.0    5000.0 1061.12      1
   8.53383593E0  6.48510854E-3 -2.11585438E-6 3.35827397E-10-2.11540291E-14    2
   5.22064556E4  -2.14748326E1   2.01411625E0   3.1061966E-2 -3.68578732E-5    3
  2.21631889E-8-5.16370619E-12   5.35900904E4   1.03657992E1                   4
CH2CHCHCHCCH            C   6H   6          G     300.0    5000.0  1394.0      1
   1.71155812E1  1.35873582E-2 -4.71347534E-6 7.38927269E-10-4.31678854E-14    2
   3.34001333E4  -6.63949871E1  -1.63758241E0  6.58049292E-2 -6.19478129E-5    3
  2.95388753E-8-5.56039075E-12   3.91068149E4   3.13986448E1                   4
C4H612                  C   4H   6          G     300.0    5000.0  1392.0      1
   9.98419461E0  1.45179551E-2 -4.93059841E-6 7.61740334E-10-4.40397397E-14    2
   1.44449295E4  -2.87041308E1  8.99818731E-1  3.46981453E-2  -2.2115108E-5    3
  7.49527919E-9-1.07488909E-12   1.77465204E4   2.05248012E1                   4
C4H6-2                  C   4H   6          G    298.15    2000.0  1000.0      1
    3.2849331E0  2.56208578E-2 -1.13437876E-5  2.13794807E-9-1.05016221E-13    2
   1.53435097E4   7.73047992E0   2.65653419E0  2.30439838E-2  1.57227991E-7    3
 -1.06198653E-8 4.35705454E-12   1.57237129E4   1.20347588E1                   4
H2C4O                   C   4H   2O   1     G     300.0    4000.0  1000.0      1
     1.026888E1    4.896164E-3   -4.885081E-7  -2.708566E-10   5.107013E-14    2
     2.346903E4    -2.815985E1     4.810971E0    1.313999E-2    9.865073E-7    3
    -6.12072E-9   1.640003E-12     2.545803E4     2.113424E0                   4
CH2CCOCH3               C   4H   5O   1     G     100.0    5000.0 1009.08      1
   1.01301574E1  1.52017904E-2  -5.4554212E-6  9.5187623E-10-6.46431807E-14    2
   6.41528036E3   -2.4667176E1   2.02971909E0  3.87132455E-2 -2.76231239E-5    3
  7.15255867E-9 4.91353913E-13   8.48785529E3   1.66551721E1                   4
C3H6CHO-1O2             C   4H   7O   3     G     300.0    5000.0  1393.0      1
   1.76307908E1  1.77434874E-2 -6.47118922E-6   1.0991564E-9-6.85650955E-14    2
  -2.63378408E4  -5.99652189E1 -1.44726948E-2  6.27634306E-2 -5.12890992E-5    3
  2.16695721E-8-3.70789338E-12  -2.06017447E4   3.34348635E1                   4
C3H6CHO-2O2             C   4H   7O   3     G     300.0    5000.0  1366.0      1
   1.83104922E1  1.79423683E-2 -6.10216813E-6 9.44908514E-10 -5.4756893E-14    2
   -2.6795087E4  -6.46618054E1   4.58791021E0  4.42780161E-2 -2.26581832E-5    3
  4.18091082E-9 5.80557748E-14  -2.14781823E4   1.10346186E1                   4
C3H6CHO-3O2             C   4H   7O   3     G     300.0    5000.0  1360.0      1
   1.80567176E1   1.8342386E-2 -6.27956292E-6 9.76597608E-10-5.67606901E-14    2
  -2.52108602E4  -6.26976062E1   5.36686428E0  4.04034632E-2 -1.70314395E-5    3
 9.61066124E-10 7.06963225E-13   -2.0036828E4   8.16284576E0                   4
C3H6COQ1                C   4H   7O   3     G     300.0    5000.0  1394.0      1
   1.80065611E1  1.84806776E-2 -7.50685255E-6  1.37789888E-9-8.99606699E-14    2
  -2.51840204E4  -6.09987511E1  4.85903573E-1  6.53580465E-2 -5.61950815E-5    3
  2.44886578E-8-4.27885474E-12  -1.97512116E4   3.08954041E1                   4
C3H6COQ2                C   4H   7O   3     G     300.0    5000.0  1392.0      1
   1.84872309E1  1.64895776E-2  -5.8206786E-6 9.69447452E-10-5.98644677E-14    2
  -2.52684576E4  -6.35233858E1   3.90868701E0  5.28969908E-2 -4.13170637E-5    3
  1.69715716E-8-2.85171551E-12  -2.04357784E4    1.3947676E1                   4
C3H5CHOQ2-1             C   4H   7O   3     G     300.0    5000.0  1416.0      1
   2.04137456E1  1.48247948E-2 -4.73762615E-6 7.02188194E-10-3.94326053E-14    2
  -2.80523711E4    -7.668364E1    -2.062335E0  8.26258717E-2 -8.27361297E-5    3
  4.07843322E-8-7.73505567E-12  -2.19053153E4   3.83843573E1                   4
C3H6COQ3                C   4H   7O   3     G     300.0    5000.0  1392.0      1
   1.82030915E1  1.65449087E-2 -5.72142585E-6 9.36828903E-10-5.72202312E-14    2
   -2.3600548E4  -6.12005415E1   4.21432553E0  5.11167086E-2 -3.90769436E-5    3
  1.58352754E-8-2.63755528E-12  -1.89203806E4   1.32762008E1                   4
CH3CYC2H2OCHO           C   4H   6O   2     G     300.0    5000.0  1377.0      1
   1.53985115E1  1.64633481E-2 -5.83447618E-6 9.27587317E-10-5.47143564E-14    2
  -3.20884336E4  -5.72230801E1  -1.32566232E0  5.44608754E-2  -3.9483911E-5    3
  1.49077818E-8 -2.3623832E-12  -2.60783037E4   3.31397493E1                   4
C3H7CHO                 C   4H   8O   1     G     300.0    5000.0  1679.0      1
   1.19789345E1  2.04894148E-2 -7.24831619E-6  1.15561709E-9-6.84119824E-14    2
   -3.0927213E4  -3.63929716E1   1.24208539E0  4.21277518E-2 -2.13832135E-5    3
  4.22614614E-9-1.03710908E-13  -2.71049353E4   2.21567167E1                   4
NC3H7CO                 C   4H   7O   1     G     300.0    5000.0  2009.0      1
   1.12985564E1  1.88433093E-2 -6.47020269E-6  1.01213996E-9-5.91651286E-14    2
  -1.11491841E4  -3.00451398E1   2.55036037E0  3.66123221E-2  -1.8336315E-5    3
  3.78113452E-9-1.51825816E-13  -8.03077767E3   1.76299131E1                   4
C3H6CHO-1               C   4H   7O   1     G     300.0    5000.0  1421.0      1
    1.4858204E1  1.53363226E-2 -5.09482447E-6 7.75576138E-10-4.43833534E-14    2
  -1.48568935E4  -5.35144849E1  -3.09238749E0  6.44148836E-2 -5.66744754E-5    3
  2.52871713E-8-4.45177226E-12  -9.44491839E3   4.01747352E1                   4
C3H6CHO-2               C   4H   7O   1     G     300.0    5000.0  1670.0      1
   1.07994524E1  1.99666357E-2 -7.02264763E-6  1.11646813E-9-6.59999601E-14    2
  -6.53228862E3  -2.72019911E1    2.1719477E0  3.46012587E-2 -1.28784825E-5    3
 2.46075165E-11  6.5457597E-13  -3.18932228E3   2.08388838E1                   4
C3H6CHO-3               C   4H   7O   1     G     300.0    5000.0  1680.0      1
   1.11057761E1  1.94829033E-2 -6.80219665E-6  1.07611215E-9-6.33985135E-14    2
  -5.79319962E3   -2.8594036E1   2.50394898E0  3.52020899E-2 -1.49538799E-5    3
  1.51842245E-9  3.2624093E-13  -2.56469857E3   1.89082252E1                   4
C2H5COCH2               C   4H   7O   1     G     300.0    5000.0  1396.0      1
    1.3597948E1  1.57187785E-2  -5.3520082E-6 8.28428039E-10-4.79645862E-14    2
  -1.30111973E4  -4.46215708E1   1.96643032E0  4.10271409E-2 -2.56193885E-5    3
  7.86244495E-9-9.26825962E-13  -8.80149212E3   1.84803948E1                   4
CH2CH2COCH3             C   4H   7O   1     G     300.0    5000.0  1392.0      1
   1.17915603E1  1.70296457E-2 -5.75444256E-6 8.86035114E-10-5.11070778E-14    2
  -9.70683178E3  -3.25532787E1   2.36191763E0  3.50400641E-2 -1.70487065E-5    3
   3.0907021E-9 2.80364847E-14  -6.02754073E3   1.95184512E1                   4
CH3CHCOCH3              C   4H   7O   1     G     300.0    5000.0  1438.0      1
   1.19651378E1  1.63142163E-2  -5.3987952E-6 8.20454677E-10-4.69197541E-14    2
  -1.51990676E4  -3.30142593E1   3.31082456E0  2.83712402E-2 -5.64603859E-6    3
 -4.62626296E-9 1.82954207E-12  -1.14602301E4   1.62217415E1                   4
C2H3COCH3               C   4H   6O   1     G     300.0    5000.0  1390.0      1
   1.19989844E1  1.52616304E-2 -5.26018882E-6 8.20774274E-10-4.77834528E-14    2
   -2.1217062E4  -3.71383523E1    6.559107E-1  4.19405303E-2 -3.00269693E-5    3
  1.16578089E-8-1.92100897E-12  -1.72216627E4   2.38412293E1                   4
C2H5CHCO                C   4H   6O   1     G     300.0    5000.0  2038.0      1
   1.48716368E1  1.44579209E-2 -5.41685036E-6  8.9642468E-10-5.44332329E-14    2
  -1.86152167E4  -5.51247834E1   3.07559957E0  3.89367803E-2 -2.25485467E-5    3
  5.41518777E-9-3.55064763E-13  -1.44468481E4   8.99415847E0                   4
C5H5CH3-1               C   6H   8          G     300.0    5000.0  1398.0      1
   1.50340047E1  2.04185116E-2 -6.97043123E-6  1.08100581E-9-6.26770876E-14    2
   4.36152703E3  -5.84840756E1  -4.85526203E0  7.01843167E-2 -5.64257356E-5    3
  2.45599738E-8-4.55996125E-12   1.09594237E4   4.72361312E1                   4
C5H5CH3-2               C   6H   8          G     300.0    5000.0  1397.0      1
   1.49358231E1  2.07204882E-2 -7.12075715E-6  1.10910625E-9-6.44955257E-14    2
   4.21973626E3  -5.80592282E1   -5.1067818E0  7.16988475E-2 -5.92912396E-5    3
  2.68400844E-8-5.18704752E-12   1.08372235E4   4.82757623E1                   4
C5H5CH2-1               C   6H   7          G     300.0    5000.0  1397.0      1
     1.600095E1  1.74775366E-2 -6.04888686E-6 9.46697639E-10-5.52383113E-14    2
   1.89331639E4  -6.37501499E1  -5.51494836E0  7.62865173E-2 -7.08169924E-5    3
  3.48372736E-8-7.04893103E-12   2.56380901E4   4.89742458E1                   4
C5H5CH2-2               C   6H   7          G     300.0    5000.0  1398.0      1
   1.61072691E1  1.73692888E-2  -6.0074232E-6 9.39783915E-10-5.48175033E-14    2
   2.18936092E4  -6.42898814E1  -5.23109521E0  7.55274387E-2  -6.9756157E-5    3
  3.41064092E-8-6.86051432E-12   2.85484814E4   4.75422184E1                   4
CYC6H7                  C   6H   7          G     300.0    5000.0  1397.0      1
    1.4580753E1  1.90472668E-2 -6.57818915E-6  1.02815839E-9-5.99380191E-14    2
   1.74041915E4  -5.69878049E1  -6.31362107E0  7.16680944E-2 -5.92387132E-5    3
  2.61855709E-8-4.89962261E-12   2.42993483E4   5.39513361E1                   4
C6H7-2                  C   6H   7          G     100.0    5000.0  956.84      1
   1.31801461E1  2.02036659E-2 -6.69495806E-6  1.18324786E-9-8.42554547E-14    2
    3.4630951E4  -4.13920845E1   1.67675678E0  3.91983322E-2  9.13815308E-6    3
 -4.16267941E-8 1.94040212E-11   3.81641868E4    2.0557265E1                   4
C5H4CH3                 C   6H   7          G     300.0    5000.0  1400.0      1
   1.50272937E1  1.80083785E-2 -6.16578517E-6 9.57991706E-10-5.56127818E-14    2
   1.93917038E4  -5.65861279E1  -4.31656809E0  6.99979235E-2 -6.23527495E-5    3
  2.98472987E-8-5.93527478E-12   2.54948558E4   4.50458112E1                   4
C5H5CH2                 C   6H   7          G     300.0    5000.0  1402.0      1
   1.51289858E1   1.7806553E-2 -6.07089735E-6 9.40569603E-10-5.44933404E-14    2
   3.14331794E4  -5.67055395E1  -4.91289852E0   7.3236214E-2 -6.75470764E-5    3
  3.31296896E-8-6.66457544E-12   3.75966523E4   4.80335683E1                   4
C5H10O1-2               C   5H  10O   1     G     300.0    5000.0  1424.0      1
    1.7645314E1  2.17647043E-2 -7.28831391E-6  1.11571673E-9-6.41056178E-14    2
  -2.49627812E4  -6.94780751E1  -5.22384549E0  7.95280569E-2 -6.27918049E-5    3
  2.51187341E-8-3.99106436E-12  -1.76152192E4    5.1532812E1                   4
C5H91-3OOH              C   5H  10O   2     G     300.0    5000.0  1401.0      1
   1.90158291E1  2.28229383E-2 -7.76211016E-6  1.20045171E-9-6.94586795E-14    2
  -2.18897784E4  -6.86510389E1   1.26334989E0  6.38810275E-2 -4.38456738E-5    3
  1.55406771E-8-2.24434767E-12  -1.57017395E4    2.6804764E1                   4
C5H92-1OOH              C   5H  10O   2     G     300.0    5000.0  1397.0      1
     1.902329E1  2.27743188E-2 -7.73794056E-6  1.19606138E-9-6.91828061E-14    2
  -2.13049245E4  -6.88848701E1 -1.27864261E-1   6.8685009E-2 -5.01610823E-5    3
  1.91667346E-8-3.00662516E-12  -1.47821299E4   3.35341064E1                   4
NC5KET12                C   5H  10O   3     G     300.0    5000.0  1386.0      1
    2.5695862E1  1.97581564E-2 -6.83008913E-6  1.06937987E-9 -6.2452208E-14    2
   -4.9102796E4  -1.03505108E2  -1.29174799E0  8.64138926E-2 -7.02456071E-5    3
  2.86657248E-8-4.68321816E-12  -4.01718501E4   4.00248297E1                   4
NC5KET12O               C   5H   9O   2     G     300.0    5000.0  1377.0      1
   2.09367959E1  2.00874425E-2  -7.0482967E-6  1.11330293E-9-6.53771464E-14    2
  -3.04314417E4  -8.04081881E1   2.82328315E0  5.56013887E-2 -3.02956498E-5    3
  6.22735484E-9-8.25379616E-14  -2.35055878E4   1.92120018E1                   4
C2H4OCHO                C   3H   5O   2     G     300.0    5000.0  1684.0      1
   1.22682078E1  1.37336751E-2 -5.06732537E-6 8.30265992E-10-5.00728023E-14    2
  -2.09125606E4  -3.56985038E1   3.11985293E0   3.1951412E-2 -1.67508873E-5    3
  3.25914973E-9-4.96818754E-14  -1.76239471E4   1.42845094E1                   4
C5H11-2                 C   5H  11          G     200.0    3000.0  1000.0      1
   2.74596473E0  4.60224688E-2 -2.29262447E-5  5.57007195E-9-5.34357074E-13    2
   2.38140633E3   1.65054212E1   7.43069285E0 -3.43209366E-3  1.15810598E-4    3
  -1.4611029E-7  5.7178996E-11    2.5557649E3  3.62389169E-1                   4
C-DC5H10O               C   5H  10O   1     G     300.0    5000.0  1415.0      1
   1.75721707E1  2.16805796E-2 -7.22379193E-6  1.10170103E-9 -6.3122244E-14    2
  -2.54336652E4  -7.01131722E1  -7.94334743E0  9.36350437E-2 -8.55713608E-5    3
  3.97013264E-8-7.24456558E-12  -1.79116899E4   6.23627456E1                   4
IC3H5COCH3              C   5H   8O   1     G     300.0    5000.0  1392.0      1
   1.49935813E1  1.97788403E-2 -6.78313207E-6   1.0548123E-9-6.12614698E-14    2
  -2.60877929E4  -5.26202086E1   1.54292407E0    5.054323E-2 -3.42434122E-5    3
  1.25252368E-8-1.95302231E-12  -2.12702785E4   1.99855884E1                   4
AC3H4COCH3              C   5H   7O   1     G     300.0    5000.0  1384.0      1
   1.60405803E1  1.62938876E-2  -5.4927504E-6  8.4544204E-10-4.87866397E-14    2
  -8.30972832E3  -5.83003416E1  9.48806278E-1  5.17869173E-2  -3.7486762E-5    3
  1.40294881E-8-2.14698694E-12  -3.10553556E3   2.26479362E1                   4
C5H81-2                 C   5H   8          G     200.0    3000.0  1000.0      1
   4.64348492E0  3.43849985E-2 -1.68140472E-5  4.00773292E-9 -3.7732162E-13    2
   1.39041715E4   3.35216937E0   5.71236212E0  8.93701088E-3  6.58093976E-5    3
 -9.19674851E-8 3.73535619E-11   1.44657677E4    2.6639109E0                   4
C5H81-3                 C   5H   8          G     200.0    3000.0  1000.0      1
    6.8396737E0  3.12295067E-2  -1.4913234E-5  3.47246715E-9-3.19638795E-13    2
   5.58219016E3  -1.05913717E1   4.04984587E0  1.50138236E-2  6.82395372E-5    3
 -1.07020603E-7 4.60261713E-11   7.11637471E3   8.56394457E0                   4
C5H8OH13-2O2            C   5H   9O   3     G     300.0    5000.0  1404.0      1
   1.96180007E1  2.20998529E-2  -7.4681667E-6  1.15011137E-9-6.63526404E-14    2
  -2.45746425E4  -6.67453703E1   1.87753744E0  6.34054943E-2 -4.38224209E-5    3
  1.55133047E-8-2.21315366E-12   -1.8450704E4   2.84941087E1                   4
C5H83OOH2-1O            C   5H   9O   3     G     300.0    5000.0  1411.0      1
   2.06925227E1  2.14138646E-2 -7.28149377E-6  1.12616482E-9-6.51681078E-14    2
  -1.50486584E4  -7.34239559E1   4.04273046E0  5.65279958E-2 -3.33234001E-5    3
  8.73699281E-9-6.77987084E-13  -8.98138427E3   1.71794004E1                   4
C5H8D14                 C   5H   8          G     200.0    3000.0  1000.0      1
   4.62582074E0  3.40878566E-2 -1.64583391E-5  3.86075298E-9-3.56864733E-13    2
   9.65264295E3   3.18383391E0   5.28538772E0  9.02478938E-3  6.74295537E-5    3
 -9.42123503E-8  3.8231846E-11   1.03625123E4   4.79068416E0                   4
C5H82-3                 C   5H   8          G     200.0    3000.0  1000.0      1
   3.89235191E0  3.51432627E-2 -1.70608744E-5  4.01911173E-9-3.72675201E-13    2
   1.31635741E4   7.63971228E0   6.47289995E0  4.62100238E-3  6.95992428E-5    3
 -9.03978685E-8 3.53259001E-11   1.34219805E4 -4.46197388E-1                   4
C5H8-1                  C   5H   8          G     200.0    3000.0  1000.0      1
   5.43543877E0  3.30341711E-2 -1.58717011E-5  3.70583385E-9-3.41004265E-13    2
   1.40358116E4    -1.241353E0   3.71837234E0  2.23012845E-2   3.7280173E-5    3
 -6.60052789E-8 2.86681872E-11   1.50279698E4   1.07614107E1                   4
C5H8-2                  C   5H   8          G     200.0    3000.0  1000.0      1
   4.13150249E0  3.55276772E-2 -1.73157909E-5   4.1004648E-9-3.82720841E-13    2
   1.24107008E4   6.93865723E0   6.04096763E0  8.61887858E-3  6.27338967E-5    3
 -8.53015032E-8  3.3968893E-11    1.2752575E4   1.84524671E0                   4
CH3CYC3H3CH3-3          C   5H   9          G     200.0    3000.0  1000.0      1
   4.18593807E0  3.80585349E-2  -1.8447433E-5  4.33452267E-9-4.00354785E-13    2
   2.48438858E4   2.99248355E0   5.44596539E0  4.79409129E-3  8.91045953E-5    3
 -1.19443874E-7 4.78304305E-11   2.56638465E4   2.97872202E0                   4
CH2CYC3H4CH3            C   5H   9          G     200.0    3000.0  1000.0      1
   5.88150228E0   3.5617505E-2 -1.70887764E-5  3.99851847E-9-3.69824285E-13    2
   1.85205381E4  -4.78909316E0   3.13920534E0  2.47916518E-2  4.49228226E-5    3
  -7.9573436E-8 3.47586812E-11   1.98725161E4   1.30492684E1                   4
CYC3H4C2H5-2            C   5H   9          G     200.0    3000.0  1000.0      1
   5.57500334E0  3.62586952E-2 -1.74749733E-5   4.0946255E-9-3.78526221E-13    2
   2.50213557E4  -2.68633492E0    3.8847873E0  1.37172566E-2  7.77824297E-5    3
 -1.16058007E-7 4.87483585E-11   2.64426046E4   1.16711574E1                   4
CYC3H5CHCH3             C   5H   9          G     200.0    3000.0  1000.0      1
   3.84172241E0  3.90356382E-2 -1.94156469E-5  4.72063177E-9-4.53941919E-13    2
   1.93106623E4   7.74588244E0   4.77241034E0  3.63841604E-3   1.0025573E-4    3
 -1.36267903E-7 5.53297495E-11   2.02785217E4   9.92870678E0                   4
CYC5H9                  C   5H   9          G     298.0    5000.0 1395.31      1
   6.89653674E0  3.29606477E-2 -1.37499396E-5  2.61118751E-9 -1.8524588E-13    2
   8.97770745E3  -1.52147813E1  -7.61748974E0  7.54251668E-2 -6.06647437E-5    3
  2.59450588E-8-4.61382247E-12   1.29472597E4   5.93647984E1                   4
CYC3H5CHCH2             C   5H   8          G     200.0    3000.0  1000.0      1
   4.89638198E0  3.43772033E-2 -1.66543636E-5  3.92614967E-9-3.65195595E-13    2
   1.16993632E4 -4.47531518E-1   5.41743271E0  2.01440702E-3  9.40935901E-5    3
 -1.26253625E-7 5.09083715E-11   1.27339565E4   3.51686362E0                   4
C5H7-13-2               C   5H   7          G     200.0    3000.0  1000.0      1
   5.46013952E0  3.09922767E-2 -1.52407882E-5  3.64465682E-9   -3.43528E-13    2
   3.06953951E4  -1.10765621E0   4.48621778E0  1.87295094E-2  3.62694754E-5    3
 -6.07569532E-8 2.57845074E-11    3.1505408E4   7.06278679E0                   4
C5H7-13-3               C   5H   7          G     200.0    3000.0  1000.0      1
    5.7227355E0  3.01851468E-2 -1.45368606E-5   3.3921187E-9-3.11099727E-13    2
    3.0986557E4  -2.42713683E0   4.19435761E0  1.94803565E-2  3.56919961E-5    3
 -6.09873391E-8 2.60726694E-11   3.19424884E4   8.58476245E0                   4
CVCCJCVC                C   5H   7          G     200.0    3000.0  1000.0      1
   5.86851076E0  3.08634054E-2 -1.50886736E-5  3.59004361E-9-3.36867228E-13    2
   2.06538155E4  -6.26163911E0   2.85573896E0   1.9846387E-2  4.89861925E-5    3
 -8.24914232E-8 3.56995236E-11   2.21298963E4    1.3214161E1                   4
C5H7-14-1               C   5H   7          G     200.0    3000.0  1000.0      1
   5.57502457E0  3.00860935E-2 -1.47413716E-5  3.52436964E-9-3.32990916E-13    2
   3.91270234E4  3.17374896E-1    4.5880744E0  1.77508472E-2  3.74788593E-5    3
 -6.20787698E-8 2.63721141E-11   3.99346169E4   8.55155292E0                   4
CVCCVCCOJ               C   5H   7O   1     G     300.0    5000.0  1665.0      1
   1.84798895E1  1.69205741E-2 -6.38125084E-6  1.06059607E-9-6.45951684E-14    2
   1.03312927E4  -7.29016935E1   1.90894428E0  5.19545086E-2 -3.14520834E-5    3
  7.88109403E-9-5.51243426E-13   1.60756909E4   1.68752049E1                   4
CVCCVCCVO               C   5H   6O   1     G     300.0    5000.0  1395.0      1
    1.6268299E1  1.43327751E-2 -4.97440692E-6 7.79901086E-10 -4.5558768E-14    2
  -1.07808971E4  -6.04089377E1  -1.68197134E0  6.60378564E-2  -6.5507948E-5    3
  3.43065232E-8-7.27907398E-12    -5.371738E3   3.28440452E1                   4
C5H9O1-3                C   5H   9O   1     G     300.0    5000.0  1410.0      1
    1.7015929E1  1.99601639E-2 -6.70700016E-6  1.02886842E-9-5.91938016E-14    2
  -4.21738235E3  -6.14046081E1   2.45310693E0  5.25270826E-2  -3.3550602E-5    3
  1.06156518E-8-1.28945649E-12   9.24132016E2   1.72176744E1                   4
C5H9O2-1                C   5H   9O   1     G     300.0    5000.0  1475.0      1
   2.23842351E1   1.7364609E-2 -6.25665509E-6  1.00576087E-9-5.97844843E-14    2
  -5.43575175E3  -9.51141327E1   3.23639358E0  4.73206072E-2 -1.39196825E-5    3
 -5.92408707E-9 2.87110459E-12   2.52564124E3   1.26917806E1                   4
C5H9O2-4                C   5H   9O   1     G     300.0    5000.0  1407.0      1
   1.62392024E1  2.06163491E-2 -6.93203743E-6  1.06381647E-9-6.12201833E-14    2
  -5.09957939E3  -5.74137607E1   2.73688691E0  4.91498151E-2 -2.84055838E-5    3
   7.6217358E-9-6.73709304E-13  -1.57394756E2   1.60872362E1                   4
C5H91-3O2               C   5H   9O   2     G     300.0    5000.0  1400.0      1
   1.80833628E1  2.14507648E-2 -7.27996039E-6  1.12428772E-9-6.49877372E-14    2
  -4.67175613E3  -6.27892157E1   2.01030677E0  5.80659419E-2 -3.87799974E-5    3
  1.32968323E-8-1.84795665E-12   9.87017739E2     2.383499E1                   4
C5H91-4O2               C   5H   9O   2     G     300.0    5000.0  1406.0      1
    1.8729982E1  2.05857431E-2 -6.91180037E-6  1.05955777E-9 -6.0924861E-14    2
  -5.84847027E3  -6.72128182E1    2.2195494E0  6.21013922E-2 -4.74489091E-5    3
  1.92358731E-8-3.19437834E-12  -4.27290248E2   2.03810748E1                   4
C5H92-1O2               C   5H   9O   2     G     300.0    5000.0  1395.0      1
   1.81657732E1  2.12944106E-2 -7.21021262E-6  1.11200906E-9-6.42243782E-14    2
  -4.11301909E3  -6.34379275E1  6.58513602E-1  6.27595489E-2 -4.49230615E-5    3
  1.67944681E-8-2.57799119E-12   1.89849569E3   3.03660465E1                   4
C5H92-2O2               C   5H   9O   2     G     300.0    5000.0  1406.0      1
   1.70464547E1  2.07267261E-2 -6.69716885E-6  1.00028104E-9-5.64800035E-14    2
  -7.73141007E3  -5.63544058E1   1.88858345E0  5.81604479E-2 -4.20107728E-5    3
  1.60829907E-8-2.50946628E-12  -2.74214087E3   2.42129835E1                   4
C5H92-3O2               C   5H   9O   2     G     300.0    5000.0  1406.0      1
   1.70464547E1  2.07267261E-2 -6.69716885E-6  1.00028104E-9-5.64800035E-14    2
  -7.73141007E3  -5.63544058E1   1.88858345E0  5.81604479E-2 -4.20107728E-5    3
  1.60829907E-8-2.50946628E-12  -2.74214087E3   2.42129835E1                   4
C5H92-4O2               C   5H   9O   2     G     300.0    5000.0  1384.0      1
   1.77187169E1  2.15580572E-2  -7.2811384E-6  1.12142433E-9-6.47186407E-14    2
  -6.26199231E3  -6.11995154E1    1.8222721E0  5.67240866E-2 -3.66019813E-5    3
  1.21298371E-8-1.64377918E-12  -5.24779258E2   2.49074825E1                   4
C5H92-5O2               C   5H   9O   2     G     300.0    5000.0  1393.0      1
   1.76492895E1   2.2033901E-2 -7.52747658E-6  1.16766758E-9-6.77029661E-14    2
  -4.92389226E3  -6.10885285E1   2.13518287E0  5.64287285E-2 -3.63828677E-5    3
  1.21131986E-8 -1.6589453E-12   6.81532783E2   2.29414412E1                   4
C5H91OO2-4              C   5H   9O   2     G     100.0    5000.0  898.11      1
   1.76610707E1  1.88425008E-2 -2.56795129E-6 1.71252638E-10 -8.6681735E-15    2
  -2.82910133E3  -6.53502659E1   1.23152163E0  4.23472006E-2  4.11321423E-5    3
 -9.38469105E-8 4.33040659E-11   2.12514864E3   2.32992877E1                   4
C5H92OO1-3              C   5H   9O   2     G     100.0    5000.0  900.67      1
   1.47446118E1  2.39210864E-2 -5.45685067E-6  7.3034446E-10-4.62649539E-14    2
   -2.0190915E3  -4.79677062E1   1.33673042E0  4.37011406E-2  2.78282133E-5    3
 -7.29273848E-8 3.40055798E-11   2.00906347E3   2.42689702E1                   4
C5H92OO3-5              C   5H   9O   2     G     100.0    5000.0  900.67      1
   1.47446118E1  2.39210864E-2 -5.45685067E-6  7.3034446E-10-4.62649539E-14    2
   -2.0190915E3  -4.79677062E1   1.33673042E0  4.37011406E-2  2.78282133E-5    3
 -7.29273848E-8 3.40055798E-11   2.00906347E3   2.42689702E1                   4
C5H93OO2-5              C   5H   9O   2     G     100.0    5000.0  904.26      1
    1.5941221E1  2.19497222E-2 -4.15049555E-6 4.88153446E-10-3.13538891E-14    2
  -3.59601677E3  -5.74879375E1   1.46737731E0  3.72208935E-2  5.13909042E-5    3
 -1.00083569E-7 4.42576827E-11   1.01488818E3   2.19049591E1                   4
C5H9O1-2O-3             C   5H   9O   2     G     100.0    5000.0  875.32      1
   1.41362028E1   2.5447659E-2 -6.47608423E-6 8.84967809E-10-5.28490926E-14    2
   -1.4436934E4  -4.34965645E1  9.26780414E-1  5.84984296E-2 -1.63087501E-5    3
 -2.72740218E-8 1.81709494E-11  -1.10780907E4   2.44491571E1                   4
C5H9O1-2O-4             C   5H   9O   2     G     100.0    5000.0  875.32      1
   1.41362028E1   2.5447659E-2 -6.47608423E-6 8.84967809E-10-5.28490926E-14    2
   -1.4436934E4  -4.34965645E1  9.26780414E-1  5.84984296E-2 -1.63087501E-5    3
 -2.72740218E-8 1.81709494E-11  -1.10780907E4   2.44491571E1                   4
C5H9O2-3O-1             C   5H   9O   2     G     100.0    5000.0  865.27      1
   9.51436481E0  3.36515901E-2  -1.1243967E-5  1.82328726E-9-1.16932368E-13    2
  -1.35770245E4  -1.79055182E1   1.12551785E0  5.97491505E-2 -3.44994028E-5    3
  2.80103484E-9 4.49499282E-12  -1.16505312E4   2.40953209E1                   4
C5H9O2-3O-5             C   5H   9O   2     G     100.0    5000.0  865.27      1
   9.51436481E0  3.36515901E-2  -1.1243967E-5  1.82328726E-9-1.16932368E-13    2
  -1.35770245E4  -1.79055182E1   1.12551785E0  5.97491505E-2 -3.44994028E-5    3
  2.80103484E-9 4.49499282E-12  -1.16505312E4   2.40953209E1                   4
C5H81OOH3-1             C   5H   9O   2     G     300.0    5000.0  1401.0      1
   1.94686224E1   2.0081683E-2 -6.85931458E-6  1.06402642E-9-6.16981135E-14    2
   7.59189001E3   -6.9685423E1   1.94263371E0  6.13188821E-2 -4.38272074E-5    3
  1.60803075E-8-2.39248816E-12   1.36145917E4   2.42768815E1                   4
C5H81OOH3-4             C   5H   9O   2     G     300.0    5000.0  1399.0      1
   1.82405763E1  2.09679558E-2 -7.12987625E-6  1.10255816E-9-6.37906628E-14    2
   1.97175216E3  -6.16714209E1   3.08637785E0  5.41554749E-2 -3.39845474E-5    3
   1.0574863E-8-1.27805452E-12   7.43585305E3   2.04662692E1                   4
C5H81OOH3-5             C   5H   9O   2     G     300.0    5000.0  1402.0      1
   1.84445429E1  2.07877189E-2 -7.06601326E-6  1.09240285E-9-6.31914711E-14    2
   3.23617432E3  -6.27777026E1   1.61265986E0   6.0484801E-2 -4.28470077E-5    3
  1.57528946E-8-2.36498323E-12   9.02133529E3   2.74469255E1                   4
C5H81OOH4-3             C   5H   9O   2     G     300.0    5000.0  1408.0      1
   1.93362551E1  2.01250681E-2 -6.76510991E-6  1.03795133E-9-5.97196244E-14    2
  -6.10454275E3  -7.12191223E1  9.76863553E-1    6.799054E-2 -5.52731509E-5    3
  2.35514937E-8-4.05758068E-12   -2.6256478E2   2.55538793E1                   4
C5H81OOH5-3             C   5H   9O   2     G     300.0    5000.0  1398.0      1
   1.89860228E1  2.09708109E-2 -7.17720297E-6  1.11474151E-9-6.46932158E-14    2
  -4.27859194E3  -6.88240161E1  5.85967039E-1  6.58477217E-2 -4.97094581E-5    3
  1.97122283E-8-3.21301126E-12   1.93040669E3   2.93372534E1                   4
C5H82OOH1-3             C   5H   9O   2     G     300.0    5000.0  1394.0      1
   1.89070944E1  2.04030983E-2 -6.93887667E-6  1.07342424E-9-6.21304617E-14    2
   6.58451017E3  -6.65813255E1   1.22555493E0  6.20134574E-2  -4.4400833E-5    3
  1.64398443E-8-2.48557619E-12   1.26745908E4   2.82383155E1                   4
C5H82OOH1-4             C   5H   9O   2     G     300.0    5000.0  1399.0      1
    1.8692077E1  2.09562132E-2 -7.11644911E-6  1.09966913E-9-6.35960754E-14    2
  -4.34447197E3   -6.7009768E1 -6.64852326E-1  6.89072105E-2  -5.3113457E-5    3
  2.13526811E-8-3.49815766E-12   2.07856822E3   3.59357013E1                   4
C5H81O3-4               C   5H   8O   1     G     300.0    5000.0  1417.0      1
   1.63871962E1   1.8188332E-2 -6.05689377E-6 9.23451295E-10-5.28997384E-14    2
  -1.10194514E4  -6.24617165E1  -5.98234079E0   8.1497772E-2 -7.51420995E-5    3
  3.49936793E-8  -6.392827E-12   -4.4568497E3   5.35846077E1                   4
C5H81O3-5               C   5H   8O   1     G     300.0    5000.0  1425.0      1
   1.46291649E1  1.92307945E-2 -6.22709299E-6 9.30605835E-10-5.25400852E-14    2
  -9.06749882E3  -5.24325671E1  -6.51150222E0  8.16061701E-2 -7.66438529E-5    3
  3.65501449E-8-6.80044183E-12  -3.14102243E3   5.62989462E1                   4
C5H82O1-4               C   5H   8O   1     G     300.0    5000.0  1412.0      1
   1.77500839E1   1.8169317E-2 -6.20820342E-6 9.63518029E-10-5.58987391E-14    2
  -2.22224033E4  -7.50605429E1  -6.25547999E0  8.13579346E-2  -7.0251318E-5    3
  3.04457257E-8-5.22022722E-12  -1.47210346E4   5.11328645E1                   4
C5H82O4-5               C   5H   8O   1     G     300.0    5000.0  1433.0      1
   1.54008302E1  1.88745365E-2   -6.264599E-6 9.53199937E-10 -5.4534424E-14    2
  -9.90542664E3  -5.65042963E1  -4.19764019E0  6.86553367E-2 -5.42294004E-5    3
  2.16850333E-8-3.43354941E-12  -3.65702455E3   4.70664588E1                   4
C5H81OOH3-5O2           C   5H   9O   4     G     300.0    5000.0  1394.0      1
   2.24268642E1  2.25516382E-2 -7.78085526E-6  1.21517138E-9-7.07960089E-14    2
  -1.59066513E4  -7.96239058E1   2.52557049E0  6.80662934E-2 -4.72696927E-5    3
  1.67052342E-8 -2.3933787E-12  -8.90844303E3   2.75865091E1                   4
C5H81KET35              C   5H   8O   3     G     300.0    5000.0  1383.0      1
   2.00213735E1  1.98024989E-2 -6.80860205E-6  1.06113421E-9-6.17415996E-14    2
  -3.46075061E4  -7.18089473E1   3.93730518E0  5.20541507E-2 -2.87543568E-5    3
   6.3774146E-9-2.27792267E-13  -2.85504827E4   1.63591093E1                   4
C5H81KET35O             C   5H   7O   2     G     300.0    5000.0  1676.0      1
    1.7751509E1  1.96770886E-2 -7.33680045E-6  1.21029244E-9 -7.3330031E-14    2
  -1.40228178E4  -6.30146553E1   5.16331514E0  4.24783263E-2 -1.88859443E-5    3
  1.62483502E-9 5.43040775E-13  -9.27314055E3   6.58155717E0                   4
IC6D3                   C   6H  12          G     300.0    5000.0  1393.0      1
   1.72910901E1  2.73390384E-2 -9.33634788E-6   1.4478138E-9-8.39256365E-14    2
  -1.68542605E4  -6.74423636E1  -4.6932745E-1  6.51169119E-2 -3.90470828E-5    3
  1.16822072E-8 -1.3788989E-12   -1.0272735E4   2.93282834E1                   4
IC6D3-2                 C   6H  11          G     300.0    5000.0  1389.0      1
   1.63991884E1  2.60813732E-2  -8.9271905E-6  1.38657582E-9-8.04681497E-14    2
   6.71050324E1  -6.37524141E1  1.99366847E-2  5.83749136E-2 -3.08388249E-5    3
  6.92388211E-9-3.60162828E-13   6.37507923E3   2.63689044E1                   4
I3C6D1                  C   6H  12          G     300.0    5000.0  1395.0      1
   1.77667979E1  2.69756406E-2 -9.21989087E-6  1.43055518E-9-8.29577133E-14    2
  -1.56836997E4  -6.87930377E1  -1.28061255E0  6.97935486E-2 -4.59082978E-5    3
  1.57564454E-8-2.24229481E-12  -8.85710162E3   3.41707239E1                   4
I3C6D1-3                C   6H  11          G     300.0    5000.0  1382.0      1
   1.79450895E1  2.41816489E-2 -8.15643147E-6  1.25534181E-9-7.24184612E-14    2
   5.24649176E2  -6.96176883E1 -5.43272512E-1  6.35261882E-2 -3.84755357E-5    3
   1.1111223E-8-1.16714536E-12   7.29460409E3   3.09831599E1                   4
C5H10-1                 C   5H  10          G     200.0    3000.0  1000.0      1
   4.80571242E0  3.93322437E-2 -1.86770756E-5  4.30209091E-9 -3.9019387E-13    2
  -5.95876737E3   2.28979639E0   7.29669123E0 -6.61181039E-4  1.02370104E-4    3
 -1.31781286E-7 5.21484493E-11  -5.28897818E3  -3.22097598E0                   4
C5H10-2                 C   5H  10          G     200.0    3000.0  1000.0      1
   3.20177642E0  4.19399771E-2 -2.04073772E-5  4.82552052E-9-4.49688453E-13    2
  -6.77474387E3   1.06588082E1   6.38890629E0  5.17821802E-3  8.38243423E-5    3
 -1.08917745E-7  4.2636487E-11  -6.50631935E3  4.31672439E-1                   4
C5H91-1                 C   5H   9          G     200.0    3000.0  1000.0      1
   5.05920235E0  3.64736061E-2 -1.76644591E-5  4.15548041E-9-3.85048342E-13    2
   2.37015989E4    2.7763549E0   5.33717043E0  1.25910913E-2  6.55534406E-5    3
 -9.47082812E-8 3.88653602E-11    2.4491447E4   6.27176932E0                   4
C5H91-2                 C   5H   9          G     200.0    3000.0  1000.0      1
   5.16601511E0  3.59353868E-2 -1.71053381E-5  3.93526759E-9-3.55399257E-13    2
   2.18877783E4   2.64001388E0    6.6638262E0  3.15486786E-3  8.76777048E-5    3
 -1.16766675E-7  4.6846209E-11   2.25877099E4   1.11607791E0                   4
C5H91-3                 C   5H   9          G     200.0    3000.0  1000.0      1
   4.58009725E0  3.78909114E-2  -1.8676163E-5  4.50631744E-9-4.31097589E-13    2
   1.04362358E4   3.50786106E0   4.92813299E0  1.07601889E-2  7.53109763E-5    3
 -1.06704866E-7 4.35756334E-11   1.13259646E4   7.30957998E0                   4
C5H91-4                 C   5H   9          G     200.0    3000.0  1000.0      1
    3.7485791E0  3.80727038E-2  -1.8472963E-5  4.33400847E-9 -3.9858161E-13    2
   1.77334204E4   1.15246465E1   7.04080013E0 -3.24769017E-3  1.02690615E-4    3
 -1.30532374E-7 5.13323955E-11   1.80839371E4   1.54411064E0                   4
C5H91-5                 C   5H   9          G     200.0    3000.0  1000.0      1
   5.26984301E0  3.61772106E-2 -1.75518655E-5  4.14065007E-9-3.84330867E-13    2
   1.88081273E4   3.09091826E0   7.22285748E0  7.33114839E-4  9.44776346E-5    3
 -1.25088414E-7 5.03063153E-11    1.9403131E4 -5.66988623E-1                   4
C5H92-2                 C   5H   9          G     200.0    3000.0  1000.0      1
    3.5088208E0  3.88526391E-2 -1.92439706E-5  4.65337749E-9-4.45384245E-13    2
   2.14319089E4   1.07418825E1   7.04396007E0  1.56957396E-3  8.38906304E-5    3
 -1.06558814E-7 4.13801325E-11   2.15980465E4  -1.34787842E0                   4
C5H92-3                 C   5H   9          G     200.0    3000.0  1000.0      1
   3.66126945E0   3.8504388E-2 -1.89566189E-5  4.54794306E-9-4.31244914E-13    2
   2.14927539E4   9.98790637E0   7.44219247E0 -1.86130682E-3  9.37623697E-5    3
 -1.17957718E-7 4.59402002E-11   2.16738085E4  -2.88122479E0                   4
C5H92-4                 C   5H   9          G     200.0    3000.0  1000.0      1
   3.50856731E0  3.93554954E-2 -1.94327955E-5  4.67381006E-9-4.43922581E-13    2
   9.36571475E3   8.82328906E0   7.45118476E0 -6.34795939E-3  1.10654308E-4    3
 -1.37728518E-7 5.36321402E-11   9.69782654E3  -3.80301707E0                   4
C5H92-5                 C   5H   9          G     200.0    3000.0  1000.0      1
   3.93599627E0  3.82388853E-2 -1.89453375E-5  4.59117331E-9-4.40452868E-13    2
   1.78011953E4   1.00624567E1   7.25185352E0  1.65230845E-3   8.4675525E-5    3
   -1.090008E-7  4.2801378E-11   1.79879662E4  -1.01299452E0                   4
CC5H10                  C   5H  10          G     200.0    3000.0  1000.0      1
   4.29132105E0  4.06138804E-2 -1.97856072E-5  4.70348359E-9 -4.4207255E-13    2
  -6.74886731E3   3.92259413E0   4.76118317E0  1.51965058E-2  6.76895718E-5    3
 -9.89517389E-8 4.06854834E-11  -5.98014071E3   6.62653844E0                   4
CC5H9-A                 C   5H   9          G     200.0    3000.0  1000.0      1
   5.83974771E0  3.49881529E-2 -1.67524047E-5  3.92283254E-9-3.64251695E-13    2
    1.7933898E4   -1.0479906E0   6.56971524E0  8.12068272E-3  7.37100718E-5    3
 -1.02655391E-7 4.18889988E-11   1.86774127E4  5.08566424E-1                   4
CC5H9-B                 C   5H   9          G     200.0    3000.0  1000.0      1
   3.55190233E0  3.93832461E-2 -1.95502604E-5  4.73737367E-9-4.53931285E-13    2
   8.59512853E3   8.30767598E0   5.00482525E0  9.57632035E-3  7.41540743E-5    3
 -1.01857602E-7 4.07907126E-11    9.2107054E3   6.44649604E0                   4
AC5H9-A2                C   5H   9          G     200.0    3000.0  1000.0      1
   5.37402088E0  3.63068025E-2 -1.74550924E-5   4.0884189E-9-3.78421042E-13    2
   1.00932639E4  -9.2875034E-1   3.16228179E0  2.22903987E-2  5.13102202E-5    3
 -8.56813875E-8 3.68542155E-11   1.13873582E4   1.45982591E1                   4
AC5H9-C                 C   5H   9          G     200.0    3000.0  1000.0      1
   4.15484073E0  3.80769147E-2  -1.8506506E-5  4.37669296E-9-4.08431646E-13    2
   9.33380689E3   5.11111559E0   4.35273311E0  1.34532681E-2  6.70816888E-5    3
 -9.66735514E-8  3.9479372E-11   1.02033398E4   9.28513653E0                   4
AC5H9-D                 C   5H   9          G     200.0    3000.0  1000.0      1
   5.26091299E0  3.59766702E-2 -1.73817646E-5  4.09954178E-9-3.82548445E-13    2
   1.70052975E4  4.82353983E-1    4.3805134E0  2.30528317E-2  3.65824123E-5    3
 -6.37776586E-8  2.7334713E-11   1.77854052E4   8.20210699E0                   4
B13DE2M                 C   5H   8          G     300.0    5000.0  1397.0      1
   1.40757545E1  1.82375566E-2 -6.20747687E-6 9.60350919E-10-5.55741525E-14    2
   2.40033881E3  -5.12988284E1 -4.72170009E-1  5.59413257E-2 -4.50458826E-5    3
  1.96181377E-8-3.52009647E-12   7.14960489E3   2.56276807E1                   4
B13DE2MJ                C   5H   7          G     300.0    5000.0  1393.0      1
   1.48413344E1  1.52425753E-2 -5.13559858E-6  7.8978726E-10-4.55353492E-14    2
    2.0266157E4  -5.54474955E1 -8.98037227E-1  5.65174321E-2 -4.76107829E-5    3
  2.09672106E-8-3.73076319E-12   2.52881763E4   2.74966602E1                   4
C4H7CHO-2               C   5H   8O   1     G     300.0    5000.0  1390.0      1
   1.62588601E1  1.87787531E-2 -6.45805165E-6  1.00641261E-9-5.85466414E-14    2
  -2.44023233E4  -5.96450353E1  3.69688874E-4  5.71382743E-2 -4.15287925E-5    3
  1.58289787E-8-2.49867087E-12  -1.87655817E4   2.75869712E1                   4
C4H7CHO-4               C   5H   8O   1     G     300.0    5000.0  1384.0      1
   1.58576532E1  1.86534921E-2  -6.3181181E-6 9.74987341E-10-5.63441964E-14    2
  -2.03331041E4  -5.56987444E1   1.79333973E0  4.64360031E-2 -2.44058281E-5    3
  4.71900615E-9 3.47453977E-14  -1.50194128E4   2.15047883E1                   4
C4H7CO1-4               C   5H   7O   1     G     300.0    5000.0  1378.0      1
   1.54637001E1  1.64158685E-2 -5.54672481E-6 8.55055295E-10 -4.9392875E-14    2
  -8.55858619E2  -5.10065564E1   2.09347005E0  4.59484008E-2 -3.00651488E-5    3
  9.99306335E-9-1.34709811E-12    3.9665937E3   2.14210959E1                   4
C4H6CHO-4,3             C   5H   7O   1     G     300.0    5000.0  1389.0      1
   1.55363938E1  1.68169228E-2 -5.68864604E-6 8.77226212E-10-5.06741077E-14    2
  -3.37619739E3  -5.38773344E1   1.28637968E0  4.65369681E-2 -2.71924042E-5    3
  6.80709326E-9-4.36046605E-13   1.83643986E3   2.37648966E1                   4
PC4H9CHO                C   5H  10O   1     G     300.0    5000.0  1383.0      1
   1.71928366E1  2.24205079E-2 -7.66524563E-6  1.18999819E-9-6.90481012E-14    2
   -3.6204845E4   -6.3926545E1   1.55168051E0  5.17580624E-2 -2.47521866E-5    3
  3.39585733E-9 4.54214964E-13  -3.01104924E4   2.25340321E1                   4
PC4H9CO                 C   5H   9O   1     G     300.0    5000.0  1380.0      1
   1.67761337E1  2.02898448E-2 -6.94418179E-6  1.07888297E-9-6.26360391E-14    2
  -1.72426942E4  -6.00185187E1   2.32674439E0   4.6956799E-2 -2.17002843E-5    3
  2.33166983E-9 6.15109331E-13  -1.15824032E4   1.99866279E1                   4
PC4H8CHO-1              C   5H   9O   1     G     300.0    5000.0  1391.0      1
   1.73203841E1  2.00050584E-2 -6.88462599E-6  1.07357298E-9-6.24869113E-14    2
   -1.6087944E4  -6.51443168E1  8.84469923E-1  5.26232725E-2 -2.83373818E-5    3
  5.66303879E-9-3.63459101E-15  -9.89241254E3   2.50250388E1                   4
AC3H5CHO                C   4H   6O   1     G     200.0    3000.0  1000.0      1
   4.11177934E0   2.8984584E-2 -1.45399322E-5  3.57066568E-9-3.47430372E-13    2
   -1.1855833E4   8.01249221E0   6.31334754E0 -8.24892617E-4  7.36799562E-5    3
 -9.48724083E-8 3.74836637E-11  -1.15147427E4   1.86071484E0                   4
AC3H5CO                 C   4H   5O   1     G     300.0    5000.0  1389.0      1
    1.1864659E1  1.28852832E-2 -4.45460888E-6 6.96613045E-10 -4.0621549E-14    2
   3.86957822E3  -3.32914428E1  7.33691342E-1  3.92117703E-2 -2.94730676E-5    3
  1.23983669E-8-2.33130379E-12   7.76212794E3   2.65015931E1                   4
NC52ONE-3               C   5H   8O   1     G     300.0    5000.0  1388.0      1
   1.48312595E1  2.01259287E-2 -6.94970483E-6  1.08573546E-9-6.32625551E-14    2
  -2.65938915E4  -5.14361841E1  8.18407003E-1  5.17195551E-2  -3.4785225E-5    3
  1.26179448E-8-1.96289033E-12  -2.15095891E4   2.44001463E1                   4
NC53ONE-1               C   5H   8O   1     G     300.0    5000.0  1388.0      1
   1.54699471E1  1.94419026E-2  -6.6848715E-6  1.04158457E-9-6.05841804E-14    2
  -2.56037925E4  -5.50815753E1    1.0684551E0  4.97050279E-2 -2.97718118E-5    3
  8.51066096E-9-8.95411427E-13  -2.02580056E4   2.34730078E1                   4
NC3H7COCH2              C   5H   9O   1     G     300.0    5000.0  1393.0      1
   1.72611127E1  1.91828746E-2 -6.41680319E-6 9.82027213E-10-5.64270287E-14    2
  -1.74829806E4  -6.30397964E1   2.14964962E0  5.09715972E-2 -2.97744827E-5    3
  7.64275255E-9-5.47753503E-13  -1.19838512E4   1.91969246E1                   4
CH3CHCOC2H5             C   5H   9O   1     G     300.0    5000.0  1426.0      1
   1.52590939E1  2.06874083E-2 -6.90185396E-6  1.05491074E-9-6.05775562E-14    2
  -1.97701234E4   -5.0340445E1    4.2615043E0  3.32446421E-2 -1.19632509E-6    3
 -1.01813061E-8 3.34232716E-12  -1.47673892E4   1.31662371E1                   4
C5H9OH1-1               C   5H  10O   1     G     300.0    5000.0  1403.0      1
   1.75079316E1  2.16282601E-2 -7.27208145E-6  1.11583782E-9-6.42027887E-14    2
   -3.1870734E4  -6.52360421E1 -6.90735141E-1  6.92485774E-2 -5.61398036E-5    3
  2.42367215E-8-4.26419373E-12  -2.60504168E4   3.07069354E1                   4
C5H9OH1-2,4             C   5H   9O   1     G     300.0    5000.0  1675.0      1
   1.78862438E1  2.25404616E-2 -8.43887314E-6  1.39586241E-9-8.47323458E-14    2
  -1.31129333E4  -6.88309349E1  8.28974728E-1  5.58595109E-2 -2.88865473E-5    3
  5.03019042E-9 1.10557145E-13   -6.9185405E3   2.45923279E1                   4
C5H9OH2-1,3             C   5H   9O   1     G     300.0    5000.0  1394.0      1
   1.73247506E1  1.85352867E-2 -6.83615749E-6  1.19065789E-9-7.59680846E-14    2
  -1.73521069E4  -6.36552399E1  9.81169884E-1  5.99064045E-2 -4.77285526E-5    3
  1.98506928E-8-3.36286704E-12  -1.19974208E4   2.29853919E1                   4
C5H9OH2-1,3O            C   5H   9O   2     G     300.0    5000.0  1395.0      1
   1.98060634E1  1.88513288E-2  -7.2270573E-6  1.29521535E-9-8.39977541E-14    2
  -2.83174493E4  -7.32352371E1    3.5680017E0  6.05489203E-2 -4.89951507E-5    3
  2.05635517E-8 -3.5051892E-12  -2.30692258E4   1.26146914E1                   4
CH3COOH                 C   2H   4O   2     G     100.0    5000.0 1020.01      1
   6.36119795E0   1.5512919E-2 -6.47987869E-6  1.25442875E-9-9.10571966E-14    2
  -5.51024369E4  -7.66372118E0   3.21748732E0  1.02436285E-2  2.71474706E-5    3
 -3.76379626E-8 1.35868528E-11  -5.35456809E4   1.20525321E1                   4
C6H13O2-3               C   6H  13O   2     G     300.0    5000.0  1392.0      1
   2.34943638E1  2.77184467E-2 -9.48420824E-6  1.54728306E-9-9.45701065E-14    2
  -2.62823765E4  -9.27289829E1  7.50505432E-1  8.35695895E-2 -6.30385362E-5    3
  2.53421168E-8-4.19921584E-12  -1.86281182E4   2.85021193E1                   4
C6H12OOH3-4O            C   6H  13O   3     G     300.0    5000.0  1408.0      1
   2.70100981E1  2.75803123E-2 -9.32839137E-6  1.43724826E-9-8.29386001E-14    2
  -3.73206361E4  -1.08313782E2    1.7790204E0  9.31728362E-2 -7.71092161E-5    3
  3.46143595E-8-6.53501894E-12  -2.92040693E4   2.49121411E1                   4
C6H12OOH1-4             C   6H  13O   2     G     300.0    5000.0  1396.0      1
   2.27895146E1  2.89701974E-2 -9.88728294E-6  1.53286753E-9-8.88486536E-14    2
  -1.75354587E4  -8.54472703E1   1.68641671E0  7.41579917E-2 -4.60243869E-5    3
  1.47710288E-8-2.08194235E-12  -9.79181859E3   2.93854842E1                   4
C6H12OOH2-4             C   6H  13O   2     G     300.0    5000.0  1408.0      1
   2.31606108E1  2.80956105E-2 -9.46369942E-6  1.45419355E-9-8.37638675E-14    2
  -1.93769881E4  -8.79771551E1   2.05906149E0   7.6267825E-2  -5.1334664E-5    3
  1.82714353E-8-2.79595943E-12  -1.19795243E4   2.57023367E1                   4
C6H12OOH3-2             C   6H  13O   2     G     300.0    5000.0  1400.0      1
   2.36864065E1   2.8011599E-2 -9.51112192E-6  1.46925773E-9-8.49419123E-14    2
  -1.93009261E4  -9.14434796E1   2.40855093E0  7.87360508E-2 -5.74293964E-5    3
  2.33017506E-8-4.17826749E-12  -1.19575914E4      2.26056E1                   4
C6H12OOH2-3             C   6H  13O   2     G     300.0    5000.0  1400.0      1
   2.36864065E1   2.8011599E-2 -9.51112192E-6  1.46925773E-9-8.49419123E-14    2
  -1.93009261E4  -9.14434796E1   2.40855093E0  7.87360508E-2 -5.74293964E-5    3
  2.33017506E-8-4.17826749E-12  -1.19575914E4      2.26056E1                   4
C6H12OOH2-5             C   6H  13O   2     G     300.0    5000.0  1408.0      1
   2.31606108E1  2.80956105E-2 -9.46369942E-6  1.45419355E-9-8.37638675E-14    2
  -1.93769881E4  -8.79771551E1   2.05906149E0   7.6267825E-2  -5.1334664E-5    3
  1.82714353E-8-2.79595943E-12  -1.19795243E4   2.57023367E1                   4
C6H12OOH3-1             C   6H  13O   2     G     300.0    5000.0  1402.0      1
    2.4303907E1  2.76074809E-2 -9.39913372E-6  1.45469578E-9-8.42141472E-14    2
  -1.82748634E4  -9.50976951E1  7.58445787E-1   8.5395275E-2 -6.56626784E-5    3
  2.76941501E-8-5.05141105E-12  -1.03382836E4   3.04764866E1                   4
C6H12OOH3-4             C   6H  13O   2     G     300.0    5000.0  1400.0      1
   2.36864065E1   2.8011599E-2 -9.51112192E-6  1.46925773E-9-8.49419123E-14    2
  -1.93009261E4  -9.14434796E1   2.40855093E0  7.87360508E-2 -5.74293964E-5    3
  2.33017506E-8-4.17826749E-12  -1.19575914E4      2.26056E1                   4
C6H12OOH3-5             C   6H  13O   2     G     300.0    5000.0  1408.0      1
   2.31606108E1  2.80956105E-2 -9.46369942E-6  1.45419355E-9-8.37638675E-14    2
  -1.93769881E4  -8.79771551E1   2.05906149E0   7.6267825E-2  -5.1334664E-5    3
  1.82714353E-8-2.79595943E-12  -1.19795243E4   2.57023367E1                   4
C6H12OOH3-6             C   6H  13O   2     G     300.0    5000.0  1402.0      1
    2.4303907E1  2.76074809E-2 -9.39913372E-6  1.45469578E-9-8.42141472E-14    2
  -1.82748634E4  -9.50976951E1  7.58445787E-1   8.5395275E-2 -6.56626784E-5    3
  2.76941501E-8-5.05141105E-12  -1.03382836E4   3.04764866E1                   4
C6H12O2-3               C   6H  12O   1     G     300.0    5000.0  1425.0      1
   2.14267419E1  2.53570884E-2  -8.4389421E-6  1.28635266E-9-7.36861092E-14    2
  -3.11200022E4  -8.88899542E1  -5.48903069E0  9.57628173E-2 -7.97925253E-5    3
   3.4622676E-8 -6.1325528E-12   -2.2669774E4    5.2779839E1                   4
C6H12O1-3               C   6H  12O   1     G     300.0    5000.0  1412.0      1
    1.9971263E1   2.7573913E-2 -9.32003684E-6  1.43550676E-9-8.28258579E-14    2
  -2.98941235E4   -8.2071919E1  -9.30690272E0  1.05661834E-1 -9.15226932E-5    3
  4.19710604E-8-7.93317588E-12  -2.07289547E4   7.17242463E1                   4
C6H12O2-4               C   6H  12O   1     G     300.0    5000.0  1417.0      1
   2.02636052E1  2.68979324E-2  -8.9945795E-6   1.3752709E-9-7.89420963E-14    2
  -3.18094991E4  -8.41882197E1  -9.07627053E0  1.07195585E-1 -9.52832812E-5    3
  4.44412655E-8-8.44139418E-12  -2.28654935E4   6.91430031E1                   4
C6H12O1-4               C   6H  12O   1     G     300.0    5000.0  1451.0      1
   1.87967925E1  2.75535527E-2 -9.00773471E-6  1.35601108E-9-7.69845934E-14    2
  -3.93188369E4  -7.58314563E1  -8.28555409E0  9.81991002E-2 -7.95067714E-5    3
  3.33261655E-8-5.64071074E-12  -3.08725234E4    6.6645932E1                   4
C6H12O3-4               C   6H  12O   1     G     300.0    5000.0  1425.0      1
   2.14267419E1  2.53570884E-2  -8.4389421E-6  1.28635266E-9-7.36861092E-14    2
  -3.11200022E4  -8.95794358E1  -5.48903069E0  9.57628173E-2 -7.97925253E-5    3
   3.4622676E-8 -6.1325528E-12   -2.2669774E4   5.20903574E1                   4
C6H12OOH2-5O2           C   6H  13O   4     G     300.0    5000.0  1403.0      1
   2.83590321E1  2.87735842E-2 -9.78879765E-6  1.51428335E-9-8.76360651E-14    2
  -3.91217364E4  -1.13411022E2   2.15696694E0   9.4838484E-2 -7.60143157E-5    3
  3.31830422E-8-6.17517686E-12  -3.04747979E4    2.5692964E1                   4
C6H12OOH3-4O2           C   6H  13O   4     G     300.0    5000.0  1403.0      1
   2.83590321E1  2.87735842E-2 -9.78879765E-6  1.51428335E-9-8.76360651E-14    2
  -3.91217364E4  -1.13411022E2   2.15696694E0   9.4838484E-2 -7.60143157E-5    3
  3.31830422E-8-6.17517686E-12  -3.04747979E4    2.5692964E1                   4
C6H12OOH3-5O2           C   6H  13O   4     G     300.0    5000.0  1403.0      1
   2.83590321E1  2.87735842E-2 -9.78879765E-6  1.51428335E-9-8.76360651E-14    2
  -3.91217364E4  -1.13411022E2   2.15696694E0   9.4838484E-2 -7.60143157E-5    3
  3.31830422E-8-6.17517686E-12  -3.04747979E4    2.5692964E1                   4
C6H12OOH2-4O2           C   6H  13O   4     G     300.0    5000.0  1403.0      1
   2.83590321E1  2.87735842E-2 -9.78879765E-6  1.51428335E-9-8.76360651E-14    2
  -3.91217364E4  -1.13411022E2   2.15696694E0   9.4838484E-2 -7.60143157E-5    3
  3.31830422E-8-6.17517686E-12  -3.04747979E4    2.5692964E1                   4
C6H12OOH3-6O2           C   6H  13O   4     G     300.0    5000.0  1394.0      1
   3.04683025E1  2.77522708E-2 -9.61137583E-6  1.50516303E-9-8.78680262E-14    2
  -3.83377423E4  -1.25334947E2   2.35558675E0  9.14251798E-2 -6.43200727E-5    3
  2.32096209E-8-3.56493598E-12  -2.84440301E4   2.62794442E1                   4
C6H12OOH2-3O            C   6H  13O   3     G     300.0    5000.0  1408.0      1
   2.70100981E1  2.75803123E-2 -9.32839137E-6  1.43724826E-9-8.29386001E-14    2
  -3.73206361E4  -1.08313782E2    1.7790204E0  9.31728362E-2 -7.71092161E-5    3
  3.46143595E-8-6.53501894E-12  -2.92040693E4   2.49121411E1                   4
C6KET24                 C   6H  12O   3     G     300.0    5000.0  1410.0      1
   2.45827447E1  2.65291227E-2 -8.85055847E-6   1.3514065E-9-7.75076694E-14    2
  -5.64832629E4   -9.4944083E1   3.21742782E0   7.6397434E-2 -5.30824824E-5    3
  1.93283291E-8-2.96294241E-12  -4.91466213E4   1.96910634E1                   4
C6KET35                 C   6H  12O   3     G     300.0    5000.0  1422.0      1
   2.52008823E1   2.5586798E-2 -8.44943107E-6  1.28209867E-9-7.32384055E-14    2
  -5.68777772E4  -9.91880777E1   4.10410022E0  6.98978029E-2  -4.0219149E-5    3
   9.5725728E-9 -4.4275459E-13  -4.92730636E4   1.55125937E1                   4
C6KET24O                C   6H  11O   2     G     300.0    5000.0  1530.0      1
   2.17184075E1  2.47007497E-2 -8.21787847E-6  1.25253279E-9-7.17484997E-14    2
  -3.75462146E4  -8.19754408E1   4.38771763E0   6.0018652E-2 -3.23494872E-5    3
  6.89053909E-9-1.46380882E-13  -3.11570191E4   1.26906161E1                   4
C6KET35O                C   6H  11O   2     G     300.0    5000.0  1416.0      1
   2.26318948E1  2.41684263E-2 -8.10341688E-6  1.24303233E-9-7.15692685E-14    2
  -3.84141087E4  -8.87296286E1   4.98287709E0  5.15220091E-2 -1.33079308E-5    3
 -7.46773833E-9 3.43143508E-12   -3.1153775E4   1.05324451E1                   4
C6H11Q24-6              C   6H  13O   4     G     300.0    5000.0  1403.0      1
   2.86807869E1  2.81353066E-2 -9.58211151E-6  1.48344887E-9-8.58991774E-14    2
  -3.12274262E4  -1.12536507E2   1.68589138E0  9.70771184E-2 -7.95905051E-5    3
  3.53084661E-8-6.62564323E-12   -2.2414288E4   3.04525011E1                   4
C6H11Q34-2              C   6H  13O   4     G     300.0    5000.0  1400.0      1
   2.83307086E1  2.85436428E-2 -9.74746596E-6  1.51180692E-9-8.76533346E-14    2
  -3.25161602E4  -1.10776188E2    3.0216524E0  9.01244138E-2 -6.89757624E-5    3
  2.87610447E-8-5.18669299E-12  -2.39438848E4   2.43721723E1                   4
C6H11Q13-4              C   6H  13O   4     G     300.0    5000.0  1394.0      1
   2.78943291E1  2.92847808E-2 -1.00847792E-5  1.57294057E-9-9.15554523E-14    2
  -3.05719403E4  -1.07687188E2   2.60790056E0  8.88754005E-2 -6.57409463E-5    3
  2.67656789E-8-4.82484971E-12  -2.17666545E4    2.8112527E1                   4
C6H11Q14-3              C   6H  13O   4     G     300.0    5000.0  1394.0      1
   2.78943291E1  2.92847808E-2 -1.00847792E-5  1.57294057E-9-9.15554523E-14    2
  -3.05719403E4  -1.07687188E2   2.60790056E0  8.88754005E-2 -6.57409463E-5    3
  2.67656789E-8-4.82484971E-12  -2.17666545E4    2.8112527E1                   4
C6H11Q24-3              C   6H  13O   4     G     300.0    5000.0  1400.0      1
   2.83307086E1  2.85436428E-2 -9.74746596E-6  1.51180692E-9-8.76533346E-14    2
  -3.25161602E4  -1.10776188E2    3.0216524E0  9.01244138E-2 -6.89757624E-5    3
  2.87610447E-8-5.18669299E-12  -2.39438848E4   2.43721723E1                   4
C6H11Q25-3              C   6H  13O   4     G     300.0    5000.0  1400.0      1
   2.83307086E1  2.85436428E-2 -9.74746596E-6  1.51180692E-9-8.76533346E-14    2
  -3.25161602E4  -1.10776188E2    3.0216524E0  9.01244138E-2 -6.89757624E-5    3
  2.87610447E-8-5.18669299E-12  -2.39438848E4   2.43721723E1                   4
C6H11Q24-5              C   6H  13O   4     G     300.0    5000.0  1400.0      1
   2.83307086E1  2.85436428E-2 -9.74746596E-6  1.51180692E-9-8.76533346E-14    2
  -3.25161602E4  -1.10776188E2    3.0216524E0  9.01244138E-2 -6.89757624E-5    3
  2.87610447E-8-5.18669299E-12  -2.39438848E4   2.43721723E1                   4
C6H11O23-5OOH           C   6H  12O   3     G     300.0    5000.0  1443.0      1
   2.80583928E1   2.3792822E-2  -7.8731019E-6  1.19630476E-9-6.84039421E-14    2
  -4.48105724E4  -1.18923978E2  -2.46047686E0  1.02271671E-1 -8.46513355E-5    3
  3.51710248E-8-5.82011671E-12  -3.52093964E4   4.19823692E1                   4
C6H11O24-5OOH           C   6H  12O   3     G     300.0    5000.0  1433.0      1
   2.68522312E1  2.52818726E-2 -8.39099827E-6  1.27724274E-9-7.31102872E-14    2
   -4.5460653E4  -1.13909923E2  -5.26945676E0  1.10015547E-1  -9.4280475E-5    3
  4.10247107E-8-7.16173845E-12  -3.55176211E4   5.47836894E1                   4
C6H11O34-1OOH           C   6H  12O   3     G     300.0    5000.0  1425.0      1
   2.69564039E1  2.52133315E-2 -8.46015924E-6  1.29728465E-9-7.46387394E-14    2
  -4.25666071E4  -1.11965291E2  -3.20823597E0   1.0252515E-1 -8.46520157E-5    3
  3.57123084E-8 -6.1065774E-12  -3.29754751E4   4.73005044E1                   4
C6H11O23-4OOH           C   6H  12O   3     G     300.0    5000.0  1443.0      1
   2.80583928E1   2.3792822E-2  -7.8731019E-6  1.19630476E-9-6.84039421E-14    2
  -4.48105724E4  -1.18923978E2  -2.46047686E0  1.02271671E-1 -8.46513355E-5    3
  3.51710248E-8-5.82011671E-12  -3.52093964E4   4.19823692E1                   4
C4H7O23-1               C   4H   7O   1     G     300.0    5000.0  1324.0      1
   8.53917898E0  1.94224428E-2 -6.06403336E-6 6.79865833E-10-1.50192364E-14    2
   5.90392493E3  -1.56203527E1  -1.64887593E0  4.86076154E-2 -2.21379766E-5    3
 -7.42754358E-9  6.0186251E-12   7.56673506E3   3.47000777E1                   4
C5H9O23-1               C   5H   9O   1     G     300.0    5000.0  1424.0      1
   1.77401551E1  1.92298085E-2 -6.43473125E-6 9.84654362E-10 -5.6562483E-14    2
  -2.04807958E3  -6.82331109E1  -4.86790419E0  7.88395088E-2 -6.73312762E-5    3
  2.96416873E-8-5.29512179E-12   4.99837842E3   5.05893346E1                   4
C6H12OOH3-2O            C   6H  13O   3     G     300.0    5000.0  1408.0      1
   2.70100981E1  2.75803123E-2 -9.32839137E-6  1.43724826E-9-8.29386001E-14    2
  -3.73206361E4  -1.08313782E2    1.7790204E0  9.31728362E-2 -7.71092161E-5    3
  3.46143595E-8-6.53501894E-12  -2.92040693E4   2.49121411E1                   4
C6H13-1                 C   6H  13          G     300.0    5000.0  1395.0      1
   1.85287088E1  2.83718554E-2 -9.68391797E-6  1.50116241E-9-8.69954114E-14    2
  -4.97609623E3  -7.00481911E1 -5.34849558E-1  7.10824475E-2  -4.7448486E-5    3
  1.78904181E-8-3.12868435E-12     1.930042E3   3.31975427E1                   4
C6H13-2                 C   6H  13          G     300.0    5000.0  1396.0      1
   1.80640936E1  2.85111833E-2 -9.67861302E-6  1.49502045E-9 -8.6430371E-14    2
  -6.44920389E3  -6.70815829E1  4.54637637E-1  6.28019923E-2   -3.243499E-5    3
  7.20118844E-9-4.64646463E-13    3.4016471E2   2.99234364E1                   4
C6H13-3                 C   6H  13          G     300.0    5000.0  1396.0      1
   1.80640936E1  2.85111833E-2 -9.67861302E-6  1.49502045E-9 -8.6430371E-14    2
  -6.44920389E3  -6.70815829E1  4.54637637E-1  6.28019923E-2   -3.243499E-5    3
  7.20118844E-9-4.64646463E-13    3.4016471E2   2.99234364E1                   4
C6H11-1D3OOH            C   6H  12O   2     G     300.0    5000.0  1400.0      1
   2.23471822E1  2.71767006E-2 -9.25670057E-6  1.43305583E-9 -8.2976558E-14    2
  -2.60736038E4  -8.50364868E1  9.92841484E-1  7.66279461E-2 -5.28450816E-5    3
  1.88437179E-8-2.74306712E-12  -1.86307871E4   2.97738842E1                   4
C6H11-2D1OOH            C   6H  12O   2     G     300.0    5000.0  1397.0      1
   2.22869348E1  2.72201213E-2 -9.27124673E-6  1.43538209E-9-8.31174016E-14    2
  -2.54630639E4  -8.48863102E1 -3.12502629E-1  8.10857509E-2 -5.87649943E-5    3
  2.22987571E-8-3.48061262E-12   -1.7724561E4     3.610107E1                   4
C6H11-3D1OOH            C   6H  12O   2     G     300.0    5000.0  1395.0      1
   2.19167441E1  2.76883529E-2 -9.46483315E-6  1.46878577E-9-8.51865175E-14    2
  -2.63357501E4  -8.33340411E1  7.87474183E-1  7.65006842E-2 -5.27759056E-5    3
  1.90903104E-8 -2.8622728E-12  -1.89121997E4   3.03880824E1                   4
C6H11-1D5OOH            C   6H  12O   2     G     300.0    5000.0  1404.0      1
   2.29596533E1  2.63912128E-2 -8.92644477E-6  1.37527844E-9-7.93587637E-14    2
  -2.72471781E4  -8.92912586E1   1.20480007E0   8.0620684E-2 -6.14571221E-5    3
  2.47813915E-8-4.09733541E-12  -2.00445024E4   2.63147292E1                   4
C6H11-2D5OOH            C   6H  12O   2     G     300.0    5000.0  1403.0      1
   2.22685637E1  2.69323798E-2 -9.10326007E-6  1.40187201E-9-8.08671501E-14    2
  -2.81611736E4  -8.57841204E1   1.43029196E0  7.74755527E-2 -5.65172386E-5    3
  2.18268785E-8-3.47496414E-12   -2.1117237E4    2.5455938E1                   4
C6H11-1D4OOH            C   6H  12O   2     G     300.0    5000.0  1404.0      1
   2.29596533E1  2.63912128E-2 -8.92644477E-6  1.37527844E-9-7.93587637E-14    2
  -2.72471781E4  -8.92912586E1   1.20480007E0   8.0620684E-2 -6.14571221E-5    3
  2.47813915E-8-4.09733541E-12  -2.00445024E4   2.63147292E1                   4
C6H11-2D4OOH            C   6H  12O   2     G     300.0    5000.0  1398.0      1
   2.16124074E1  2.78156187E-2 -9.48004046E-6  1.46819756E-9-8.50332352E-14    2
  -2.69827248E4  -8.13105422E1   1.25017453E0  7.33053158E-2 -4.76541062E-5    3
  1.57770537E-8-2.10618813E-12  -1.97071294E4   2.87763983E1                   4
C6H11-3D2OOH            C   6H  12O   2     G     300.0    5000.0  1399.0      1
   2.15959786E1  2.77642133E-2 -9.44785997E-6  1.46167023E-9 -8.4592316E-14    2
  -2.69790749E4  -8.11832252E1  9.70723104E-1  7.46193255E-2 -4.97080327E-5    3
  1.70372296E-8-2.37554749E-12   -1.9691595E4    3.0042419E1                   4
C6H9D14-3OOH            C   6H  10O   2     G     300.0    5000.0  1401.0      1
   2.08232951E1  2.38220903E-2 -8.10347841E-6  1.25337498E-9-7.25250002E-14    2
  -1.01702113E4   -7.5844925E1   1.27489996E0  7.10354886E-2 -5.21645247E-5    3
   2.0129807E-8-3.19319639E-12  -3.54259896E3    2.8580615E1                   4
C6H9D13-6OOH            C   6H  10O   2     G     300.0    5000.0  1404.0      1
   2.26264168E1  2.23267489E-2 -7.59697366E-6  1.17538811E-9-6.80308777E-14    2
  -1.28269551E4   -8.8093261E1  -1.39838879E0  8.64169203E-2 -7.43481401E-5    3
  3.30601349E-8-5.88946742E-12  -5.30581785E3   3.80647956E1                   4
C6H9D14-6OOH            C   6H  10O   2     G     300.0    5000.0  1398.0      1
    2.0915132E1  2.37595206E-2 -8.08737748E-6   1.2515956E-9-7.24561791E-14    2
  -9.09864116E3  -7.65656765E1  -3.4495565E-1  7.62362267E-2 -5.83964392E-5    3
  2.34631329E-8-3.85962958E-12  -2.00396241E3   3.66037767E1                   4
C6H11-1D3O              C   6H  11O   1     G     298.0    5000.0 1375.29      1
   1.36060406E1  3.49838333E-2 -1.40876559E-5  2.60985376E-9-1.81895058E-13    2
  -5.30205199E3   -3.9349436E1   1.45559612E0  6.94591189E-2 -5.05074218E-5    3
  1.96629471E-8 -3.1832653E-12  -1.91468783E3   2.33817024E1                   4
C6H11-2D1O              C   6H  11O   1     G     298.0    5000.0 1355.54      1
   1.32783261E1  4.04233788E-2 -1.78221779E-5   3.5119983E-9-2.55624601E-13    2
  -4.19402426E3  -4.08307826E1   4.95766803E0  4.83459222E-2 -6.48659529E-6    3
 -1.24778078E-8 4.65485526E-12  -6.03348041E2   7.15445713E0                   4
C6H11-3D2O              C   6H  11O   1     G     298.0    5000.0  1373.3      1
   1.27443019E1  3.57651516E-2 -1.43852018E-5  2.66235618E-9-1.85407367E-13    2
  -6.16370438E3  -3.48805347E1   1.48162469E0  6.71958854E-2  -4.6921481E-5    3
  1.75318962E-8-2.73011366E-12  -2.98178299E3   2.34346085E1                   4
C6H11-2D4O              C   6H  11O   1     G     298.0    5000.0 1370.11      1
   1.26657381E1  3.59578334E-2 -1.44960501E-5  2.68722296E-9-1.87356408E-13    2
  -6.12034155E3  -3.44588164E1    1.7687883E0  6.58107756E-2 -4.46678741E-5    3
    1.606071E-8-2.39018468E-12  -2.99783963E3   2.21386935E1                   4
C6H111O2-2              C   6H  11O   2     G     300.0    5000.0  1408.0      1
   2.07452949E1  2.50149073E-2 -8.21332644E-6  1.24008209E-9-7.05488064E-14    2
   -1.0863798E4  -7.44082336E1   1.30622071E0  7.45471784E-2 -5.69589383E-5    3
  2.31360106E-8-3.83229254E-12  -4.58725529E3   2.84236765E1                   4
C6H111O2-5              C   6H  11O   2     G     300.0    5000.0  1404.0      1
    2.2012746E1  2.50305089E-2 -8.44788005E-6  1.29961995E-9-7.49145826E-14    2
  -1.00188331E4  -8.33381314E1   1.92955332E0  7.49359853E-2 -5.66173325E-5    3
  2.26836792E-8-3.73297405E-12  -3.35319841E3      2.34414E1                   4
C6H112O2-6              C   6H  11O   2     G     298.0    5000.0 1393.07      1
   1.27826456E1   3.9805532E-2  -1.6488267E-5   3.1140039E-9-2.19978436E-13    2
  -5.42706179E3  -3.16736724E1   1.59835457E0  7.07450399E-2 -4.86878262E-5    3
  1.82233892E-8-2.94859459E-12  -2.21393949E3   2.63886395E1                   4
C6H112O2-1              C   6H  11O   2     G     300.0    5000.0  1396.0      1
   2.13598929E1  2.58710948E-2 -8.80292601E-6  1.36196239E-9-7.88292367E-14    2
  -8.25405291E3  -7.90756378E1  3.30993332E-1  7.56894046E-2 -5.42522482E-5    3
  2.03757873E-8-3.15246006E-12  -1.01928534E3   3.36178035E1                   4
C6H111O2-6              C   6H  11O   2     G     300.0    5000.0  1395.0      1
   2.16692531E1  2.58640159E-2 -8.85472731E-6  1.37551596E-9-7.98340126E-14    2
  -8.19714345E3  -8.09828358E1   1.59201335E0  7.25289295E-2 -5.06399034E-5    3
  1.85810724E-8-2.82959078E-12  -1.16755334E3   2.69833735E1                   4
C6H113O2-2              C   6H  11O   2     G     298.0    5000.0 1389.11      1
   1.27219965E1  3.93720245E-2 -1.61715264E-5  3.03656505E-9-2.13636755E-13    2
   -6.2065949E3  -3.09859516E1   1.32298434E0  7.10127652E-2 -4.90651906E-5    3
  1.83525959E-8-2.93557641E-12  -2.95084863E3   2.81349166E1                   4
C6H111O2-3              C   6H  11O   2     G     300.0    5000.0  1399.0      1
   2.14144565E1   2.5808604E-2 -8.77675488E-6  1.35731477E-9-7.85333065E-14    2
  -8.85733637E3  -7.91780519E1    1.6958865E0  7.09911509E-2 -4.80332142E-5    3
  1.67545041E-8-2.38059728E-12  -1.93490912E3    2.7011127E1                   4
C6H112O2-4              C   6H  11O   2     G     298.0    5000.0 1386.83      1
   1.26316443E1  3.95964613E-2 -1.63018392E-5  3.06599367E-9-2.15954736E-13    2
  -6.16152167E3  -3.05060864E1   1.63053585E0  6.95156533E-2  -4.6620486E-5    3
  1.67596728E-8-2.56922417E-12  -2.96946602E3   2.67487625E1                   4
C6H113O2-1              C   6H  11O   2     G     298.0    5000.0 1395.25      1
   1.28649533E1  3.95949388E-2 -1.63649221E-5  3.08601272E-9-2.17766554E-13    2
  -5.46905544E3  -3.21088176E1   1.29047848E0  7.22470226E-2  -5.1148223E-5    3
  1.98328504E-8-3.32011969E-12  -2.19533342E3   2.77757522E1                   4
C6H111O2-4              C   6H  11O   2     G     300.0    5000.0  1404.0      1
    2.2012746E1  2.50305089E-2 -8.44788005E-6  1.29961995E-9-7.49145826E-14    2
  -1.00188331E4  -8.33381314E1   1.92955332E0  7.49359853E-2 -5.66173325E-5    3
  2.26836792E-8-3.73297405E-12  -3.35319841E3      2.34414E1                   4
C6H112O2-5              C   6H  11O   2     G     298.0    5000.0 1402.95      1
   1.39424116E1  3.76679267E-2 -1.53282823E-5  2.85924934E-9-2.00200736E-13    2
   -7.6450573E3  -3.87161628E1   1.76995608E0   7.4122548E-2  -5.6726067E-5    3
  2.40831333E-8-4.35521253E-12  -4.37806397E3   2.35749268E1                   4
C6H111OO2-4             C   6H  11O   2     G     100.0    5000.0  908.81      1
   1.88271488E1  2.68305375E-2 -6.13436243E-6 8.44458196E-10-5.53657936E-14    2
  -6.07866495E3  -6.97104448E1  5.12217834E-1  5.80264016E-2  2.39369157E-5    3
 -8.10446659E-8 3.89296194E-11  -7.09057782E2   2.81243451E1                   4
C6H112OO3-5             C   6H  11O   2     G     100.0    5000.0  913.11      1
   1.73468765E1  2.94186304E-2  -7.6066474E-6  1.13494588E-9-7.53458346E-14    2
  -7.29530632E3  -6.15221172E1  6.06904968E-1  5.72932685E-2  2.12765531E-5    3
 -7.44726278E-8 3.55521565E-11  -2.34318216E3   2.80937469E1                   4
C6H11O1-2O-3            C   6H  11O   2     G     100.0    5000.0   896.2      1
   1.52962568E1  3.34439595E-2 -1.00464253E-5  1.55895517E-9-9.96023201E-14    2
  -1.76833873E4  -4.78217329E1  1.98278274E-1  7.43028695E-2 -3.40329134E-5    3
 -1.36266629E-8 1.33500735E-11  -1.39119073E4   2.93062083E1                   4
C6H11O1-2O-4            C   6H  11O   2     G     100.0    5000.0   896.2      1
   1.52962568E1  3.34439595E-2 -1.00464253E-5  1.55895517E-9-9.96023201E-14    2
  -1.76833873E4  -4.78217329E1  1.98278274E-1  7.43028695E-2 -3.40329134E-5    3
 -1.36266629E-8 1.33500735E-11  -1.39119073E4   2.93062083E1                   4
C6H11O2-3O-5            C   6H  11O   2     G     100.0    5000.0  898.02      1
   1.67253866E1  3.09653268E-2 -8.63659161E-6  1.29194245E-9-8.21169286E-14    2
  -1.97070368E4  -5.69761751E1  1.87851175E-1  7.22165614E-2 -2.34029602E-5    3
 -2.79359024E-8  1.9243111E-11  -1.54299509E4   2.83054831E1                   4
C6H101OOH3-6            C   6H  11O   2     G     300.0    5000.0  1401.0      1
   2.17739863E1  2.51497655E-2 -8.56487704E-6  1.32581695E-9-7.67621571E-14    2
  -9.49485733E2  -7.91589029E1     1.296763E0  7.34128018E-2 -5.21029868E-5    3
  1.92134333E-8-2.89859734E-12   6.09974379E3   3.06307425E1                   4
C6H101OOH6-4            C   6H  11O   2     G     300.0    5000.0  1400.0      1
   2.12874112E1  2.54848243E-2 -8.66469887E-6  1.33987839E-9-7.75231675E-14    2
  -1.60887079E3  -7.62962061E1    2.3411925E0  6.64811446E-2 -4.09729282E-5    3
  1.21647038E-8-1.33423861E-12   5.24632311E3   2.65275719E1                   4
C6H102OOH5-4            C   6H  11O   2     G     300.0    5000.0  1405.0      1
    2.1936782E1  2.51089022E-2 -8.47866773E-6  1.30486953E-9-7.52398978E-14    2
  -1.03935052E4  -8.39009941E1  9.10388895E-1  7.76357424E-2 -5.93946955E-5    3
  2.39713876E-8-3.95788159E-12  -3.45422656E3   2.77756975E1                   4
C6H103OOH1-2            C   6H  11O   2     G     300.0    5000.0  1397.0      1
   2.15792639E1  2.58715847E-2  -8.8427979E-6  1.37219469E-9-7.95833193E-14    2
  -8.56421642E3  -8.14153873E1  2.73555249E-1  7.66514719E-2 -5.56539879E-5    3
  2.12400652E-8-3.34684034E-12  -1.25055964E3   3.26765346E1                   4
C6H101OOH3-5            C   6H  11O   2     G     300.0    5000.0  1403.0      1
   2.10667569E1  2.55172829E-2 -8.64323807E-6  1.33325289E-9-7.70087155E-14    2
  -2.32770662E3  -7.47891068E1    2.4694996E0   6.4680861E-2 -3.78271665E-5    3
  1.00356217E-8 -8.3487876E-13   4.47916127E3   2.64729896E1                   4
C6H101OOH4-6            C   6H  11O   2     G     300.0    5000.0  1405.0      1
   2.23963556E1  2.43297305E-2 -8.21714587E-6  1.26475022E-9-7.29306459E-14    2
  -2.11901381E3   -8.3450549E1   1.56370238E0  7.72036961E-2 -6.04361271E-5    3
  2.49701803E-8-4.20996274E-12   4.67648046E3   2.69076262E1                   4
C6H101OOH6-3            C   6H  11O   2     G     300.0    5000.0  1397.0      1
   2.23123426E1  2.53595522E-2 -8.69054653E-6  1.35096088E-9-7.84491712E-14    2
   -8.4703903E3  -8.52050323E1  2.45107229E-1  7.88645928E-2 -5.90854351E-5    3
  2.32584378E-8-3.76908322E-12  -9.86790631E2   3.26414236E1                   4
C6H102OOH4-6            C   6H  11O   2     G     298.0    5000.0 1389.49      1
   1.32221534E1  3.85438687E-2 -1.58799953E-5  2.98845729E-9-2.10595897E-13    2
   1.65310405E3  -3.17725605E1   1.16058284E0  7.23179199E-2  -5.1352533E-5    3
   1.9691909E-8-3.21276165E-12   5.07354379E3   3.06887946E1                   4
C6H102OOH6-5            C   6H  11O   2     G     298.0    5000.0  1371.4      1
    1.2474878E1   3.9319293E-2 -1.62096519E-5  3.05191621E-9-2.15142541E-13    2
   1.09349165E3  -2.74536454E1   2.32197373E0  6.47336913E-2 -3.88986617E-5    3
  1.14827845E-8-1.28197881E-12   4.20475856E3   2.60644558E1                   4
C6H101OOH3-4            C   6H  11O   2     G     300.0    5000.0  1398.0      1
   2.15700881E1  2.53321791E-2 -8.62995595E-6  1.33620824E-9-7.73768877E-14    2
  -2.21438547E3  -7.80542849E1   2.77069466E0  6.70807308E-2 -4.32322913E-5    3
  1.40294039E-8-1.81029982E-12    4.5142583E3   2.36493714E1                   4
C6H101OOH4-5            C   6H  11O   2     G     300.0    5000.0  1403.0      1
   2.20155572E1  2.46505539E-2 -8.32697255E-6  1.28178428E-9-7.39173829E-14    2
  -3.30359199E3  -8.13007441E1   3.26586836E0  6.98662217E-2 -5.04186993E-5    3
  1.92493836E-8-3.03035126E-12    3.0585203E3   1.88792223E1                   4
C6H101OOH5-6            C   6H  11O   2     G     300.0    5000.0  1405.0      1
   2.23963556E1  2.43297305E-2 -8.21714587E-6  1.26475022E-9-7.29306459E-14    2
  -2.11901381E3   -8.3450549E1   1.56370238E0  7.72036961E-2 -6.04361271E-5    3
  2.49701803E-8-4.20996274E-12   4.67648046E3   2.69076262E1                   4
C6H102OOH4-5            C   6H  11O   2     G     298.0    5000.0  1360.8      1
   1.23608873E1  3.90479419E-2 -1.59923134E-5  2.99759853E-9 -2.1065739E-13    2
   3.44578553E2  -2.64927197E1   2.35521056E0  6.34817862E-2 -3.67573312E-5    3
  9.94238162E-9 -8.7902011E-13   3.44940489E3   2.64226208E1                   4
C6H102OOH6-4            C   6H  11O   2     G     298.0    5000.0 1396.27      1
   1.35003129E1  3.91498723E-2  -1.6239503E-5  3.07050371E-9-2.17100346E-13    2
  -5.72493715E3  -3.62988687E1  2.08294716E-1  7.73881889E-2 -5.78377377E-5    3
   2.3513132E-8-4.07093391E-12  -2.02887744E3   3.22271912E1                   4
C6H101OOH4-3            C   6H  11O   2     G     300.0    5000.0  1406.0      1
   2.26263746E1  2.45679157E-2 -8.30163246E-6  1.27820908E-9-7.37262027E-14    2
   -9.4777277E3  -8.73971742E1  6.84743748E-1  8.07896906E-2 -6.43528183E-5    3
  2.69371848E-8-4.58245275E-12   -2.3816983E3   2.86334484E1                   4
C6H101OOH6-5            C   6H  11O   2     G     300.0    5000.0  1394.0      1
    2.1839743E1  2.53710835E-2 -8.70165533E-6  1.35339172E-9-7.86174486E-14    2
  -1.56220538E3  -7.99470047E1   2.69944005E0  6.84663984E-2 -4.55992169E-5    3
  1.57047003E-8-2.22617833E-12   5.27681473E3   2.34717368E1                   4
C6H102OOH5-6            C   6H  11O   2     G     298.0    5000.0 1405.48      1
   1.45381014E1  3.66065476E-2 -1.49020747E-5  2.78082286E-9-1.94776813E-13    2
    1.6756864E2  -4.00115077E1   1.30036071E0  7.69208355E-2 -6.14465723E-5    3
  2.70038247E-8-4.99523809E-12   3.66493526E3   2.75136897E1                   4
C6H103OOH2-1            C   6H  11O   2     G     298.0    5000.0 1391.81      1
   1.33134941E1   3.8317801E-2 -1.57488896E-5  2.95886978E-9-2.08266474E-13    2
   1.60763687E3  -3.22579643E1  8.53225004E-1   7.3813614E-2 -5.37939274E-5    3
  2.12819029E-8-3.57827969E-12    5.0921426E3    3.2074145E1                   4
C6H102O4-5              C   6H  10O   1     G     100.0    5000.0  902.37      1
    1.4987101E1  2.58383339E-2 -6.26480882E-6 8.77532176E-10-5.61906772E-14    2
  -1.26637448E4  -5.05552129E1   1.15427903E0  4.79017482E-2  2.23107951E-5    3
 -6.84409093E-8  3.2503866E-11   -8.5690797E3   2.36146286E1                   4
C6H102O5-6              C   6H  10O   1     G     100.0    5000.0  892.18      1
   1.24572527E1  3.01884553E-2 -8.55910382E-6  1.28926861E-9-8.18119298E-14    2
  -1.01457071E4  -3.57602627E1   1.13346675E0  5.29778121E-2  1.67362846E-7    3
 -4.03825694E-8 2.14449577E-11  -7.01156583E3   2.38192875E1                   4
C6H101O4-6              C   6H  10O   1     G     300.0    5000.0  1416.0      1
   1.85870211E1  2.39530494E-2 -8.04435383E-6  1.23367968E-9-7.09670023E-14    2
   -1.4028773E4  -7.36169219E1  -8.30816464E0  9.59219966E-2 -8.23187974E-5    3
  3.60411514E-8-6.26766978E-12   -5.7322689E3   6.73644869E1                   4
C6H101O5-6              C   6H  10O   1     G     300.0    5000.0  1425.0      1
   1.96738994E1  2.24233465E-2 -7.48062317E-6  1.14224898E-9-6.55139801E-14    2
   -1.3283279E4  -7.78250798E1  -4.91359687E0  8.57859853E-2 -6.97473486E-5    3
  2.87208401E-8-4.68944687E-12  -5.51549998E3    5.1821731E1                   4
C6H103O1-2              C   6H  10O   1     G     300.0    5000.0  1425.0      1
   1.87857319E1  2.31547815E-2  -7.7268065E-6   1.1799568E-9-6.76779399E-14    2
  -1.41090155E4  -7.31599879E1  -4.57705443E0  8.21950944E-2 -6.45017641E-5    3
  2.57563149E-8-4.09248804E-12  -6.60420069E3   5.04547056E1                   4
VTHF                    C   6H  10O   1     G     298.0    5000.0 1377.11      1
   1.20909807E1  3.26250597E-2 -1.25327051E-5  2.24981532E-9-1.53481939E-13    2
  -2.10644491E4  -3.79127392E1  -8.94118639E0   9.7437259E-2   -8.722382E-5    3
  4.04586502E-8-7.48313507E-12  -1.56295604E4   6.90003117E1                   4
ETES1                   C   6H  10O   1     G     298.0    5000.0 1422.21      1
   1.50688819E1  2.77273687E-2 -1.02636908E-5  1.79146316E-9-1.19663281E-13    2
  -1.26333333E4  -5.24500268E1  -5.28077909E0  9.32386713E-2 -8.90927118E-5    3
  4.38304868E-8-8.50536102E-12  -7.59684854E3   5.01060785E1                   4
MVOX                    C   6H  10O   1     G     298.0    5000.0 1409.02      1
   1.40263817E1  2.92422398E-2 -1.08896943E-5   1.9102093E-9-1.28105123E-13    2
  -1.33509941E4  -4.84117622E1  -7.14592339E0  9.66169909E-2 -9.10452051E-5    3
  4.41929175E-8-8.47634879E-12  -8.04999356E3   5.85360494E1                   4
C6H101OOH3-5O2          C   6H  11O   4     G     300.0    5000.0  1400.0      1
   2.60829766E1  2.63000424E-2 -8.99392041E-6  1.39627332E-9-8.10096689E-14    2
    -2.202644E4  -9.75249934E1   2.50241018E0  8.23375954E-2 -5.99387796E-5    3
    2.246597E-8-3.42215274E-12  -1.39743273E4   2.87084668E1                   4
C6H101OOH4-6O2          C   6H  11O   4     G     300.0    5000.0  1404.0      1
   2.73808954E1  2.50332777E-2 -8.52046483E-6  1.31855956E-9-7.63300748E-14    2
  -2.14206017E4  -1.05550332E2   3.01243168E0  8.65102458E-2  -6.8612558E-5    3
  2.82393285E-8-4.70770578E-12  -1.34609185E4   2.36273063E1                   4
C6H101OOH6-3O2          C   6H  11O   4     G     300.0    5000.0  1390.0      1
   2.82410379E1  2.51334597E-2 -8.74367088E-6  1.37343804E-9-8.03486455E-14    2
  -2.11959799E4  -1.10595879E2   2.69032882E0  7.99749995E-2 -5.08924717E-5    3
  1.47091083E-8-1.43527552E-12  -1.19677274E4   2.81305324E1                   4
C6H102OOH4-6O2          C   6H  11O   4     G     298.0    5000.0 1390.23      1
   1.71905548E1  4.05755313E-2 -1.68665433E-5  3.19416194E-9 -2.2611703E-13    2
  -1.71593599E4  -4.86632596E1   2.66686506E0  8.16536465E-2 -6.05286271E-5    3
  2.40307062E-8-4.02313964E-12  -1.30736672E4   2.64172913E1                   4
C6H101OOH6-5O2          C   6H  11O   4     G     300.0    5000.0  1404.0      1
   2.73808954E1  2.50332777E-2 -8.52046483E-6  1.31855956E-9-7.63300748E-14    2
  -2.14206017E4  -1.05550332E2   3.01243168E0  8.65102458E-2  -6.8612558E-5    3
  2.82393285E-8-4.70770578E-12  -1.34609185E4   2.36273063E1                   4
C6H103OOH2-1O2          C   6H  11O   4     G     298.0    5000.0 1392.31      1
   1.72750437E1  4.03613477E-2 -1.67414483E-5  3.16581908E-9-2.23879755E-13    2
  -1.72022321E4  -4.91106379E1   2.35950843E0  8.31520236E-2 -6.29809024E-5    3
  2.56331419E-8-4.39268729E-12  -1.30551146E4   2.78022165E1                   4
C6H101OOH3-6O2          C   6H  11O   4     G     300.0    5000.0  1390.0      1
   2.82410379E1  2.51334597E-2 -8.74367088E-6  1.37343804E-9-8.03486455E-14    2
  -2.11959799E4  -1.10595879E2   2.69032882E0  7.99749995E-2 -5.08924717E-5    3
  1.47091083E-8-1.43527552E-12  -1.19677274E4   2.81305324E1                   4
C6H101OOH6-4O2          C   6H  11O   4     G     300.0    5000.0  1404.0      1
   2.73808954E1  2.50332777E-2 -8.52046483E-6  1.31855956E-9-7.63300748E-14    2
  -2.14206017E4  -1.05550332E2   3.01243168E0  8.65102458E-2  -6.8612558E-5    3
  2.82393285E-8-4.70770578E-12  -1.34609185E4   2.36273063E1                   4
NC6D1KET35              C   6H  10O   3     G     298.0    5000.0 1376.97      1
   1.58775085E1  3.61695241E-2 -1.49838347E-5  2.83124205E-9 -2.0011862E-13    2
   -3.7166288E4  -4.70051748E1   3.68234675E0   6.9070892E-2 -4.77548371E-5    3
  1.71862444E-8-2.55108905E-12  -3.36196524E4   1.65208011E1                   4
NC6D1KET46              C   6H  10O   3     G     298.0    5000.0  1358.9      1
   1.46512833E1  3.72331837E-2 -1.53801285E-5  2.90055645E-9-2.04747921E-13    2
  -3.53310204E4  -3.91679318E1   3.76983012E0  6.39998053E-2 -3.83887863E-5    3
  1.07588894E-8-1.00331121E-12  -3.19713955E4   1.83140442E1                   4
NC6D1KET63              C   6H  10O   3     G     300.0    5000.0  1401.0      1
   2.37070177E1  2.36281424E-2 -8.07133939E-6  1.25241902E-9-7.26474531E-14    2
  -3.63202717E4  -8.90415434E1   2.87902754E0  6.87871609E-2 -4.32796386E-5    3
  1.26400261E-8-1.27894546E-12  -2.88521717E4   2.38653276E1                   4
NC6D2KET46              C   6H  10O   3     G     298.0    5000.0 1368.37      1
   1.38553753E1  3.91514005E-2 -1.64885845E-5  3.15051732E-9-2.24426072E-13    2
  -3.57973917E4  -3.55080068E1   3.83722373E0  6.19440319E-2 -3.36334654E-5    3
  7.50375782E-9-2.87664293E-13  -3.25398979E4   1.80369162E1                   4
NC6D1KET65              C   6H  10O   3     G     298.0    5000.0 1400.89      1
   1.84567433E1  3.55175035E-2   -1.527723E-5  2.96185746E-9-2.13179641E-13    2
  -3.33329388E4  -6.00765855E1 -9.81489194E-1  9.33430853E-2 -8.05927877E-5    3
  3.63331554E-8-6.73898071E-12  -2.80768499E4   3.95355905E1                   4
NC6D3KET21              C   6H  10O   3     G     298.0    5000.0 1397.23      1
   1.68447575E1  3.70666937E-2 -1.58957756E-5  3.07519409E-9-2.20992655E-13    2
  -3.50661408E4  -5.09950497E1 -3.16433317E-1   8.6610197E-2 -7.01199032E-5    3
  2.99534788E-8-5.34273507E-12  -3.03008192E4   3.74375105E1                   4
NC6D1KET36              C   6H  10O   3     G     298.0    5000.0 1371.39      1
    1.4766864E1  3.82245145E-2 -1.61029302E-5  3.07767632E-9-2.19289137E-13    2
  -3.49675126E4  -4.02419776E1   3.51756678E0   6.5638177E-2 -3.95779661E-5    3
    1.119763E-8-1.10665114E-12  -3.14560959E4   1.93019772E1                   4
NC6D1KET64              C   6H  10O   3     G     298.0    5000.0 1383.05      1
   1.68975114E1  3.49956671E-2  -1.4460047E-5   2.7279708E-9-1.92627797E-13    2
  -3.41939384E4  -5.19454388E1   2.53367344E0   7.5896471E-2 -5.80295706E-5    3
   2.3427279E-8-3.91608987E-12   -3.0190278E4   2.21894996E1                   4
NC6D1KET35O             C   6H   9O   2     G     300.0    5000.0  1424.0      1
   2.21267316E1  2.07807343E-2 -7.10781913E-6  1.10443414E-9-6.41427981E-14    2
  -2.24246132E4  -8.55639331E1   5.06760022E0  5.02578503E-2 -1.94194905E-5    3
 -1.51329527E-9 1.78606654E-12  -1.56444688E4   9.43115563E0                   4
!NC6D1KET36O             C   6H   9O   2     G     300.0    5000.0  1545.0      1
!   2.02152009E1  2.28410853E-2 -7.90817561E-6   1.2381612E-9-7.22687091E-14    2
!  -1.99296648E4  -7.42679659E1   4.29576151E0  4.85756312E-2    -1.64732E-5    3
! -2.74867789E-9 1.91261829E-12   -1.3335041E4   1.51612287E1                   4
NC6D1KET64O             C   6H   9O   2     G   100.000  5000.000 1248.85      1 !rmgpy
 1.07248448E+01 3.94991256E-02-1.76105299E-05 3.34182258E-09-2.33290321E-13    2
-1.30538416E+04-1.97335329E+01 8.70679925E-01 7.10620191E-02-5.55215146E-05    3
 2.35799721E-08-4.28471532E-12-1.05926080E+04 2.99967747E+01                   4
NC6D1KET36O             C   6H   9O   2     G   100.000  5000.000 2993.77      1 !rmgpy
 6.74368332E+01-1.99151079E-02 4.79417705E-06-7.38609410E-10 4.99063888E-14    2
-5.72300609E+04-3.67772559E+02 3.70474927E+00 5.22414853E-02-2.48475042E-05    3
 4.41208525E-09-2.59122249E-13-1.32461221E+04 1.93092955E+01                   4
NC6D1KET63O             C   6H   9O   2     G     300.0    5000.0  1420.0      1
   2.20951173E1  2.05352103E-2 -6.96157983E-6  1.07509343E-9-6.21675019E-14    2
  -1.88721448E4  -8.41772576E1   4.28406007E0  5.61212459E-2 -3.00795468E-5    3
  5.57217963E-9  1.8801274E-13  -1.22538444E4   1.33316497E1                   4
!NC6D1KET64O             C   6H   9O   2     G     300.0    5000.0  1442.0      1
!   2.19192279E1  2.04828515E-2  -6.8997192E-6  1.06093612E-9-6.11627876E-14    2
!  -1.87553812E4  -8.30124878E1   3.94678629E0  5.79439888E-2 -3.34693029E-5    3
!   7.8392695E-9 -3.2115557E-13  -1.22337565E4   1.48263914E1                   4
NC6D1KET65O             C   6H   9O   2     G     300.0    5000.0  1379.0      1
   2.27745032E1  2.11053111E-2 -7.40692348E-6  1.17012298E-9 -6.8721485E-14    2
  -1.88099722E4  -8.79594292E1   2.90570112E0  6.10528591E-2 -3.49254516E-5    3
  8.14300999E-9-3.93309021E-13  -1.13194944E4    2.0950215E1                   4
C6H102-4                C   6H  10          G     298.0    5000.0 1407.73      1
    1.0486668E1  3.31371207E-2 -1.34646561E-5  2.50965553E-9-1.75650181E-13    2
   3.91038115E2  -2.86879919E1  -2.48902434E0  7.31352641E-2  -6.0185609E-5    3
  2.70761232E-8-5.08429316E-12   3.77925383E3   3.73441347E1                   4
C6H10D14                C   6H  10          G     300.0    5000.0  1393.0      1
   1.55241178E1  2.40819766E-2 -8.19325181E-6  1.26730804E-9-7.33300825E-14    2
   1.24995741E3  -5.49383757E1 -1.53027432E-2  5.84063974E-2 -3.69940602E-5    3
  1.22569324E-8 -1.6916745E-12   6.89669928E3   2.93057493E1                   4
C6H101-5                C   6H  10          G     300.0    5000.0  1413.0      1
    1.6045603E1  2.34774145E-2 -7.85797929E-6  1.20200542E-9-6.90100029E-14    2
   2.12537311E3  -5.88374564E1  -1.21046499E0  6.52237687E-2 -4.72810055E-5    3
  1.87420247E-8-3.20571254E-12   7.95992435E3   3.33283154E1                   4
C6H101-3   3/14/18      C   6H  10    0    0G   300.000  5000.000 1404.000    31  !Yang li 2018
 1.75504646E+01 2.21926053E-02-7.50506014E-06 1.15615134E-09-6.67085900E-14    2
-1.59499902E+03-6.76932799E+01-2.63290458E+00 7.51848145E-02-6.19659522E-05    3
 2.69142716E-08-4.73807562E-12 4.82956938E+03 3.86285109E+01                   4
P13DE1J                 C   5H   7          G     300.0    5000.0  1389.0      1
   1.43676393E1  1.51875082E-2 -5.11240132E-6 7.85949902E-10-4.53096515E-14    2
    3.2270426E4  -5.08239841E1 -2.65603577E-1  5.33899838E-2 -4.46001583E-5    3
  1.97683938E-8-3.56869556E-12   3.69958958E4   2.64183705E1                   4
CVCCJCVCC               C   6H   9          G     300.0    5000.0  1395.0      1
   1.52013029E1  2.22309311E-2 -7.55483869E-6  1.16770751E-9-6.75339847E-14    2
   1.82132003E4  -5.30955724E1 -5.12981942E-1  5.84647556E-2 -3.97047814E-5    3
  1.42793863E-8-2.14353635E-12   2.37511292E4   3.15228532E1                   4
CVCCVCCOJC              C   6H   9O   1     G     300.0    5000.0  1415.0      1
   2.03382957E1  1.95767387E-2 -6.55232398E-6  1.00253414E-9-5.75762883E-14    2
   4.16382964E3  -7.89350666E1  1.62097464E-2  7.29036456E-2 -6.04490535E-5    3
  2.57469469E-8-4.37967978E-12   1.05365057E4   2.79619707E1                   4
CVCCOJCVCC              C   6H   9O   1     G     300.0    5000.0  1442.0      1
   2.64248478E1  1.65594926E-2 -5.99857653E-6 9.67703203E-10-5.76643603E-14    2
   3.22633076E3  -1.17125585E2   2.74954699E0  5.90436882E-2 -2.62529972E-5    3
-5.17481127E-10  2.0198497E-12   1.24547627E4   1.41181888E1                   4
COOHCVCCVCC             C   6H  10O   2     G     300.0    5000.0  1404.0      1
   2.22998637E1  2.24376415E-2 -7.60083368E-6  1.17259806E-9-6.77370074E-14    2
  -1.28830949E4  -8.61403353E1  -2.36138934E0  8.80946251E-2 -7.56438386E-5    3
  3.34499378E-8-5.91584019E-12  -5.17316728E3   4.33672757E1                   4
COJCVCCVCC              C   6H   9O   1     G     300.0    5000.0  1673.0      1
   2.12015453E1  2.22810554E-2 -8.35158484E-6  1.38250347E-9-8.39670207E-14    2
   5.35868399E3  -8.60445846E1   3.43552705E0  5.76238381E-2 -3.08866781E-5    3
  5.94319748E-9-3.86142507E-14   1.17435958E4   1.10225582E1                   4
C6H9-A                  C   6H   9          G     300.0    5000.0  1400.0      1
   1.70842767E1  2.08842788E-2 -7.14529004E-6  1.10943563E-9-6.43676989E-14    2
   2.01166785E4  -6.39170634E1  -3.07057286E0  7.54999829E-2 -6.71873308E-5    3
  3.26685613E-8-6.63011558E-12   2.64815804E4   4.19081305E1                   4
C6H9-AOOH               C   6H  10O   2     G     300.0    5000.0  1391.0      1
    2.4670491E1  2.05432298E-2 -6.99075288E-6  1.08318953E-9-6.28062707E-14    2
  -1.10089465E4  -1.00127147E2  -2.06600474E0  8.82073643E-2 -7.31319619E-5    3
   3.0657786E-8-5.13959675E-12  -2.33411854E3   4.14715805E1                   4
C6H9-13-2               C   6H   9          G     100.0    5000.0  983.16      1
   1.21783916E1  2.69043937E-2 -9.63102666E-6  1.69265074E-9-1.16160079E-13    2
   2.51771241E4  -3.52097107E1   1.24989415E0  5.16259355E-2 -1.72294213E-5    3
 -1.35783538E-8 8.96029301E-12   2.82801097E4   2.21805526E1                   4
C6H9-13-3               C   6H   9          G     100.0    5000.0  983.16      1
   1.21783916E1  2.69043937E-2 -9.63102666E-6  1.69265074E-9-1.16160079E-13    2
   2.51771241E4  -3.52097107E1   1.24989415E0  5.16259355E-2 -1.72294213E-5    3
 -1.35783538E-8 8.96029301E-12   2.82801097E4   2.21805526E1                   4
C6H9-13-6               C   6H   9          G     100.0    5000.0  981.66      1
   1.34534735E1  2.46238821E-2 -8.90260895E-6  1.62162572E-9-1.15321982E-13    2
    2.5301905E4  -4.10364587E1   1.37849188E0  4.56519662E-2   2.0167226E-6    3
 -3.50305457E-8 1.66645975E-11   2.90301271E4   2.39092207E1                   4
C6H9-13-6O2             C   6H   9O   2     G     100.0    5000.0 1286.86      1
   1.51357075E1  3.11271601E-2  -1.2471976E-5  2.25498104E-9-1.53580332E-13    2
    8.2074494E3  -4.51659485E1  2.53328578E-1  7.73860375E-2 -6.63918772E-5    3
  3.01881732E-8-5.58012418E-12   1.20378096E4   3.03865436E1                   4
C2H3COCH2               C   4H   5O   1     G     100.0    5000.0  920.92      1
   1.30166268E1  9.83430014E-3 -2.17560742E-6 3.06839868E-10-2.11605877E-14    2
  -7.32165027E2  -4.13645786E1   1.98671687E0  3.59121188E-2 -9.09350318E-6    3
 -2.04262204E-8 1.25951122E-11   2.22507091E3   1.59656851E1                   4
C6H12-1          3/14/18C   6H  12    0   0G   300.000  5000.000 1395.000     41  !Yang li 2018
 1.76905422E+01 2.68441487E-02-9.13156375E-06 1.41232697E-09-8.17176824E-14    2
-1.42334221E+04-6.73458377E+01-4.31408744E-01 6.73523744E-02-4.35393302E-05    3
 1.46846079E-08-2.05130941E-12-7.71721826E+03 3.06936815E+01                   4
C6H12-2          3/14/18C   6H  12    0   0G   300.000  5000.000 1392.000     41  !Yang li 2018
 1.69531860E+01 2.74821616E-02-9.35401399E-06 1.44727810E-09-8.37614292E-14    2
-1.51419469E+04-6.36045346E+01-1.54649905E-01 6.39441414E-02-3.82402657E-05    3
 1.15621719E-08-1.40422571E-12-8.79639716E+03 2.96067060E+01                   4
C6H12-3          3/14/18C   6H  12    0   0G   300.000  5000.000 1394.000     41  !Yang li 2018
 1.69308018E+01 2.74599333E-02-9.33705184E-06 1.44364879E-09-8.35099555E-14    2
-1.51410297E+04-6.41457099E+01-4.50601680E-01 6.53386350E-02-4.04234624E-05    3
 1.29204235E-08-1.69947665E-12-8.77855997E+03 3.02581915E+01                   4
C6H111-3   3/14/18      C   6H  11    0    0G   300.000  5000.000 1397.000    31  !Yang li 2018
 1.73694537E+01 2.49922516E-02-8.49301336E-06 1.31272289E-09-7.59221486E-14    2
 2.72901619E+03-6.55129899E+01-9.14871918E-01 6.73523602E-02-4.61644037E-05    3
 1.66552125E-08-2.49204834E-12 9.13490810E+03 3.28438214E+01                   4
C6H111-4                C   6H  11          G     200.0    3000.0  1000.000    1 !\Author: KPS/SNE/SJK !\Comment: [C6H111-4] [-CONSULT MESSPF FOR LEVELS OF THEORY]
+5.34538156E+00+4.54565461E-02-2.20576103E-05+5.20574981E-09-4.84618951E-13    2
+1.48409663E+04+5.33953701E+00+7.86438074E+00+7.94615067E-04+1.17064045E-04    3
-1.53569603E-07+6.13120105E-11+1.56135599E+04+5.15970686E-01+0.00000000E+00    4
C6H111-5                C   6H  11          G     298.0    5000.0 1360.18      1
   9.18966331E0  3.66910422E-2 -1.48664074E-5  2.76527694E-9-1.93253061E-13    2
   1.28071307E4  -1.59746624E1  7.95867376E-1  5.71228406E-2 -3.21146361E-5    3
  8.44477132E-9-7.12866783E-13   1.54158463E4   2.84347352E1                   4
C6H111-6                C   6H  11          G     298.0    5000.0 1395.22      1
   9.93897544E0  3.64017228E-2  -1.4869012E-5  2.78092587E-9-1.95085546E-13    2
   1.41529625E4  -2.06516045E1 -3.61950732E-1  6.57935409E-2 -4.65151194E-5    3
  1.81467111E-8-3.05487535E-12   1.70347411E4   3.25272566E1                   4
C6H112-4   3/14/18      C   6H  11    0    0G   300.000  5000.000 1394.000    31  !Yang li 2018
 1.66312903E+01 2.56303976E-02-8.71537011E-06 1.34764360E-09-7.79634449E-14    2
 1.82117008E+03-6.17663676E+01-6.43295988E-01 6.39690032E-02-4.09048240E-05    3
 1.35575783E-08-1.85038828E-12 8.05647121E+03 3.17805057E+01                   4
C6H112-5                C   6H  11          G     200.0    3000.0  1000.000    1 !\Author: KPS/SNE/SJK !\Comment: [C6H112-5] [-CONSULT MESSPF FOR LEVELS OF THEORY]
+4.48754870E+00+4.65310941E-02-2.26288067E-05+5.34883211E-09-4.98455447E-13    2
+1.36349579E+04+9.19964997E+00+1.02340800E+01-1.19853994E-02+1.38289838E-04    3
-1.68151691E-07+6.48533851E-11+1.38118877E+04-1.09432638E+01+0.00000000E+00    4
C6H112-6                C   6H  11          G     200.0    3000.0  1000.000    1 !\Author: KPS/SNE/SJK !\Comment: [C6H112-6] [-CONSULT MESSPF FOR LEVELS OF THEORY]
+6.11057928E+00+4.43877950E-02-2.14418405E-05+5.04106830E-09-4.67772437E-13    2
+1.43266545E+04-5.67041967E-01+7.74323893E+00+7.20468612E-03+9.81405017E-05    3
-1.33012411E-07+5.35538140E-11+1.51338211E+04-1.94068762E+00+0.00000000E+00    4
C6H113-1                C   6H  11          G     200.0    3000.0  1000.000    1 !\Author: KPS/SNE/SJK !\Comment: [C6H113-1] [-CONSULT MESSPF FOR LEVELS OF THEORY]
+5.84421205E+00+4.46651844E-02-2.15710723E-05+5.07060035E-09-4.70467701E-13    2
+1.54514802E+04+9.80897840E-01+8.18211574E+00-1.96018067E-03+1.26987081E-04    3
-1.66500171E-07+6.68296125E-11+1.63395516E+04-2.45724295E+00+0.00000000E+00    4
!\Author: KPS/SNE/SJK !\Comment: [C6H113-3] [-CONSULT MESSPF FOR LEVELS OF THEORY]
C6H113-3                C   6H  11          G     200.0    3000.0  1000.0      1
   5.50176035E0  4.52907953E-2 -2.19653614E-5  5.17936726E-9-4.81661055E-13    2
   1.82211144E4   2.98540791E0   1.01467833E1 -8.42824917E-3  1.31806114E-4    3
 -1.64186996E-7 6.41872484E-11   1.85862641E4  -1.19797406E1                   4
C6H12OH-3J4             C   6H  13O   1     G     200.0    3000.0  1000.0      1 !\Author: KPS/SNE/SJK !\Comment: [C6H12OH-3J4] [-CONSULT MESSPF FOR LEVELS OF THEORY]
+8.47288053E+00+5.02088860E-02-2.41813719E-05+5.67924546E-09-5.27066797E-13    2
-2.16312232E+04-9.51365910E+00+8.52222786E+00+1.86750856E-02+8.65836516E-05    3
-1.25060751E-07+5.09323600E-11-2.04422309E+04-2.98810740E+00                   4
C6H12OH-2J3             C   6H  13O   1     G     300.0    5000.0  1402.0      1
   2.08484871E1  2.76635202E-2  -9.2546267E-6  1.41532103E-9-8.12482889E-14    2
  -2.64909939E4  -7.79883409E1  9.46955519E-1  7.62927654E-2 -5.64637371E-5    3
  2.34273917E-8-4.25937528E-12   -1.9751109E4   2.82458327E1                   4
C6H12OH-3J2             C   6H  13O   1     G     300.0    5000.0  1402.0      1
   2.08484871E1  2.76635202E-2  -9.2546267E-6  1.41532103E-9-8.12482889E-14    2
  -2.64909939E4  -7.79883409E1  9.46955519E-1  7.62927654E-2 -5.64637371E-5    3
  2.34273917E-8-4.25937528E-12   -1.9751109E4   2.82458327E1                   4
C6H12OH-2O2-3           C   6H  13O   3     G     300.0    5000.0  1409.0      1
    2.5846439E1  2.81918402E-2 -9.45730022E-6  1.44892549E-9-8.32798272E-14    2
  -4.67730091E4  -1.01011767E2  8.83255595E-1  9.42865174E-2 -7.90654123E-5    3
  3.60734602E-8-6.88969793E-12  -3.88612081E4   3.03775915E1                   4
C6H12OH-3O2-4           C   6H  13O   3     G     300.0    5000.0  1409.0      1
    2.5846439E1  2.81918402E-2 -9.45730022E-6  1.44892549E-9-8.32798272E-14    2
  -4.67730091E4  -1.01011767E2  8.83255595E-1  9.42865174E-2 -7.90654123E-5    3
  3.60734602E-8-6.88969793E-12  -3.88612081E4   3.03775915E1                   4
C6H12OH-3O2-2           C   6H  13O   3     G     300.0    5000.0  1409.0      1
    2.5846439E1  2.81918402E-2 -9.45730022E-6  1.44892549E-9-8.32798272E-14    2
  -4.67730091E4  -1.01011767E2  8.83255595E-1  9.42865174E-2 -7.90654123E-5    3
  3.60734602E-8-6.88969793E-12  -3.88612081E4   3.03775915E1                   4
C6H11OH2-2              C   6H  12O   1     G     300.0    5000.0  1395.0      1
    2.1680991E1  2.44275262E-2 -8.07264679E-6  1.22579493E-9 -7.0064519E-14    2
  -4.01367587E4  -8.68913364E1  2.29810064E-1   7.2482818E-2 -4.72585159E-5    3
  1.48028274E-8-1.70376648E-12  -3.26393736E4   2.87811924E1                   4
C6H11OH2-3              C   6H  12O   1     G     300.0    5000.0  1404.0      1
   1.96019208E1  2.64697331E-2 -8.81698074E-6  1.34452425E-9-7.70319133E-14    2
  -3.60351522E4  -7.37692486E1 -7.43598327E-1  7.61471354E-2 -5.54571049E-5    3
  2.13203234E-8-3.35795446E-12  -2.92307479E4   3.46570833E1                   4
C6H11OH3-1              C   6H  12O   1     G     300.0    5000.0  1405.0      1
   2.03701814E1  2.58415248E-2 -8.60632972E-6   1.3123254E-9-7.51863041E-14    2
  -3.51313132E4  -7.77077477E1 -7.46619106E-1   7.8260517E-2 -5.87213627E-5    3
  2.31751873E-8-3.72960594E-12  -2.81660708E4   3.45057817E1                   4
C6H11OH3-2              C   6H  12O   1     G     300.0    5000.0  1395.0      1
    2.1680991E1  2.44275262E-2 -8.07264679E-6  1.22579493E-9 -7.0064519E-14    2
  -4.01367587E4  -8.68913364E1  2.29810064E-1   7.2482818E-2 -4.72585159E-5    3
  1.48028274E-8-1.70376648E-12  -3.26393736E4   2.87811924E1                   4
C6H11OH2Q3-1            C   6H  13O   3     G     300.0    5000.0  1403.0      1
   2.94440874E1  2.56948061E-2  -8.8176409E-6  1.37250594E-9-7.97889028E-14    2
  -4.01036346E4  -1.20520545E2   2.66669096E0  8.79503466E-2 -6.29295208E-5    3
  2.21881955E-8-3.05790872E-12  -3.09193541E4   2.31536623E1                   4
C6H11OH2Q3-2            C   6H  13O   3     G     300.0    5000.0  1408.0      1
   2.64250135E1  2.74314294E-2 -9.22834546E-6   1.4165764E-9-8.15307917E-14    2
  -4.19474843E4   -1.0350413E2   1.88304033E0  9.15085912E-2 -7.43990496E-5    3
  3.18198697E-8-5.51253624E-12  -3.41323214E4   2.58498446E1                   4
C6H11OH2Q3-4            C   6H  13O   3     G     300.0    5000.0  1406.0      1
   2.72064681E1  2.71674829E-2 -9.22989186E-6  1.42679201E-9-8.25396354E-14    2
  -4.09110981E4  -1.07488662E2    2.6245043E0  8.41815777E-2 -5.87493807E-5    3
    2.049994E-8-2.82071512E-12  -3.24488662E4   2.44822194E1                   4
C6H11OH2Q3-5            C   6H  13O   3     G     300.0    5000.0  1424.0      1
   2.54123818E1  2.78687781E-2 -9.28983803E-6  1.41718629E-9-8.12123884E-14    2
  -4.01708021E4  -9.60259435E1   2.21014645E0  8.47974207E-2 -6.23210938E-5    3
  2.36224136E-8-3.59482441E-12    -3.251819E4   2.73910371E1                   4
C6H11OH2Q3-6            C   6H  13O   3     G     300.0    5000.0  1409.0      1
   2.62562255E1  2.75149618E-2 -9.24496822E-6  1.41798296E-9-8.15671514E-14    2
  -3.89159462E4  -1.01331375E2  8.30220801E-1   9.4065026E-2 -7.69223199E-5    3
  3.29127908E-8-5.68469153E-12  -3.08569779E4   3.25881145E1                   4
C6H11OH3Q2-1            C   6H  13O   3     G     300.0    5000.0  1408.0      1
   2.75072222E1  2.68825573E-2 -9.12471294E-6  1.40962721E-9-8.15090449E-14    2
  -3.96472233E4  -1.08895264E2    1.6710238E0  8.93593483E-2  -6.6603179E-5    3
  2.52755778E-8-3.84704351E-12  -3.10006182E4   2.89164645E1                   4
C6H11OH3Q2-3            C   6H  13O   3     G     300.0    5000.0  1403.0      1
   2.63498304E1  2.77585718E-2 -9.39811754E-6  1.44890344E-9-8.36457419E-14    2
  -4.23372402E4  -1.02244594E2   3.06872757E0  8.64896327E-2 -6.71967246E-5    3
  2.76721306E-8-4.66923682E-12  -3.46859785E4   2.12466543E1                   4
C6H11OH3Q2-4            C   6H  13O   3     G     300.0    5000.0  1409.0      1
   2.59439737E1  2.76030706E-2 -9.23564002E-6   1.4123442E-9-8.10680706E-14    2
  -3.94803309E4  -9.90490691E1    2.9521812E0  8.72051081E-2  -6.9343084E-5    3
  2.92026707E-8-5.00178619E-12  -3.21203829E4    2.2278142E1                   4
C6H11OH3Q2-5            C   6H  13O   3     G     300.0    5000.0  1424.0      1
   2.54123818E1  2.78687781E-2 -9.28983803E-6  1.41718629E-9-8.12123884E-14    2
  -4.01708021E4  -9.60259435E1   2.21014645E0  8.47974207E-2 -6.23210938E-5    3
  2.36224136E-8-3.59482441E-12    -3.251819E4   2.73910371E1                   4
!\COMMENT:
C6H11OJ3                C   6H  11O   1     G     300.0    5000.0  1392.0      1
   1.17915603E1  1.70296457E-2 -5.75444256E-6 8.86035114E-10-5.11070778E-14    2
  -9.70683178E3  -3.25532787E1   2.36191763E0  3.50400641E-2 -1.70487065E-5    3
   3.0907021E-9 2.80364847E-14  -6.02754073E3   1.95184512E1                   4
CHX                     C   6H  12          G     298.0    5000.0 1363.39      1
   8.86876478E0  4.59111187E-2  -1.9967825E-5  3.90020761E-9-2.82182195E-13    2
  -2.15744555E4  -3.11432348E1  -8.68246888E0  8.63828289E-2 -5.10955036E-5    3
  1.22237203E-8-5.31294645E-13  -1.59198389E4   6.24723885E1                   4
CHXRAD                  C   6H  11          G     298.0    5000.0 1367.47      1
   9.59088077E0  4.17733702E-2 -1.81332912E-5   3.5374644E-9-2.55721336E-13    2
   1.67008626E3  -3.16094139E1  -7.80715017E0  8.43204088E-2 -5.46824305E-5    3
   1.6193039E-8-1.62835066E-12   7.08332327E3   6.04206513E1                   4
CHXO2J                  C   6H  11O   2     G     298.0    5000.0 1369.25      1
   1.37355152E1  4.29311013E-2 -1.84122999E-5   3.5638301E-9-2.56259787E-13    2
  -1.75754325E4  -4.96976911E1  -6.97459293E0  9.77549464E-2 -7.14834786E-5    3
  2.58442904E-8 -3.6855374E-12  -1.14758629E4    5.8501561E1                   4
CHX1Q3J                 C   6H  11O   2     G     298.0    5000.0 1376.22      1
   1.50623687E1  4.06883631E-2 -1.73654375E-5  3.35061172E-9-2.40416255E-13    2
  -1.13875805E4  -5.45546071E1  -6.94019595E0  1.01945255E-1 -8.07977797E-5    3
  3.24663124E-8-5.27274912E-12  -5.14610156E3    5.9442839E1                   4
CYCHEXENE               C   6H  10          G     298.0    5000.0 1387.63      1
   7.99179203E0  3.89598936E-2 -1.65418222E-5  3.17851034E-9-2.27327762E-13    2
  -6.01498993E3  -2.17927008E1  -5.97795063E0   7.6609435E-2 -5.43761235E-5    3
  2.01624184E-8-3.14097713E-12  -1.92544045E3   5.10391836E1                   4
HEX5ENAL                C   6H  10O   1     G     298.0    5000.0 1370.86      1
   1.11838082E1  3.61465257E-2 -1.50516933E-5  2.85384174E-9-2.02192395E-13    2
  -2.09801825E4   -2.6774002E1   1.32677008E0  6.03721235E-2 -3.60622386E-5    3
  1.02786194E-8-1.05063002E-12  -1.79220175E4   2.53306846E1                   4
CYHX1N3OJ               C   6H   9O   1     G     298.0    5000.0 1380.72      1
   1.13671974E1   3.5083896E-2 -1.48016255E-5   2.8328074E-9-2.02074778E-13    2
  -4.96199358E2  -3.55509842E1  -3.77227463E0  7.68418834E-2 -5.76681844E-5    3
  2.23759479E-8-3.56929841E-12   3.83750528E3    4.3029223E1                   4
HX5ENAL4J               C   6H   9O   1     G     298.0    5000.0 1372.89      1
   1.13441499E1  3.35192511E-2 -1.39772003E-5   2.6529959E-9-1.88120386E-13    2
  -4.24060404E3  -2.76828045E1   7.8295425E-1  6.07054048E-2 -3.93285025E-5    3
  1.27694917E-8-1.63992377E-12  -1.06371382E3   2.77495857E1                   4
CYHX1N3J                C   6H   9          G     298.0    5000.0 1396.49      1
   8.83608236E0  3.47085726E-2 -1.46662428E-5  2.80915849E-9-2.00471848E-13    2
   9.96060668E3  -2.52193112E1   -5.8349579E0  7.71140604E-2  -6.1059631E-5    3
  2.57504501E-8-4.55224655E-12   1.40253299E4   5.03546882E1                   4
HX5ENAL1J               C   6H   9O   1     G     298.0    5000.0 1367.81      1
   1.13586528E1  3.30485217E-2 -1.37932353E-5  2.61951296E-9-1.85811068E-13    2
  -2.28585119E3  -2.62218901E1   2.10460422E0  5.55214959E-2 -3.28467933E-5    3
   9.0401798E-9-8.33781869E-13   6.04410253E2   2.27763167E1                   4
HX2N1AL6J               C   6H   9O   1     G     298.0    5000.0 1387.31      1
   1.13409666E1  3.30430461E-2 -1.37795809E-5  2.61494887E-9-1.85369059E-13    2
   2.17592555E3  -2.54994846E1    1.4530909E0  5.96795851E-2 -4.04997108E-5    3
  1.45666031E-8-2.22373861E-12    5.0693331E3    2.6050964E1                   4
IC6-3                   C   6H  13          G     300.0    5000.0  1399.0      1
   1.76918803E1  2.87079391E-2  -9.7177312E-6  1.49794653E-9-8.64662499E-14    2
  -6.83037894E3  -6.60149987E1 -1.06332871E-1  6.64118598E-2 -3.88050603E-5    3
   1.1046148E-8 -1.1735193E-12  -2.58318679E2   3.09499843E1                   4
IC6D2                   C   6H  12          G     300.0    5000.0  1391.0      1
   1.67173432E1  2.77327701E-2  -9.4533169E-6  1.46425458E-9-8.48139519E-14    2
  -1.68211019E4  -6.38929466E1  -1.41180086E0  6.56744984E-2  -3.8351088E-5    3
  1.08431829E-8-1.14697935E-12   -1.0056349E4   3.50816211E1                   4
IC3H7CHCO               C   5H   8O   1     G     300.0    5000.0  1403.0      1
   1.27999036E1  1.88236143E-2 -7.67164267E-6  1.48889832E-9-1.02670858E-13    2
  -2.62230789E4  -4.30669155E1   1.2931735E-1  5.08927115E-2 -3.94869422E-5    3
  1.60902182E-8-2.68900579E-12  -2.20526986E4   2.41325288E1                   4
IC6OOH3-2               C   6H  13O   2     G     300.0    5000.0  1399.0      1
   2.26746302E1  2.87386448E-2 -9.73083224E-6   1.5001707E-9-8.66004392E-14    2
  -2.05680516E4  -8.67064578E1   3.70469547E0   7.2301888E-2 -4.81516187E-5    3
  1.70383089E-8-2.52040538E-12  -1.38648185E4   1.55051053E1                   4
IC6O1-2                 C   6H  12O   1     G     300.0    5000.0  1417.0      1
    1.9986407E1  2.67788716E-2 -8.96822735E-6   1.3726259E-9-7.88454641E-14    2
  -3.08872212E4  -8.10350069E1  -3.13118477E0  8.33583436E-2 -6.16639677E-5    3
  2.34998348E-8-3.60202603E-12  -2.32326447E4   4.20093389E1                   4
IC6O2-3                 C   6H  12O   1     G     300.0    5000.0  1412.0      1
   2.11037266E1  2.62653465E-2 -8.88659835E-6  1.36977373E-9-7.90779249E-14    2
  -3.34696255E4  -8.94032876E1  -3.93908827E0  8.75947269E-2 -6.61476948E-5    3
  2.55302342E-8-3.95474691E-12   -2.5172478E4   4.38907514E1                   4
IC6D13                  C   6H  10          G     300.0    5000.0  1395.0      1
   1.66195804E1  2.33323794E-2 -7.97401582E-6  1.23713203E-9-7.17351135E-14    2
   -2.5060448E3  -6.45600515E1  -1.37056441E0   6.7330954E-2 -5.03614458E-5    3
  2.03121843E-8-3.42115776E-12   3.61505122E3   3.14758039E1                   4
I3C6D1-5                C   6H  11          G     300.0    5000.0  1398.0      1
   1.66110857E1  2.52471277E-2 -8.58934301E-6  1.32868114E-9-7.68901099E-14    2
   8.01581001E3  -5.92786504E1 -4.59832762E-1  6.08412541E-2 -3.50511287E-5    3
  9.34427858E-9-8.29144025E-13   1.43475465E4   3.38786051E1                   4
I3C6D3                  C   6H  12          G     300.0    5000.0  1392.0      1
   1.72611895E1  2.71307676E-2 -9.21555704E-6  1.42407568E-9-8.23524881E-14    2
  -1.60264531E4  -6.67804053E1  -1.24661445E0  6.76124917E-2 -4.23393767E-5    3
  1.34898469E-8 -1.7348014E-12  -9.30085978E3   3.36321323E1                   4
I3C6OOH4-3              C   6H  13O   2     G     300.0    5000.0  1390.0      1
    2.2356048E1  2.95342578E-2 -1.01214892E-5  1.57325923E-9-9.13464154E-14    2
  -1.83550707E4  -8.38006564E1   3.32796897E0  7.00287787E-2 -4.23232531E-5    3
  1.30004784E-8-1.62674278E-12   -1.1269633E4   1.99309984E1                   4
I3C6OOH3-4              C   6H  13O   2     G     300.0    5000.0  1397.0      1
   2.36424693E1  2.82818035E-2 -9.65376046E-6  1.49650637E-9-8.67250395E-14    2
  -2.04123801E4  -9.41540112E1   1.35635748E0  8.33424942E-2 -6.31977329E-5    3
  2.57636435E-8-4.36591292E-12  -1.28996678E4   2.45931734E1                   4
I3C6O3-4                C   6H  12O   1     G     300.0    5000.0  1417.0      1
    1.9986407E1  2.67788716E-2 -8.96822735E-6   1.3726259E-9-7.88454641E-14    2
  -3.08872212E4  -8.17244886E1  -3.13118477E0  8.33583436E-2 -6.16639677E-5    3
  2.34998348E-8-3.60202603E-12  -2.32326447E4   4.13198573E1                   4
XC6D1-1A                C   6H  11          G     300.0    5000.0  1394.0      1
   1.82273817E1  2.42130158E-2 -8.21782313E-6  1.26947616E-9 -7.3403867E-14    2
   8.27089027E2  -7.26415011E1  -2.20376461E0  7.24524365E-2 -5.18767839E-5    3
  1.93055826E-8-2.94210456E-12     7.853302E3   3.68750448E1                   4
XC6D1-1AO               C   6H  11O   1     G     300.0    5000.0  1374.0      1
   2.03650571E1  2.57933866E-2 -9.04282039E-6  1.42726634E-9-8.37614237E-14    2
  -9.19857036E3  -8.02464572E1   3.01781363E0  5.82417085E-2 -2.97517442E-5    3
  6.31316761E-9-3.12394105E-13  -2.21625477E3   1.60388099E1                   4
IC6D13-1AR              C   6H   9          G     300.0    5000.0  1394.0      1
   1.79405946E1  2.00276213E-2 -6.91533008E-6  1.08038189E-9-6.29532593E-14    2
   1.47698585E4  -7.14263476E1  -2.05117868E0  7.49568152E-2 -6.89350265E-5    3
  3.47811444E-8-7.30618168E-12   2.10800315E4   3.34084697E1                   4
NC5D124-5R              C   5H   5          G     300.0    5000.0  1399.0      1
   1.33964825E1  1.17782554E-2 -4.01970713E-6 6.23045129E-10-3.61029449E-14    2
   5.39142829E4  -4.46425477E1  3.27071362E-1  4.96606208E-2 -4.72787626E-5    3
  2.31750855E-8 -4.4770893E-12   5.77723151E4   2.30313267E1                   4
I3C6D15                 C   6H  10          G     100.0    5000.0 1020.64      1
   1.33829125E1  2.83659724E-2 -1.07662234E-5  1.95746961E-9-1.36587716E-13    2
   3.23169981E3  -4.20968205E1  9.97407073E-1  5.59779456E-2 -2.05889045E-5    3
 -1.17171411E-8 8.13406124E-12   6.84996947E3   2.32491298E1                   4
I3C6D15-3               C   6H   9          G     100.0    5000.0  965.66      1
   1.28508122E1  2.59267282E-2 -8.99835995E-6  1.59787336E-9-1.12287728E-13    2
   1.31757373E4  -4.12567561E1   1.45430356E0  4.38196186E-2  8.74276553E-6    3
 -4.20861672E-8 1.93355455E-11   1.67435469E4   2.04034832E1                   4
C2H5CO3                 C   3H   5O   3     G     300.0    5000.0  1000.0      1
   -8.4316063E0   4.7750685E-2  -2.0184867E-5   3.7543364E-9 -2.5770339E-13    2
   -2.1769566E4    8.2914917E1   -2.2556863E0   5.7826187E-2  -5.2041793E-5    3
   2.0459542E-8 -1.4303576E-12   -2.6306033E4    4.0830891E1                   4
IC6D13-5R               C   6H   9          G     300.0    5000.0  1382.0      1
   1.78725528E1  2.06681706E-2 -7.26966607E-6  1.14993259E-9-6.75901704E-14    2
   1.00441021E4  -7.13373645E1  -2.26644305E0  7.12231968E-2 -6.04960127E-5    3
  2.92882078E-8-6.19213446E-12   1.69429768E4   3.60837469E1                   4
I3C6D25                 C   6H  10          G     100.0    5000.0 2066.84      1
   2.01367276E1  2.52304781E-2 -1.14027891E-5  2.01769426E-9  -1.285287E-13    2
  -3.31895772E3  -8.68726947E1   1.96487117E0  5.04479533E-2 -2.24824144E-5    3
  3.26202938E-9 2.72337319E-15   6.31812987E3   1.91308839E1                   4
I3C6D15-4               C   6H   9          G     100.0    5000.0 1478.14      1
   1.11865869E1  2.82370678E-2 -1.04470518E-5  1.78734422E-9-1.16910144E-13    2
    2.8460967E4  -2.84949938E1    1.2205734E0  5.52060649E-2 -3.78148203E-5    3
  1.41306493E-8-2.20454627E-12   3.14072071E4   2.34798499E1                   4
I3C6D13-5               C   6H   9          G     100.0    5000.0  976.49      1
   1.44167504E1  2.39292378E-2  -8.4942212E-6  1.53261434E-9-1.08641481E-13    2
   1.68572202E4  -4.95702652E1   1.17193271E0  5.02485024E-2 -6.01122709E-6    3
 -2.94597469E-8 1.53266643E-11   2.07757723E4   2.08328953E1                   4
NC5D124                 C   5H   6          G     300.0    5000.0  1397.0      1
   1.34382792E1  1.43704398E-2 -4.93163431E-6  7.6725066E-10-4.45752103E-14    2
   2.41255564E4  -4.67161044E1 -3.70099423E-1  5.18371342E-2 -4.53217052E-5    3
  2.09320549E-8-3.89998628E-12   2.84641672E4   2.57024938E1                   4
I3C6D13-6               C   6H   9          G     100.0    5000.0  977.46      1
   1.41809264E1  2.37358272E-2 -8.42683979E-6  1.51941474E-9-1.07572668E-13    2
   2.50184591E4  -4.55893281E1   1.21032662E0  4.97372948E-2 -6.77597026E-6    3
 -2.79468811E-8 1.46773141E-11   2.88476336E4   2.33073773E1                   4
C5D2Y1-1R               C   5H   7O   1     G     300.0    5000.0  1390.0      1
   1.58396423E1  1.66571765E-2 -5.74155776E-6 8.96152306E-10-5.21898413E-14    2
  -5.43955462E3  -5.57243534E1  7.67163837E-1  5.23888982E-2 -3.85650887E-5    3
  1.48263722E-8-2.35263797E-12  -2.36668558E2   2.50746199E1                   4
C6D2Y1                  C   6H  10O   1     G     300.0    5000.0  1392.0      1
   1.95305471E1  2.32320952E-2  -7.9972199E-6  1.24699364E-9  -7.256875E-14    2
  -2.85719761E4  -7.57135584E1 -2.69585026E-1  6.98099901E-2 -5.04217305E-5    3
  1.90982509E-8-2.99716926E-12  -2.16923258E4   3.05709242E1                   4
C6D2Y1-1R               C   6H   9O   1     G     300.0    5000.0  1392.0      1
   1.91108039E1  2.11064142E-2  -7.2783819E-6  1.13627682E-9 -6.6181888E-14    2
  -9.60886866E3  -7.17888495E1  5.03660007E-1  6.50190464E-2 -4.73912739E-5    3
  1.80513164E-8-2.84079598E-12   -3.1639955E3   2.80316159E1                   4
L-C6H4                  C   6H   4          G     300.0    3000.0  1000.0      1
    1.2715182E1   1.3839662E-2   -4.376544E-6  3.1541636E-10  4.6619026E-14    2
    5.7031148E4     -3.94646E1   2.9590225E-1   5.8053318E-2  -6.7766756E-5    3
   4.3376762E-8 -1.1418864E-11    6.0001371E4     2.231897E1                   4
C-C6H4                  C   6H   4          G     300.0    3000.0  1000.0      1
    1.3849209E1    7.880792E-3   1.8243836E-6  -2.1169166E-9  3.7459977E-13    2
     4.744634E4   -5.0404953E1   -3.0991268E0   5.4030564E-2  -4.0839004E-5    3
   1.0738837E-8   9.807849E-13    5.2205711E4    3.7415207E1                   4
C6H3                    C   6H   3          G     300.0    3000.0  1000.0      1
    5.8188343E0   2.7933408E-2  -1.7825427E-5   5.3702536E-9 -6.1707627E-13    2
     8.518825E4  -9.2147827E-1    1.1790619E0    5.554736E-2  -7.3076168E-5    3
   5.2076736E-8 -1.5046964E-11    8.5647312E4    1.9179199E1                   4
C6H2                    C   6H   2          G     300.0    3000.0  1000.0      1
    1.3226281E1   7.3904302E-3  -2.2715381E-6  2.5875217E-10 -5.5356741E-15    2
    8.0565258E4   -4.1201176E1   -1.5932624E0   8.0530145E-2  -1.4800649E-4    3
   1.3300031E-7 -4.5332313E-11    8.3273227E4    2.7980873E1                   4
C6H5OO                  C   6H   5O   2     G     300.0    5000.0  1403.0      1
   1.67078262E1  1.62326229E-2  -5.4796963E-6  8.4351006E-10-4.86562431E-14    2
   8.14242915E3  -6.08346973E1  -2.99164672E0   7.0385715E-2 -6.34400574E-5    3
   2.9154892E-8-5.30706938E-12    1.4132024E4   4.20142955E1                   4
A1-C6H6                 C   6H   6          G     200.0    6000.0  1000.0      1
   1.10809576E1  2.07176746E-2 -7.52145991E-6  1.22320984E-9-7.36091279E-14    2
   4.30641035E3   -4.0041331E1  5.04818632E-1  1.85020642E-2  7.38345881E-5    3
 -1.18135741E-7 5.07210429E-11   8.55247913E3   2.16412893E1                   4
FULVENE                 C   6H   6          G     200.0    5000.0  1000.0      1
    1.1103525E1   2.0600685E-2  -7.5302224E-6   1.2388695E-9 -7.5415976E-14    2
    2.0361843E4   -3.6665197E1  -7.1813191E-1   3.7934312E-2   1.1398837E-5    3
  -4.1333503E-8  1.8055927E-11    2.4223825E4    2.7855714E1                   4
C6H5                    C   6H   5          G     200.0    6000.0  1000.0      1
   1.08444762E1  1.73212473E-2 -6.29233249E-6  1.02369961E-9-6.16216828E-14    2
   3.55598475E4  -3.53735134E1  2.10306633E-1  2.04745507E-2  5.89743006E-5    3
 -1.01534255E-7  4.4710566E-11   3.95468722E4   2.52910455E1                   4
OC6H4OH                 C   6H   5O   2     G     300.0    5000.0  1403.0      1
    2.2271821E1  1.21038561E-2 -4.18429526E-6 6.54475399E-10-3.81746504E-14    2
  -2.34827539E4  -9.61035467E1  -8.02205657E0   1.0940321E-1 -1.23489276E-4    3
  6.56286805E-8 -1.3152787E-11  -1.55949156E4   5.72175202E1                   4
O-C6H4O2                C   6H   4O   2     G     270.0    3000.0  1370.0      1
   1.23614349E1  2.40491397E-2 -1.16529057E-5  2.71332785E-9-2.47593219E-13    2
  -1.67079717E4  -4.00310857E1  -2.36179712E0  6.86058343E-2 -6.39129516E-5    3
  3.06903009E-8-5.97357785E-12  -1.26704431E4   3.53724482E1                   4
P-C6H4O2                C   6H   4O   2     G     270.0    3000.0  1370.0      1
   1.23423732E1   2.4061269E-2 -1.16565184E-5  2.71393504E-9-2.47643065E-13    2
  -2.06185312E4  -4.08244024E1  -2.43170113E0  6.87937608E-2 -6.41382837E-5    3
  3.08126855E-8-5.99832072E-12  -1.65696994E4    3.4830943E1                   4
O-OC6H5OJ               C   6H   5O   2     G     300.0    5000.0  1400.0      1
   1.84625733E1  1.57607263E-2 -5.44671499E-6  8.5176576E-10-4.96759541E-14    2
  -1.72770226E2  -7.28742484E1  -2.65459198E0  7.17179095E-2 -6.31552372E-5    3
  2.81132946E-8-4.97463333E-12    6.4528315E3   3.81123139E1                   4
P-C6H3O2                C   6H   3O   2     G     270.0    3000.0  1290.0      1
   1.22963699E1  2.15055142E-2 -1.07516136E-5  2.57528163E-9-2.41023652E-13    2
   1.15428998E4  -3.72584002E1  -1.57852347E0  6.55376473E-2 -6.50308721E-5    3
  3.32026554E-8-6.86665555E-12   1.51750093E4   3.31518638E1                   4
C6H5OH                  C   6H   6O   1     G     300.0    5000.0  1000.0      1
    1.4912073E1   1.8378135E-2  -6.1983128E-6  9.1983221E-10 -4.9209565E-14    2
   -1.8375199E4   -5.5924103E1   -1.6956539E0   5.2271299E-2   -7.202405E-6    3
  -3.5859603E-8  2.0449073E-11   -1.3284121E4     3.254216E1                   4
C6H5O                   C   6H   5O   1     G     200.0    6000.0  1000.0      1
    1.3722172E1  1.74688771E-2  -6.3550452E-6  1.03492308E-9-6.23410504E-14    2
   2.87274751E2   -4.8818168E1 -4.66204455E-1  4.13443975E-2  1.32412991E-5    3
 -5.72872769E-8 2.89763707E-11   4.77858391E3   2.76990274E1                   4
C6H4OH                  C   6H   5O   1     G     300.0    5000.0  1402.0      1
    1.7318756E1  1.36366984E-2 -4.68316332E-6 7.29071204E-10-4.23805358E-14    2
   1.14990276E4  -6.89986593E1  -5.99875435E0  8.59063379E-2 -9.12525636E-5    3
   4.7227589E-8-9.35576749E-12   1.78621926E4   4.99931427E1                   4
CVCCVCCOH               C   5H   8O   1     G     300.0    5000.0  1396.0      1
    1.6307967E1  1.79957763E-2 -6.03115896E-6 9.23992259E-10-5.31254053E-14    2
  -1.58204603E4  -5.84137244E1 -5.31488384E-1  6.06983915E-2 -4.81499862E-5    3
  2.00308244E-8-3.38987282E-12  -1.03301302E4   3.07961436E1                   4
C5H5OH                  C   5H   6O   1     G     300.0    5000.0  1398.0      1
   1.53433477E1  1.50754059E-2 -5.13553582E-6 7.95807816E-10-4.61311517E-14    2
  -1.19645453E4   -5.8520443E1  -4.26822012E0  6.62446749E-2 -5.68494038E-5    3
  2.46858526E-8-4.26820696E-12  -5.75581338E3    4.4796285E1                   4
C5H5O                   C   5H   5O   1     G     300.0    5000.0  1681.0      1
   1.34710763E1  1.61066202E-2 -5.99692863E-6 9.88445351E-10-5.98578582E-14    2
   1.89094075E4   -4.8047025E1   5.0309767E-1  4.22205299E-2 -2.23092668E-5    3
  3.59238942E-9 2.90334475E-13   2.35030042E4   2.25958568E1                   4
C5H4OH                  C   5H   5O   1     G     200.0    6000.0  1000.0      1
   1.33741248E1  1.51996469E-2 -5.45685046E-6 8.80944866E-10-5.27493258E-14    2
   2.20358027E3  -4.59569069E1  -1.28398054E0  4.90298511E-2 -1.35844414E-5    3
 -2.92983743E-8 1.90820619E-11   6.37364803E3   3.08073591E1                   4
C5H4O                   C   5H   4O   1     G     200.0    6000.0  1000.0      1
   1.00806824E1  1.61143465E-2 -5.83314509E-6  9.4675932E-10-5.68972206E-14    2
   1.94364771E3  -2.94521623E1  2.64576497E-1  3.34873827E-2   1.6773847E-6    3
 -2.96207455E-8 1.54431476E-11   5.11159287E3   2.35409513E1                   4
C5H3O                   C   5H   3O   1     G     300.0    3500.0  1500.0      1
   1.19961781E1  1.34287065E-2 -5.90045309E-6  1.22553862E-9-9.86114716E-14    2
    2.8959201E4  -4.07548249E1  -3.03242604E0  5.43937201E-2 -4.95018348E-5    3
  2.25523751E-8 -4.1072792E-12   3.35644081E4   3.78374823E1                   4
CJVCCVCCVO              C   5H   5O   1     G     300.0    5000.0  1396.0      1
   1.62360823E1  1.18297101E-2 -4.11454219E-6 6.46026823E-10-3.77767639E-14    2
   1.93499885E4  -5.83498817E1 -5.06628841E-1  6.04671965E-2 -5.97396749E-5    3
  2.96804228E-8 -5.7624001E-12   2.42765544E4   2.82994148E1                   4
CVCCVCCJVO              C   5H   5O   1     G     300.0    5000.0  1399.0      1
   1.53178248E1  1.27352911E-2 -4.35882964E-6 6.76912763E-10-3.92771371E-14    2
   7.60582726E3  -5.43599625E1 -2.18492198E-1  5.92100223E-2 -5.89241174E-5    3
   2.9741192E-8 -5.8524477E-12   1.20600764E4    2.5596853E1                   4
CJVCCVO                 C   3H   3O   1     G     298.0    5000.0  1392.9      1
   6.96038839E0  1.18316209E-2 -4.97857869E-6 9.50633138E-10-6.76830879E-14    2
   1.83186165E4  -8.63569518E0   3.06807099E0  2.25920298E-2  -1.6177468E-5    3
  6.21074861E-9-1.01962872E-12   1.94380516E4    1.1574471E1                   4
OC5H7O                  C   5H   7O   2     G     300.0    5000.0  1375.0      1
   1.65416953E1  1.86677673E-2 -6.44836048E-6  1.00787611E-9-5.87521858E-14    2
  -2.82017168E4  -5.47258181E1   4.88394767E0    4.034013E-2  -1.9777415E-5    3
  3.68903501E-9-3.40202384E-14  -2.35295942E4   9.97070337E0                   4
C5H6                    C   5H   6          G     200.0    6000.0  1000.0      1
    9.9757848E0   1.8905543E-2  -6.8411461E-6    1.109934E-9 -6.6680236E-14    2
    1.1081693E4   -3.2209454E1   8.6108957E-1   1.4804031E-2   7.2108895E-5    3
  -1.1338055E-7  4.8689972E-11    1.4801755E4    2.1353453E1                   4
C5H5                    C   5H   5          G    298.15    3500.0  969.35      1
   1.33675715E0  3.24793912E-2 -1.67587774E-5  4.03514137E-9-3.70739036E-13    2
   3.00730524E4   1.60315806E1  -3.97555452E0  7.41370991E-2 -1.11803345E-4    3
  9.04628776E-8-2.80999747E-11   3.01769405E4   3.67153636E1                   4
C5H6-L                  C   5H   6          G     300.0    5000.0  1372.0      1
   1.29600892E1  1.48953758E-2 -5.23622902E-6 8.27916389E-10-4.86464523E-14    2
     2.381808E4  -4.25312093E1   3.58448213E0  3.24459626E-2 -1.70150991E-5    3
  4.22715914E-9-4.18452556E-13   2.76514681E4   9.60644208E0                   4
C#CCVCCJ                C   5H   5          G     300.0    5000.0  1396.0      1
   1.41230912E1   1.1423319E-2 -3.95851276E-6 6.20128961E-10-3.62097887E-14    2
   4.25158384E4  -5.02942871E1 -6.16143558E-1  5.06466579E-2 -4.48561743E-5    3
  2.02459419E-8-3.64542145E-12   4.71532377E4   2.71623299E1                   4
C5H7                    C   5H   7          G     300.0    5000.0  1377.0      1
   1.36630213E1  1.68061358E-2 -5.98746539E-6 9.55341072E-10-5.64951981E-14    2
   1.27238941E4  -5.46331286E1  -6.75118368E0  6.06461693E-2 -4.01260152E-5    3
  1.22051562E-8-1.33459844E-12   2.01365277E4   5.62694938E1                   4
C5H5CH3                 C   6H   8          G     300.0    5000.0  1402.0      1
   1.57725728E1  1.97301063E-2 -6.71858742E-6  1.04012939E-9 -6.0231516E-14    2
    5.7014563E3  -6.32954681E1  -5.76814861E0  7.77873688E-2 -6.92840496E-5    3
  3.29483322E-8-6.48132295E-12    1.2451088E4   4.97658509E1                   4
C2-OOQOOH               C   2H   5O   4     G     300.0    3500.0  1800.0      1
   1.24323243E1  1.62358927E-2 -6.84260319E-6  1.39267431E-9-1.12911127E-13    2
  -1.87641105E4  -2.90906767E1   5.81911522E0  3.09319129E-2 -1.90892866E-5    3
    5.928483E-9-7.42884555E-13  -1.63833552E4   6.70139036E0                   4
BUTA123TRIENE           C   4H   4          G     100.0    5000.0   992.0      1
   7.69881395E0    1.271129E-2 -4.67313058E-6 8.44284855E-10-5.91380328E-14    2
   3.53226669E4  -1.57415651E1   2.81497256E0  2.11616601E-2  -4.5236871E-7    3
 -1.34151465E-8 6.41300854E-12   3.68448311E4   1.05691721E1                   4
IC5D1T3-1J              C   5H   5          G     298.0    5000.0 1377.15      1
   1.15919396E1   1.1665853E-2 -3.78375367E-6 5.92784748E-10-3.63276728E-14    2
   4.29354302E4  -3.34134086E1 -9.74208712E-2  4.96884685E-2 -4.98114902E-5    3
  2.51787867E-8-4.92786346E-12   4.57875897E4    2.5352338E1                   4
IC5T1                   C   5H   8          G     300.0    5000.0  1384.0      1
   1.31973375E1  1.95061668E-2 -6.76127846E-6  1.05894111E-9-6.18075262E-14    2
   9.80202959E3  -4.70337466E1   1.23624748E0  4.52758534E-2 -2.86210826E-5    3
  9.96433729E-9-1.54463451E-12   1.43300482E4   1.82388628E1                   4
HE                      HE  1               G    200.00   6000.00 1000.00      1
 2.50000000E+00 0.00000000E+00 0.00000000E+00 0.00000000E+00 0.00000000E+00    2
-7.45375000E+02 9.28723974E-01 2.50000000E+00 0.00000000E+00 0.00000000E+00    3
 0.00000000E+00 0.00000000E+00-7.45375000E+02 9.28723974E-01                   4
CC7H15                  C   7H  15          G   100.000  5000.000 1359.31      1
 1.37957864E+01 4.59731986E-02-1.86695931E-05 3.36037616E-09-2.26085710E-13    2
-7.58951917E+03-4.19342225E+01 2.45873499E-01 7.25460444E-02-3.33161164E-05    3
 3.34560589E-09 1.10047945E-12-2.67707010E+03 3.21155186E+01                   4
C6H102O4-6              C   6H  10O   1     G    100.00   5000.00  912.25      1
 1.33864013E+01 2.79985245E-02-7.23452509E-06 1.08433465E-09-7.23303359E-14    2
-1.16651016E+04-4.21603339E+01 1.57051531E+00 3.69809085E-02 4.84168836E-05    3
-9.10489053E-08 3.92801124E-11-7.72725184E+03 2.35266140E+01                   4
NC6D2KET45              C   6H  10O   3     G    298.00   5000.00 1394.10      1
 1.66239655E+01 3.74447025E-02-1.60975835E-05 3.11928912E-09-2.24410096E-13    2
-3.71720635E+04-5.09538746E+01 4.80450969E-01 8.28169257E-02-6.42695300E-05    3
 2.62531204E-08-4.50452451E-12-3.25884911E+04 3.26316845E+01                   4
C6H12OOH2-3O2           C   6H  13O   4     G    300.00   5000.00 1403.00      1
 2.83590321E+01 2.87735842E-02-9.78879765E-06 1.51428335E-09-8.76360651E-14    2
-3.91217364E+04-1.13411022E+02 2.15696694E+00 9.48384840E-02-7.60143157E-05    3
 3.31830422E-08-6.17517686E-12-3.04747979E+04 2.56929640E+01                   4
C6KET32O                C   6H  11O   2     G    300.00   5000.00 1381.00      1
 2.23075626E+01 2.54572934E-02-8.74888878E-06 1.36294097E-09-7.92726719E-14    2
-3.75257518E+04-8.59030695E+01 4.12858336E+00 5.94505275E-02-2.90441820E-05    3
 4.89197474E-09 9.83287656E-14-3.04054509E+04 1.46899879E+01                   4
C6KET32                 C   6H  12O   3     G    300.00   5000.00 1388.00      1
 2.78409221E+01 2.43352401E-02-8.23613901E-06 1.27151170E-09-7.35397855E-14    2
-5.65273476E+04-1.13486407E+02-3.10767276E-01 9.19830887E-02-7.10159988E-05    3
 2.85027261E-08-4.81891550E-12-4.70357359E+04 3.69180837E+01                   4
C6H12OOH3-2O2           C   6H  13O   4     G    300.00   5000.00 1403.00      1
 2.83590321E+01 2.87735842E-02-9.78879765E-06 1.51428335E-09-8.76360651E-14    2
-3.91217364E+04-1.13411022E+02 2.15696694E+00 9.48384840E-02-7.60143157E-05    3
 3.31830422E-08-6.17517686E-12-3.04747979E+04 2.56929640E+01                   4
C6KET34O                C   6H  11O   2     G    300.00   5000.00 1381.00      1
 2.23075626E+01 2.54572934E-02-8.74888878E-06 1.36294097E-09-7.92726719E-14    2
-3.75257518E+04-8.59030695E+01 4.12858336E+00 5.94505275E-02-2.90441820E-05    3
 4.89197474E-09 9.83287656E-14-3.04054509E+04 1.46899879E+01                   4
C6KET34                 C   6H  12O   3     G    300.00   5000.00 1388.00      1
 2.78409221E+01 2.43352401E-02-8.23613901E-06 1.27151170E-09-7.35397855E-14    2
-5.65273476E+04-1.13486407E+02-3.10767276E-01 9.19830887E-02-7.10159988E-05    3
 2.85027261E-08-4.81891550E-12-4.70357359E+04 3.69180837E+01                   4
C6KET31O                C   6H  11O   2     G    300.00   5000.00 1305.00      1
 2.20864552E+01 2.46779992E-02-8.28346973E-06 1.27113585E-09-7.31921565E-14    2
-3.61493911E+04-8.46129269E+01 4.83509392E+00 5.26356426E-02-1.74754902E-05    3
-2.84155825E-09 1.84424254E-12-2.91025006E+04 1.21464836E+01                   4
C6KET31                 C   6H  12O   3     G    300.00   5000.00 1513.00      1
 2.47427707E+01 2.65724465E-02-8.91511787E-06 1.36741583E-09-7.87033305E-14    2
-5.49935362E+04-9.61513375E+01 3.70032294E+00 6.78190516E-02-3.46884055E-05    3
 5.68392165E-09 4.33762631E-13-4.70787326E+04 1.93571023E+01                   4
NC6D3KET12              C   6H  10O   3     G    298.00   5000.00 1373.21      1
 1.48270532E+01 3.80621031E-02-1.60078516E-05 3.05620890E-09-2.17601657E-13    2
-3.28069473E+04-4.05882015E+01 2.68913568E+00 6.87845340E-02-4.39774288E-05    3
 1.38276040E-08-1.68003473E-12-2.91109003E+04 2.32926224E+01                   4
C6H102OOH4-5O2          C   6H  11O   4     G    298.00   5000.00 1399.16      1
 1.83679322E+01 3.84091023E-02-1.56926047E-05 2.93662082E-09-2.06139204E-13    2
-1.93844763E+04-5.58046320E+01 2.84157040E+00 8.50069914E-02-6.85091452E-05    3
 2.98390810E-08-5.41512620E-12-1.52380585E+04 2.35909578E+01                   4
C6H12-3OJ4              C   6H  12O   1     G   100.000  5000.000 1161.09      1
 1.40291140E+01 3.69837804E-02-1.47296123E-05 2.67502560E-09-1.83285885E-13    2
 3.91404806E+03-4.03688033E+01 3.82400325E-01 6.93856949E-02-3.77128985E-05    3
 5.03313707E-09 1.64260833E-12 8.06797826E+03 3.17483030E+01                   4
C3H6CHO-3               C   4H   7O   1     G   100.000  5000.000 1980.67      1
 1.30197151E+01 1.67045225E-02-5.99636445E-06 1.00043113E-09-6.37639672E-14    2
-6.61480953E+03-3.94773062E+01 2.60322874E+00 3.77409913E-02-2.19278288E-05    3
 6.36279196E-09-7.40606496E-13-2.48852047E+03 1.78951233E+01                   4
C6H103OOH1-2O2          C   6H  11O   4     G     298.0    5000.0 1392.31      1
   1.72750437E1  4.03613477E-2 -1.67414483E-5  3.16581908E-9-2.23879755E-13    2
  -1.72022321E4  -4.91106379E1   2.35950843E0  8.31520236E-2 -6.29809024E-5    3
  2.56331419E-8-4.39268729E-12  -1.30551146E4   2.78022165E1                   4
C6H12OOH3-1O2           C   6H  13O   4     G    300.00   5000.00 1394.00      1
 3.04683025E+01 2.77522708E-02-9.61137583E-06 1.50516303E-09-8.78680262E-14    2
-3.83377423E+04-1.25334947E+02 2.35558675E+00 9.14251798E-02-6.43200727E-05    3
 2.32096209E-08-3.56493598E-12-2.84440301E+04 2.62794442E+01                   4
C4H7CHO-3               C   5H   8O   1     G    300.00   5000.00 1372.00      1
 1.85624452E+01 1.77488565E-02-6.31409537E-06 1.00644898E-09-5.94751763E-14    2
-2.19071950E+04-7.39093473E+01-5.56352278E-01 5.72529209E-02-3.54056789E-05    3
 9.77878171E-09-8.99111821E-13-1.47673655E+04 3.05783957E+01                   4
C4H6CHO-1,3             C   5H   7O   1     G    300.00   5000.00 1370.00      1
 1.82128893E+01 1.54976186E-02-5.53773292E-06 8.85302860E-10-5.24233304E-14    2
-2.95615612E+03-7.03513763E+01-4.36035476E-02 5.37361340E-02-3.42933689E-05    3
 9.87849217E-09-9.84553336E-13 3.79679433E+03 2.92190034E+01                   4
C6H12O1-2               C   6H  12O   1     G    300.00   5000.00 1418.00      1
 2.09805167E+01 2.61456832E-02-8.79805046E-06 1.35121022E-09-7.78107305E-14    2
-2.91288001E+04-8.58543744E+01-5.51446460E+00 9.32860106E-02-7.48234241E-05    3
 3.14726957E-08-5.47818653E-12-2.05619041E+04 5.44251123E+01                   4
C6H111-2                C   6H  11          G     300.0    5000.0  1392.0      1
   1.73843784E1  2.49587142E-2 -8.56865017E-6  1.33344337E-9-7.74840664E-14    2
   1.36680556E4  -6.41256465E1  3.42329581E-1  6.32251837E-2 -4.17414625E-5    3
  1.46638977E-8-2.18217603E-12   1.98292126E4    2.8095572E1                   4
END